FENGYUN 1C              
1 25730U 99025A   26274.44927220  .00000986  00000+0  42155-3 0  9995
2 25730  98.8566 349.3609 0012085 316.0512  43.9706 14.27292877413117
FENGYUN 1C DEB          
1 29733U 99025X   26274.51707008  .00000429  00000+0  77704-3 0  9990
2 29733  99.2045 290.9382 0564249 245.6382 276.1788 12.96928718929145
FENGYUN 1C DEB          
1 29734U 99025Y   26274.34140148  .00002108  00000+0  34012-2 0  9998
2 29734  99.1653 161.5376 0612945  59.8309   3.2264 12.92175310923260
FENGYUN 1C DEB          
1 29735U 99025Z   26274.13101130 -.00000224  00000+0 -31459-3 0  9996
2 29735  99.3793 145.5142 0697566 247.2022 105.3957 12.75901419911435
FENGYUN 1C DEB          
1 29736U 99025AA  26274.28979469  .00001355  00000+0  30397-2 0  9994
2 29736  99.4382  43.1703 0724600 290.6944  89.3836 12.57824562902229
FENGYUN 1C DEB          
1 29737U 99025AB  26274.25315722 -.00000583  00000+0 -11250-2 0  9999
2 29737  99.5746 186.3588 0691023 225.5097 295.1360 12.66264099905702
FENGYUN 1C DEB          
1 29738U 99025AC  26274.30513801  .00000382  00000+0  56083-3 0  9993
2 29738  99.4179  33.4781 0846880  18.2534 344.7091 12.62471517899070
FENGYUN 1C DEB          
1 29740U 99025AE  26274.30594211  .00001194  00000+0  31862-2 0  9999
2 29740  99.0653  47.7217 0971282 334.6637  20.9649 12.08739848864698
FENGYUN 1C DEB          
1 29741U 99025AF  26274.40821910  .00000920  00000+0  23728-2 0  9998
2 29741  99.1874  70.9550 1025402 208.9283 175.4564 12.01767181556984
FENGYUN 1C DEB          
1 29748U 99025AN  26274.58112778 -.00003414  00000+0 -29728-1 0  9997
2 29748 100.1522 137.5059 0554495 195.4907 162.8543 11.92625193822224
FENGYUN 1C DEB          
1 29750U 99025AQ  26274.31112775  .00000159  00000+0  11409-3 0  9998
2 29750  98.7276 299.9923 0035851 191.0444 180.3782 14.09866888 11843
FENGYUN 1C DEB          
1 29751U 99025AR  26274.02027850  .00000143  00000+0  77844-4 0  9995
2 29751  98.5156 298.0858 0089000   8.6182  21.0629 14.23829969 22313
FENGYUN 1C DEB          
1 29754U 99025AU  26274.54422728  .00000959  00000+0  46790-3 0  9998
2 29754  98.8957  23.3603 0036623 122.5577 252.3373 14.20080675 14958
FENGYUN 1C DEB          
1 29758U 99025AY  26274.34891383  .00003259  00000+0  94638-3 0  9997
2 29758  98.8684  46.7098 0021199 161.1072 254.5995 14.44924362 18939
FENGYUN 1C DEB          
1 29760U 99025BA  26274.46249879  .00000005  00000+0  25270-4 0  9993
2 29760  98.7715 273.4845 0131526  67.9422 293.5657 14.08467091 12127
FENGYUN 1C DEB          
1 29762U 99025BC  26274.42143902  .00000179  00000+0  81329-4 0  9990
2 29762  98.6106 255.3919 0202763 204.4725 310.3762 14.22952456 21056
FENGYUN 1C DEB          
1 29763U 99025BD  26274.39541228  .00000312  00000+0  19282-3 0  9997
2 29763  98.7949 250.8462 0128354  75.8546  78.1874 14.08079066 11693
FENGYUN 1C DEB          
1 29765U 99025BF  26274.31852775  .00000114  00000+0  10068-3 0  9996
2 29765  98.8165 288.1180 0058212 357.6918  15.5149 14.02214734  8420
FENGYUN 1C DEB          
1 29766U 99025BG  26274.34848323  .00001051  00000+0  70643-3 0  9990
2 29766  98.7011 213.5217 0142503 194.6162 289.3280 13.97926810998917
FENGYUN 1C DEB          
1 29767U 99025BH  26272.79638661  .00002063  00000+0  80500-3 0  9997
2 29767  98.2193 219.4106 0324467 310.6532 108.0013 14.05631723996867
FENGYUN 1C DEB          
1 29769U 99025BK  26274.14180249  .00001308  00000+0  67538-3 0  9991
2 29769  99.0859 341.6392 0090393  26.5085 334.0670 14.14760549  8106
FENGYUN 1C DEB          
1 29770U 99025BL  26274.20764506  .00001362  00000+0  62767-3 0  9993
2 29770  98.8322 354.8758 0062930 152.4141 264.3786 14.21687499 12377
FENGYUN 1C DEB          
1 29771U 99025BM  26274.46121210  .00078129  00000+0  36405-2 0  9995
2 29771  99.6080 190.4372 0004418 248.7372 111.3384 15.19552808374960
FENGYUN 1C DEB          
1 29772U 99025BN  26274.47490912  .00001302  00000+0  78071-3 0  9990
2 29772  98.3723 106.0155 0135782 180.8395 209.4984 14.04054286  2810
FENGYUN 1C DEB          
1 29773U 99025BP  26274.41955425  .00000447  00000+0  19643-3 0  9999
2 29773  99.0223  81.9857 0047369 163.4917 228.1617 14.28039634 23735
FENGYUN 1C DEB          
1 29774U 99025BQ  26274.35063236  .00000182  00000+0  10074-3 0  9998
2 29774  99.1090 229.0696 0050573   7.9112 144.7318 14.22951085 22372
FENGYUN 1C DEB          
1 29776U 99025BS  26274.33743204  .00000081  00000+0  72532-4 0  9994
2 29776  98.7462 297.3184 0024143 163.4128 211.4957 14.07914761 11979
FENGYUN 1C DEB          
1 29777U 99025BT  26274.46070112  .00000171  00000+0  16213-3 0  9993
2 29777  99.2438 336.0661 0093649 138.0587 237.8996 13.92196218  1138
FENGYUN 1C DEB          
1 29779U 99025BV  26274.49454306  .00000206  00000+0  12883-3 0  9997
2 29779  98.6734 281.9763 0063958  50.3130 310.3659 14.13679801 15498
FENGYUN 1C DEB          
1 29780U 99025BW  26274.26506997  .00001907  00000+0  86212-3 0  9994
2 29780  99.2827 215.3679 0043014  20.3351 339.9526 14.22863382 12339
FENGYUN 1C DEB          
1 29781U 99025BX  26274.47345079  .00000338  00000+0  22761-3 0  9996
2 29781  98.8284 265.7637 0073005  72.7878  77.8532 14.05764232  7539
FENGYUN 1C DEB          
1 29782U 99025BY  26274.17630806  .00001037  00000+0  57491-3 0  9994
2 29782  99.0796 336.8288 0054807 102.5521 280.6942 14.12744115  7983
FENGYUN 1C DEB          
1 29784U 99025CA  26274.33894925  .00000536  00000+0  21631-3 0  9998
2 29784  98.9534 206.7693 0059165 163.2986 313.7070 14.31215452 25415
FENGYUN 1C DEB          
1 29786U 99025CC  26274.30570149  .00000048  00000+0  50563-4 0  9991
2 29786  98.7235 287.4726 0077459 194.2738 178.8870 14.09240692 12807
FENGYUN 1C DEB          
1 29788U 99025CE  26274.46215372  .00001679  00000+0  69182-3 0  9991
2 29788  98.7671 351.9343 0040715  60.6054   2.8796 14.27768477 15315
FENGYUN 1C DEB          
1 29789U 99025CF  26274.45983313  .00000794  00000+0  92072-3 0  9999
2 29789  99.4649  90.2156 0295927 259.3276 125.6285 13.54956201969514
FENGYUN 1C DEB          
1 29790U 99025CG  26274.31394108  .00000350  00000+0  14187-3 0  9993
2 29790  99.1510 289.5234 0076868  48.7282 312.0487 14.32706495 27154
FENGYUN 1C DEB          
1 29791U 99025CH  26274.55776240  .00002223  00000+0  45389-3 0  9990
2 29791  99.0277 306.2768 0037362 248.5433 265.6698 14.61643811 31197
FENGYUN 1C DEB          
1 29792U 99025CJ  26274.10634909  .00001192  00000+0  61709-3 0  9995
2 29792  98.7325 324.2113 0047470 278.5026  81.0770 14.16230131 10773
FENGYUN 1C DEB          
1 29793U 99025CK  26263.24568367  .00001080  00000+0  67563-3 0  9993
2 29793  98.3794  63.8275 0138903 263.7166 222.9898 14.01980339    17
FENGYUN 1C DEB          
1 29794U 99025CL  26274.32126748  .00000712  00000+0  38413-3 0  9991
2 29794  98.2356  52.5848 0154507 279.9132 107.6324 14.09653185  9580
FENGYUN 1C DEB          
1 29795U 99025CM  26274.29574087  .00000125  00000+0  12191-3 0  9994
2 29795  98.9088  37.1291 0111684 194.0110 195.8596 13.93026623  1263
FENGYUN 1C DEB          
1 29796U 99025CN  26274.39460742  .00000605  00000+0  34341-3 0  9992
2 29796  98.8342 327.7399 0052845 158.1465 215.7982 14.12973840 11918
FENGYUN 1C DEB          
1 29798U 99025CQ  26274.15479866  .00001296  00000+0  85721-3 0  9990
2 29798  99.2926 347.6721 0108476 192.4754 197.7020 14.00612617   163
FENGYUN 1C DEB          
1 29800U 99025CS  26273.45648409  .00002073  00000+0  13301-2 0  9995
2 29800  98.2822 272.4498 0132180 124.4978  30.4832 13.99985555996562
FENGYUN 1C DEB          
1 29801U 99025CT  26274.58948009  .00000178  00000+0  72570-4 0  9999
2 29801  98.7765 186.3092 0104341 122.6932 358.1136 14.36145349 31439
FENGYUN 1C DEB          
1 29802U 99025CU  26274.31315148  .00007298  00000+0  12111-2 0  9996
2 29802  98.6359  43.4190 0033113 148.7960 276.7162 14.70141849 27605
FENGYUN 1C DEB          
1 29804U 99025CW  26274.50968215 -.00000275  00000+0 -13986-3 0  9990
2 29804  98.8060 278.8700 0097475 201.1219 311.2076 14.04389321  9987
FENGYUN 1C DEB          
1 29805U 99025CX  26274.63006265  .00000048  00000+0  88123-4 0  9995
2 29805  99.4143 326.5528 0188402 186.7712 173.0886 13.72738911987214
FENGYUN 1C DEB          
1 29806U 99025CY  26274.49752539  .00000464  00000+0  27328-3 0  9993
2 29806  98.7024 286.9450 0029306 138.0639  17.0663 14.12483449 12670
FENGYUN 1C DEB          
1 29807U 99025CZ  26274.47059052  .00000030  00000+0  41279-4 0  9993
2 29807  98.7606 275.7750 0078927 223.9673 135.5201 14.08873930 12128
FENGYUN 1C DEB          
1 29809U 99025DB  26274.46401020  .00000241  00000+0  74580-4 0  9995
2 29809  98.8957 257.1707 0114845 192.0150 320.9151 14.47114380 37000
FENGYUN 1C DEB          
1 29810U 99025DC  26274.11065723  .00000282  00000+0  12662-3 0  9992
2 29810  99.1686 331.6616 0065589 254.5997 134.8470 14.29468998 25511
FENGYUN 1C DEB          
1 29812U 99025DE  26274.44129662  .00000739  00000+0  45956-3 0  9992
2 29812  98.3637  84.2944 0141955 219.7555 168.5234 14.02917468  1552
FENGYUN 1C DEB          
1 29813U 99025DF  26274.51266045  .00000103  00000+0  82861-4 0  9990
2 29813  98.7116 290.1029 0013524 114.7903  38.9797 14.09524806 13848
FENGYUN 1C DEB          
1 29815U 99025DH  26274.48067037  .00001566  00000+0  23676-3 0  9990
2 29815  98.0533 282.0979 0175950 291.3216  66.9285 14.65853728 41373
FENGYUN 1C DEB          
1 29816U 99025DJ  26274.61198865  .00002473  00000+0  50063-3 0  9998
2 29816  98.9556 156.8065 0232223  23.6284   5.8789 14.46693706 24188
FENGYUN 1C DEB          
1 29817U 99025DK  26274.46199573  .00000321  00000+0  18888-3 0  9998
2 29817  98.5842 256.9111 0010835 254.3919 257.7464 14.14590296 15316
FENGYUN 1C DEB          
1 29818U 99025DL  26274.49130968 -.00000038  00000+0  27134-5 0  9997
2 29818  98.6791 144.8258 0113344 283.2888 196.2833 14.04679115  9141
FENGYUN 1C DEB          
1 29819U 99025DM  26274.44369304  .00000222  00000+0  14742-3 0  9994
2 29819  98.7653 251.7597 0190041 328.6788 183.3536 14.02474363  7237
FENGYUN 1C DEB          
1 29820U 99025DN  26274.49229705  .00000219  00000+0  16442-3 0  9996
2 29820  98.8339 277.8466 0072749 140.4333  11.5434 14.02988477  6600
FENGYUN 1C DEB          
1 29821U 99025DP  26274.38929547  .00001008  00000+0  30039-3 0  9991
2 29821  98.8367 331.3325 0370974  10.4937  46.2536 14.12232773  6407
FENGYUN 1C DEB          
1 29827U 99025DV  26274.43545199  .00000284  00000+0  14756-3 0  9993
2 29827  98.6249 263.7620 0025085 189.5844 325.1794 14.22045946 20126
FENGYUN 1C DEB          
1 29828U 99025DW  26274.39978481  .00000495  00000+0  30607-3 0  9990
2 29828  98.7449 316.3910 0061296  51.8129 321.6250 14.08792901  8508
FENGYUN 1C DEB          
1 29832U 99025EA  26274.30544864  .00000407  00000+0  80929-4 0  9996
2 29832  98.8531  48.3507 0192863 110.7775 251.4202 14.57069921 45159
FENGYUN 1C DEB          
1 29833U 99025EB  26274.07710289  .00004227  00000+0  34847-3 0  9998
2 29833  99.0745 307.0481 0080318  38.5552 322.1364 14.97242582 49381
FENGYUN 1C DEB          
1 29835U 99025ED  26274.41517039  .00000204  00000+0  65858-4 0  9994
2 29835  99.0687  66.0529 0165902 249.0350 134.0126 14.43576875 37155
FENGYUN 1C DEB          
1 29836U 99025EE  26274.23654295  .00000608  00000+0  13070-3 0  9997
2 29836  98.1875   9.1944 0152360  18.0278  10.4933 14.55224775678089
FENGYUN 1C DEB          
1 29841U 99025EK  26274.38226031  .00000309  00000+0  78667-4 0  9994
2 29841  98.8556 239.4460 0198537 174.7929 338.4901 14.47277267 35527
FENGYUN 1C DEB          
1 29842U 99025EL  26274.23675648  .00001640  00000+0  30666-3 0  9996
2 29842  98.5672  17.3167 0102476 340.2636  49.1334 14.63071252 36210
FENGYUN 1C DEB          
1 29843U 99025EM  26274.55421500  .00000262  00000+0  10166-3 0  9990
2 29843  99.0112 128.3073 0191738 162.0631 229.0499 14.28974169 24532
FENGYUN 1C DEB          
1 29844U 99025EN  26274.56913125  .00000852  00000+0  28368-3 0  9999
2 29844  98.9216 189.7570 0167625  31.9259 329.1951 14.32742181 25344
FENGYUN 1C DEB          
1 29845U 99025EP  26274.44266123  .00000404  00000+0  17825-3 0  9995
2 29845  98.5323 272.3628 0076918 355.4829 162.1889 14.27014584 22822
FENGYUN 1C DEB          
1 29846U 99025EQ  26274.35913880  .00000100  00000+0  65456-4 0  9992
2 29846  98.6174 313.7733 0084776 179.3945 192.9653 14.19241938 20080
FENGYUN 1C DEB          
1 29847U 99025ER  26274.47776734 -.00000060  00000+0 -96084-5 0  9990
2 29847  98.9195 269.3337 0083740 303.7032 208.5142 14.03177747  8412
FENGYUN 1C DEB          
1 29848U 99025ES  26274.08227159  .00001247  00000+0  54605-3 0  9997
2 29848  98.2233 126.2752 0114438 158.5359   2.9968 14.21858875 12547
FENGYUN 1C DEB          
1 29849U 99025ET  26274.47982847  .00001040  00000+0  64651-3 0  9996
2 29849  99.0014   1.8573 0079080 307.5433 113.3459 14.05772781  4822
FENGYUN 1C DEB          
1 29850U 99025EU  26274.20841366  .00000448  00000+0  30974-3 0  9991
2 29850  98.1123 173.4001 0105888 176.5055 346.1067 14.00729921  1132
FENGYUN 1C DEB          
1 29851U 99025EV  26274.38370435  .00000185  00000+0  19253-3 0  9990
2 29851  99.5455 325.3189 0142120 174.3898 251.2253 13.83790322994140
FENGYUN 1C DEB          
1 29852U 99025EW  26274.33728323  .00001407  00000+0  77836-3 0  9998
2 29852  99.3592 300.0897 0133104  60.4031 314.7224 14.08665288   975
FENGYUN 1C DEB          
1 29853U 99025EX  26274.24779174  .00000425  00000+0  31115-3 0  9998
2 29853  98.4729  16.6743 0159894 129.2938 232.2530 13.94589790997451
FENGYUN 1C DEB          
1 29854U 99025EY  26274.38307339  .00000190  00000+0  19410-3 0  9997
2 29854  98.9666  66.3633 0145790 342.9964  45.1806 13.83556904993902
FENGYUN 1C DEB          
1 29855U 99025EZ  26274.23415351  .00001477  00000+0  84295-3 0  9998
2 29855  98.1820 191.5903 0178620 295.3014 222.5474 14.03331144998124
FENGYUN 1C DEB          
1 29856U 99025FA  26274.56609853  .00009527  00000+0  14606-2 0  9999
2 29856  98.6917  24.3826 0235515 126.2707 355.9201 14.56859604  6271
FENGYUN 1C DEB          
1 29857U 99025FB  26274.41781753  .00000764  00000+0  64267-3 0  9997
2 29857  98.4364 256.1425 0189430 215.3104 143.5385 13.82762416988197
FENGYUN 1C DEB          
1 29858U 99025FC  26274.23831494  .00000593  00000+0  54630-3 0  9999
2 29858  99.2161  12.5130 0194207   9.6934  18.8972 13.78513562985837
FENGYUN 1C DEB          
1 29859U 99025FD  26274.41876927  .00001536  00000+0  11983-2 0  9991
2 29859  98.3530  77.8022 0292944 141.4761 220.7702 13.75221329980016
FENGYUN 1C DEB          
1 29860U 99025FE  26274.52885340  .00001349  00000+0  11447-2 0  9991
2 29860  98.5999 286.5499 0216742 273.9610 240.1623 13.78872007981727
FENGYUN 1C DEB          
1 29865U 99025FK  26274.36407721  .00003504  00000+0  36657-3 0  9997
2 29865  98.9329 224.9119 0107233 292.7067 219.4961 14.86287810 51002
FENGYUN 1C DEB          
1 29866U 99025FL  26274.46359353  .00001583  00000+0  23106-3 0  9996
2 29866  98.0651 259.2120 0192151  11.1513 139.2121 14.65440283 46123
FENGYUN 1C DEB          
1 29868U 99025FN  26274.57717402  .00002959  00000+0  28088-3 0  9995
2 29868  97.9106 322.0348 0187741 132.5507 229.1728 14.81897814 46282
FENGYUN 1C DEB          
1 29869U 99025FP  26274.40905076  .00000395  00000+0  14230-3 0  9990
2 29869  98.8959 219.2377 0085388 227.3430 258.3421 14.37419258 30190
FENGYUN 1C DEB          
1 29870U 99025FQ  26274.40088947  .00000064  00000+0  38864-4 0  9994
2 29870  98.4996 242.4335 0120946  51.6855  98.5175 14.29076133 27716
FENGYUN 1C DEB          
1 29871U 99025FR  26274.44418681  .00001434  00000+0  42457-3 0  9995
2 29871  99.0027 248.7497 0056079 320.6925 191.7592 14.44205330 29248
FENGYUN 1C DEB          
1 29872U 99025FS  26274.01040504  .00000711  00000+0  17521-3 0  9995
2 29872  98.3340 287.4716 0233477 153.5411 207.7924 14.40048474 27969
FENGYUN 1C DEB          
1 29873U 99025FT  26274.19515416  .00000174  00000+0  14816-3 0  9991
2 29873  99.4070 147.2693 0092578 123.2096 355.3388 13.98421712  4025
FENGYUN 1C DEB          
1 29874U 99025FU  26274.64844664  .00002139  00000+0  77357-3 0  9994
2 29874  98.3630 165.8482 0095932 203.0943 187.0836 14.31945072 10318
FENGYUN 1C DEB          
1 29875U 99025FV  26274.63461314  .00000009  00000+0  21115-4 0  9997
2 29875  98.3635 317.9766 0080966 284.4282 228.6737 14.24934845 24864
FENGYUN 1C DEB          
1 29876U 99025FW  26274.36182358  .00000110  00000+0  68957-4 0  9994
2 29876  98.2943 312.4605 0060140 242.5249 130.3262 14.20457256 20701
FENGYUN 1C DEB          
1 29877U 99025FX  26274.49906775  .00000498  00000+0  22684-3 0  9991
2 29877  98.5414 276.9739 0047388  84.6509  66.3286 14.25344255 21381
FENGYUN 1C DEB          
1 29880U 99025GA  26274.13604265  .00000875  00000+0  54420-3 0  9997
2 29880  98.1782 165.0954 0231166   2.0628 158.8293 13.94838069996372
FENGYUN 1C DEB          
1 29881U 99025GB  26273.81572809  .00001528  00000+0  15655-2 0  9992
2 29881  98.7341 219.9506 0292273  30.1869  24.7938 13.60590085972059
FENGYUN 1C DEB          
1 29884U 99025GE  26274.19220023  .00000853  00000+0  27725-3 0  9997
2 29884  99.5756 347.7829 0042661  10.0092  15.4790 14.41334414 27616
FENGYUN 1C DEB          
1 29885U 99025GF  26274.28553899  .00000147  00000+0  92159-4 0  9998
2 29885  98.3669 195.5790 0118938  42.7121 107.6527 14.13737434 15919
FENGYUN 1C DEB          
1 29887U 99025GH  26274.21526649  .00001576  00000+0  36345-3 0  9997
2 29887  98.7044   3.6195 0281992 214.3898 163.2939 14.35256528 21678
FENGYUN 1C DEB          
1 29888U 99025GJ  26274.11330497  .00000505  00000+0  18068-3 0  9994
2 29888  99.1716 123.4413 0271462 273.4647  83.5518 14.20591057 16521
FENGYUN 1C DEB          
1 29889U 99025GK  26274.61643581  .00000306  00000+0  16862-3 0  9990
2 29889  99.5151  55.0318 0152635 303.5146 114.3303 14.13888094 14538
FENGYUN 1C DEB          
1 29890U 99025GL  26274.38154716  .00000502  00000+0  23906-3 0  9998
2 29890  99.4947  63.5343 0012675 334.5906  25.4646 14.24330327 16066
FENGYUN 1C DEB          
1 29891U 99025GM  26274.27474583  .00000633  00000+0  45025-3 0  9995
2 29891  98.7433 268.3114 0055814 170.2980 201.1033 14.00275248  5806
FENGYUN 1C DEB          
1 29892U 99025GN  26274.42835736  .00004364  00000+0  12424-2 0  9995
2 29892  99.2020  85.9602 0177135 165.8268 225.5727 14.37055976  8481
FENGYUN 1C DEB          
1 29893U 99025GP  26274.19173576  .00000068  00000+0  90601-4 0  9999
2 29893  98.5376 347.0212 0173914  82.1120 305.2370 13.79573568991721
FENGYUN 1C DEB          
1 29894U 99025GQ  26274.65898485  .00000246  00000+0  24719-3 0  9998
2 29894  99.4542 334.8250 0167329 352.0338 159.2980 13.81279872991207
FENGYUN 1C DEB          
1 29895U 99025GR  26274.38722112  .00002388  00000+0  89799-3 0  9990
2 29895  99.9098  57.3466 0293986 263.8384 118.2514 14.11542842996492
FENGYUN 1C DEB          
1 29896U 99025GS  26274.16516051  .00000341  00000+0  38425-3 0  9997
2 29896  99.3903 162.4565 0240164  68.6147  82.4596 13.65634189980330
FENGYUN 1C DEB          
1 29897U 99025GT  26274.01863947  .00000937  00000+0  10063-2 0  9999
2 29897  98.6091 107.9576 0296608  96.7634  54.0341 13.58166647969065
FENGYUN 1C DEB          
1 29898U 99025GU  26274.40764664  .00001888  00000+0  11099-2 0  9995
2 29898  98.2387 231.2300 0420579 117.9700   9.1718 13.72525063971735
FENGYUN 1C DEB          
1 29899U 99025GV  26274.26526809  .00000013  00000+0  61269-4 0  9992
2 29899  98.7050  32.5698 0353413  63.8048 299.8970 13.37579652959958
FENGYUN 1C DEB          
1 29901U 99025GX  26274.33057208  .00000205  00000+0  33104-3 0  9995
2 29901  98.7861  48.5099 0377572 276.6452 137.4332 13.33412679958183
FENGYUN 1C DEB          
1 29904U 99025HA  26274.40410521  .00000781  00000+0  18410-3 0  9999
2 29904  99.0048 335.5574 0206829 167.5019 193.1412 14.45300508 32842
FENGYUN 1C DEB          
1 29906U 99025HC  26274.29131312  .00003223  00000+0  77143-3 0  9998
2 29906  98.7166  33.3959 0032221 340.8903  19.1081 14.53976938 24016
FENGYUN 1C DEB          
1 29907U 99025HD  26274.48323715  .00001092  00000+0  59076-3 0  9997
2 29907  99.0936 350.6765 0083987 147.4132 226.7233 14.12911375  7325
FENGYUN 1C DEB          
1 29909U 99025HF  26274.33665985  .00004186  00000+0  87322-3 0  9993
2 29909  98.6455  34.2915 0037194 195.2938 187.1565 14.60068370 26706
FENGYUN 1C DEB          
1 29911U 99025HH  26274.38780076  .00000567  00000+0  28817-3 0  9993
2 29911  98.6870 317.2375 0026073  32.4677 341.2590 14.19587143 15819
FENGYUN 1C DEB          
1 29912U 99025HJ  26274.29168648  .00002472  00000+0  69910-3 0  9995
2 29912  98.7435  24.9752 0039489  66.6042 348.2632 14.46088554 22622
FENGYUN 1C DEB          
1 29913U 99025HK  26274.49395619  .00000049  00000+0  53047-4 0  9991
2 29913  98.8014 270.6175 0062818 166.0232 345.7627 14.07652126 10738
FENGYUN 1C DEB          
1 29914U 99025HL  26274.58761664  .00000079  00000+0  77508-4 0  9990
2 29914  98.8175 299.4900 0035777  19.8318 132.6414 14.03246286  8923
FENGYUN 1C DEB          
1 29916U 99025HN  26274.30909796  .00000274  00000+0  34912-3 0  9990
2 29916  99.1861 279.6413 0270027 229.9518 142.2571 13.57300914974217
FENGYUN 1C DEB          
1 29917U 99025HP  26274.40143611  .00000630  00000+0  62549-3 0  9991
2 29917  98.8493 118.6858 0224186  70.7312  48.4460 13.71050306981405
FENGYUN 1C DEB          
1 29918U 99025HQ  26274.21060167  .00001606  00000+0  57269-3 0  9992
2 29918  98.8460   8.6892 0014780 176.0120 214.2400 14.35582803 19884
FENGYUN 1C DEB          
1 29919U 99025HR  26274.34728748  .00000127  00000+0  13624-3 0  9997
2 29919  98.5246  46.6256 0136532 262.7288 122.9634 13.85249511995863
FENGYUN 1C DEB          
1 29920U 99025HS  26274.48969015  .00000990  00000+0  60285-3 0  9991
2 29920  98.3688 111.5415 0123351 170.4791 189.8758 14.04451255  3873
FENGYUN 1C DEB          
1 29921U 99025HT  26274.48522078  .00000315  00000+0  21277-3 0  9995
2 29921  98.7900 277.3237 0044900 327.2688 185.6806 14.06953517  9927
FENGYUN 1C DEB          
1 29922U 99025HU  26274.41408455 -.00000106  00000+0 -40440-4 0  9995
2 29922  99.0971 335.1331 0092415 282.5381  76.5458 13.98723452  5239
FENGYUN 1C DEB          
1 29923U 99025HV  26274.52603418  .00000416  00000+0  23922-3 0  9991
2 29923  98.6883 279.7371 0018384  58.1918  97.1912 14.14364669 14111
FENGYUN 1C DEB          
1 29924U 99025HW  26274.48200263  .00000125  00000+0  96515-4 0  9994
2 29924  98.7284 283.2980 0027449 148.4446   7.7322 14.08961041 13318
FENGYUN 1C DEB          
1 29926U 99025HY  26274.40691779  .00000234  00000+0  71801-4 0  9996
2 29926  98.3110 256.7106 0248099 146.2742   9.4197 14.33948955 27737
FENGYUN 1C DEB          
1 29927U 99025HZ  26274.17165230  .00007138  00000+0  84975-3 0  9994
2 29927  99.0628 340.8473 0013253  18.5043  49.9895 14.84669493 29727
FENGYUN 1C DEB          
1 29928U 99025JA  26274.37673582  .00000399  00000+0  34228-3 0  9999
2 29928  99.5574 311.1746 0142429  44.2863 330.6074 13.88475674995529
FENGYUN 1C DEB          
1 29929U 99025JB  26274.50813816  .00001400  00000+0  86680-3 0  9994
2 29929  98.6191 183.1330 0131994  76.0419  97.5162 14.02481156   473
FENGYUN 1C DEB          
1 29930U 99025JC  26274.27877936  .00000221  00000+0  10897-3 0  9990
2 29930  99.0072 167.9776 0162372 297.2205 192.1457 14.21105651 20448
FENGYUN 1C DEB          
1 29931U 99025JD  26274.37837568  .00000350  00000+0  24715-3 0  9996
2 29931  98.8268 306.7935 0031436 357.4664  15.7891 14.04033537  9181
FENGYUN 1C DEB          
1 29932U 99025JE  26274.01720241  .00000243  00000+0  14123-3 0  9990
2 29932  98.6313 281.1294 0036501 311.3441  72.1070 14.17072048 16688
FENGYUN 1C DEB          
1 29933U 99025JF  26274.34363111  .00008005  00000+0  11796-2 0  9992
2 29933  98.7564  44.2458 0006245 154.3039 232.6980 14.75640228 28072
FENGYUN 1C DEB          
1 29934U 99025JG  26274.45854435  .00001921  00000+0  33676-3 0  9991
2 29934  98.8703 349.7185 0098651  71.0107 290.1752 14.65981753 40555
FENGYUN 1C DEB          
1 29935U 99025JH  26274.39360338  .00000048  00000+0  40617-4 0  9992
2 29935  98.4204 325.6274 0151718  94.4242 280.0070 14.14348993 16790
FENGYUN 1C DEB          
1 29936U 99025JJ  26274.32534143  .00000143  00000+0  61184-4 0  9991
2 29936  98.6848  34.1154 0114276  42.3280 318.6653 14.35552660 31296
FENGYUN 1C DEB          
1 29937U 99025JK  26274.53251053 -.00000149  00000+0 -66316-4 0  9991
2 29937  98.7849 291.2757 0030915 280.1890 232.1142 14.04407873 10460
FENGYUN 1C DEB          
1 29938U 99025JL  26274.46128392 -.00000076  00000+0 -19295-4 0  9996
2 29938  98.8269 262.3893 0032901 204.3611 307.4622 14.07592604 11723
FENGYUN 1C DEB          
1 29939U 99025JM  26274.43685942  .00000012  00000+0  29121-4 0  9990
2 29939  98.7227 270.9274 0066755  27.8170 129.8698 14.12141221 15899
FENGYUN 1C DEB          
1 29940U 99025JN  26274.50047359  .00000607  00000+0  30094-3 0  9994
2 29940  98.6195 281.2663 0073113 336.4325 175.8727 14.19433552 16172
FENGYUN 1C DEB          
1 29942U 99025JQ  26274.40644629  .00000746  00000+0  29461-3 0  9998
2 29942  98.6080 342.8602 0050262 135.7064 224.8158 14.31258248 20533
FENGYUN 1C DEB          
1 29943U 99025JR  26274.51646308 -.00000077  00000+0 -19864-4 0  9993
2 29943  98.7285 278.3808 0036592 118.4944  33.2927 14.09720978 14277
FENGYUN 1C DEB          
1 29944U 99025JS  26274.40705983  .00007968  00000+0  61389-3 0  9999
2 29944  99.0358 254.9415 0153094  16.6297 343.9860 14.93091340 48141
FENGYUN 1C DEB          
1 29945U 99025JT  26274.30881084 -.00000079  00000+0 -22159-4 0  9997
2 29945  98.7708 293.8665 0029822 258.7766 166.4863 14.05670500 10893
FENGYUN 1C DEB          
1 29946U 99025JU  26274.46186020  .00000077  00000+0  68603-4 0  9993
2 29946  98.8013 264.2724 0079389 237.2250 275.5236 14.08465983 11555
FENGYUN 1C DEB          
1 29947U 99025JV  26274.32291847  .00000074  00000+0  74063-4 0  9997
2 29947  98.8077 300.9492 0040209  25.2291  38.1683 14.03226311  8522
FENGYUN 1C DEB          
1 29948U 99025JW  26274.43353184  .00000145  00000+0  10993-3 0  9993
2 29948  98.8528 258.7311 0085162 132.2399  20.1712 14.06314774 10902
FENGYUN 1C DEB          
1 29949U 99025JX  26274.53407906 -.00000184  00000+0 -84741-4 0  9995
2 29949  98.7524 285.9335 0023722 197.3226 314.4077 14.06870753 12247
FENGYUN 1C DEB          
1 29950U 99025JY  26274.01999774  .00000123  00000+0  92445-4 0  9990
2 29950  98.7113 301.4794 0033987 133.3438 256.8480 14.10444203 14112
FENGYUN 1C DEB          
1 29953U 99025KB  26274.43101078  .00000226  00000+0  20401-3 0  9997
2 29953  98.9657 255.8425 0105045 187.9991 324.9978 13.91069737999313
FENGYUN 1C DEB          
1 29954U 99025KC  26274.51870734  .00001401  00000+0  49229-3 0  9994
2 29954 100.1290   8.0495 0074442 164.1658 196.1875 14.35402195 23839
FENGYUN 1C DEB          
1 29955U 99025KD  26274.55234006  .00001892  00000+0  61115-3 0  9997
2 29955  99.2724  23.8704 0008247 125.2430 299.4974 14.40438199 22716
FENGYUN 1C DEB          
1 29956U 99025KE  26274.34588369  .00000057  00000+0  60169-4 0  9990
2 29956  98.7642 299.2806 0052327 274.1426  96.5405 14.06230689 11583
FENGYUN 1C DEB          
1 29957U 99025KF  26274.40305265  .00006294  00000+0  13148-2 0  9992
2 29957  98.9207  66.5010 0030524   7.3241  20.4047 14.59952505 17222
FENGYUN 1C DEB          
1 29958U 99025KG  26274.02871370  .00000219  00000+0  13420-3 0  9991
2 29958  98.6603 284.7706 0053929 215.5209 144.2369 14.14709412 15775
FENGYUN 1C DEB          
1 29959U 99025KH  26274.30841919  .00000174  00000+0  13068-3 0  9997
2 29959  98.7791 301.4996 0041524 224.1640 147.5717 14.06158031 10523
FENGYUN 1C DEB          
1 29960U 99025KJ  26274.40570546  .00000303  00000+0  16554-3 0  9992
2 29960  98.6435 256.2004 0091388 164.6396 357.4097 14.16832982 15933
FENGYUN 1C DEB          
1 29961U 99025KK  26274.52884176  .00000134  00000+0  72519-4 0  9999
2 29961  98.9150 172.7735 0074412 176.8624 183.3037 14.26423508 24832
FENGYUN 1C DEB          
1 29962U 99025KL  26274.51177184 -.00000091  00000+0 -27985-4 0  9994
2 29962  98.7693 279.0340 0111112 116.6617  33.9891 14.07322601 11159
FENGYUN 1C DEB          
1 29963U 99025KM  26274.44160367  .00000549  00000+0  22705-3 0  9992
2 29963  98.9689 172.7160 0050493 169.9004 246.0228 14.30207415 23235
FENGYUN 1C DEB          
1 29964U 99025KN  26274.46663393  .00000649  00000+0  40738-3 0  9999
2 29964  98.3646  98.6513 0130352 160.2751 200.3526 14.03471497  4222
FENGYUN 1C DEB          
1 29965U 99025KP  26274.42626429  .00000140  00000+0  12323-3 0  9990
2 29965  98.9818 266.5569 0144790 344.1735 175.6420 13.95912146  3499
FENGYUN 1C DEB          
1 29966U 99025KQ  26274.41346407  .00000348  00000+0  16538-3 0  9997
2 29966  99.4564 150.0791 0038265 232.7731 126.9953 14.26180700 22146
FENGYUN 1C DEB          
1 29967U 99025KR  26274.19358068  .00001652  00000+0  69983-3 0  9990
2 29967  98.8533 358.2713 0076277 168.2893 221.8856 14.25266882 13545
FENGYUN 1C DEB          
1 29968U 99025KS  26274.46499852 -.00000046  00000+0 -13589-5 0  9999
2 29968  98.8294 262.1576 0088760 250.6104 261.9403 14.07422107 11636
FENGYUN 1C DEB          
1 29969U 99025KT  26274.52574593  .00001786  00000+0  63084-3 0  9996
2 29969  98.7647   8.0614 0041299 264.4080 107.1744 14.35497161 18415
FENGYUN 1C DEB          
1 29970U 99025KU  26274.36966895  .00000954  00000+0  27461-3 0  9995
2 29970  98.8290 218.5439 0090909  34.0724  84.3031 14.44858321 33458
FENGYUN 1C DEB          
1 29971U 99025KV  26274.11812925  .00000803  00000+0  40421-3 0  9997
2 29971  98.6501 312.2057 0023258  49.1453  16.0083 14.18989706 14832
FENGYUN 1C DEB          
1 29972U 99025KW  26274.37513259  .00002121  00000+0  35835-3 0  9992
2 29972  98.9003 317.3572 0061470 184.4587 189.1783 14.69414894 37785
FENGYUN 1C DEB          
1 29973U 99025KX  26274.45654146  .00000742  00000+0  46178-3 0  9992
2 29973  98.8523 273.6039 0059470  48.3445 106.7671 14.07101051  8332
FENGYUN 1C DEB          
1 29974U 99025KY  26274.23533580  .00001421  00000+0  73625-3 0  9999
2 29974  98.8846   2.4593 0044309 329.5802  55.4290 14.15992362 10635
FENGYUN 1C DEB          
1 29975U 99025KZ  26274.43063547  .00000332  00000+0  25277-3 0  9993
2 29975  99.3007 324.9892 0112413 295.3527  77.0607 13.98139626  5239
FENGYUN 1C DEB          
1 29976U 99025LA  26274.45912245  .00000539  00000+0  29887-3 0  9994
2 29976  98.9354 269.2561 0267973 149.8953   4.0253 13.98385806  4275
FENGYUN 1C DEB          
1 29977U 99025LB  26273.37288391  .00000939  00000+0  55450-3 0  9992
2 29977  98.3720 118.8705 0127168 147.6360 338.2564 14.05965480  4486
FENGYUN 1C DEB          
1 29978U 99025LC  26274.58386839  .00000019  00000+0  44668-4 0  9992
2 29978  99.0199 324.6044 0075361 329.6346 189.2950 13.95988030  4006
FENGYUN 1C DEB          
1 29979U 99025LD  26274.29667300  .00000583  00000+0  24386-3 0  9996
2 29979  98.3531 289.3409 0107041  23.6675 349.5598 14.26513498 22442
FENGYUN 1C DEB          
1 29980U 99025LE  26274.38880436  .00000310  00000+0  20434-3 0  9993
2 29980  98.5864  73.0537 0088283 139.7123 251.0456 14.06471946 11030
FENGYUN 1C DEB          
1 29982U 99025LG  26274.41185279  .00001055  00000+0  17384-3 0  9999
2 29982  99.3801 143.7295 0119581 115.4050  57.8507 14.68614707 45773
FENGYUN 1C DEB          
1 29985U 99025LK  26274.52804309 -.00000075  00000+0 -18403-4 0  9993
2 29985  98.7016 285.2945 0029707 100.2127  50.9775 14.10373424 14758
FENGYUN 1C DEB          
1 29986U 99025LL  26274.20419034  .00001750  00000+0  68091-3 0  9992
2 29986  99.3874   9.8242 0023910 231.4942 158.3569 14.31096476 16624
FENGYUN 1C DEB          
1 29987U 99025LM  26274.27318366  .00001799  00000+0  89684-3 0  9990
2 29987  98.8827 170.6384 0078537 117.5841  11.0464 14.16570261  5100
FENGYUN 1C DEB          
1 29988U 99025LN  26274.56647286  .00004596  00000+0  99959-3 0  9993
2 29988  98.7092  34.3696 0113105 206.9198 216.8815 14.54607780 23165
FENGYUN 1C DEB          
1 29989U 99025LP  26274.39113541  .00000137  00000+0  84304-4 0  9993
2 29989  98.7022 250.9402 0124432  77.8696  76.9631 14.16010755 17480
FENGYUN 1C DEB          
1 29992U 99025LS  26274.44990487  .00000083  00000+0  66612-4 0  9997
2 29992  98.7486 267.0472 0089568  57.4957  95.1982 14.11708818 15173
FENGYUN 1C DEB          
1 29993U 99025LT  26274.36717783  .00000057  00000+0  58248-4 0  9992
2 29993  98.7584 308.0402 0038769 207.1055 152.8091 14.08227489 12896
FENGYUN 1C DEB          
1 29994U 99025LU  26274.02708883  .00000340  00000+0  22876-3 0  9999
2 29994  98.7972 301.9324 0130531 117.9898 273.4233 14.02796364  8245
FENGYUN 1C DEB          
1 29996U 99025LW  26274.11676105  .00001429  00000+0  76027-3 0  9998
2 29996  99.2899 326.3664 0128391 352.7966  60.4952 14.11046042  2556
FENGYUN 1C DEB          
1 29997U 99025LX  26274.02702471  .00000819  00000+0  55708-3 0  9990
2 29997  98.8830 281.6620 0078233 234.8431 146.5229 14.01360558  4799
FENGYUN 1C DEB          
1 29998U 99025LY  26274.47816909  .00001024  00000+0  41924-3 0  9996
2 29998  99.2853 359.0530 0005610 185.9601 174.1513 14.29618542 20569
FENGYUN 1C DEB          
1 29999U 99025LZ  26274.45794481  .00000513  00000+0  21732-3 0  9992
2 29999  98.6065 255.6355 0187916 359.7497 151.2182 14.20629926 18786
FENGYUN 1C DEB          
1 30001U 99025MA  26274.52951090  .00003278  00000+0  99616-3 0  9994
2 30001  98.9525   8.2373 0034064 305.5534  67.0392 14.42507336 16413
FENGYUN 1C DEB          
1 30003U 99025MC  26274.45737882  .00000192  00000+0  19161-3 0  9998
2 30003  99.6071 261.2061 0143762  64.9030  85.0485 13.85842609995428
FENGYUN 1C DEB          
1 30004U 99025MD  26274.43084645  .00000664  00000+0  34687-3 0  9993
2 30004  99.2212 111.6481 0037100 236.5685 240.7405 14.17784360 14527
FENGYUN 1C DEB          
1 30005U 99025ME  26274.11845008  .00000894  00000+0  95889-3 0  9993
2 30005  99.3278 224.0358 0346328  73.5426 290.3471 13.52888495968995
FENGYUN 1C DEB          
1 30007U 99025MG  26274.60335855  .00001705  00000+0  70243-3 0  9992
2 30007  99.1691 194.8716 0061014 255.1957 227.4607 14.27304733 15311
FENGYUN 1C DEB          
1 30008U 99025MH  26274.49023525  .00004602  00000+0  72725-3 0  9994
2 30008  99.3845 279.2226 0036307  20.1806 132.1159 14.72503660 33616
FENGYUN 1C DEB          
1 30009U 99025MJ  26274.16938002  .00000849  00000+0  53980-3 0  9995
2 30009  98.9912 331.9597 0062426 236.6802 122.8379 14.05609104  5889
FENGYUN 1C DEB          
1 30010U 99025MK  26274.38111375  .00000077  00000+0  51311-4 0  9997
2 30010  99.0522 121.1247 0074057  88.7199  35.4377 14.25128288 24271
FENGYUN 1C DEB          
1 30012U 99025MM  26274.65467106  .00000131  00000+0  14191-3 0  9990
2 30012  99.4240 335.2054 0137007  86.3254  64.1985 13.85923572996051
FENGYUN 1C DEB          
1 30013U 99025MN  26274.32093023  .00000107  00000+0  12186-3 0  9993
2 30013  99.5558 305.9680 0127225 345.8741  73.9754 13.87985785997407
FENGYUN 1C DEB          
1 30015U 99025MQ  26274.36423609  .00000611  00000+0  24622-3 0  9994
2 30015  99.2192 300.2571 0037317   1.9866  11.1178 14.31597194 23538
FENGYUN 1C DEB          
1 30016U 99025MR  26274.37964416  .00004894  00000+0  56872-3 0  9991
2 30016  98.8826 323.8405 0040632 191.3306 231.6218 14.85312188 37909
FENGYUN 1C DEB          
1 30017U 99025MS  26274.42364344  .00000275  00000+0  49705-4 0  9999
2 30017  98.7150 340.5162 0215465 353.5969   6.2485 14.61753887 47193
FENGYUN 1C DEB          
1 30018U 99025MT  26274.27658416  .00001389  00000+0  19328-3 0  9993
2 30018  98.7570  25.3107 0111630 356.9408  31.7695 14.75562188 47486
FENGYUN 1C DEB          
1 30020U 99025MV  26274.49947285  .00000318  00000+0  19424-3 0  9993
2 30020  98.8530 276.1946 0182007 331.2397 180.5792 14.04899452  7668
FENGYUN 1C DEB          
1 30021U 99025MW  26274.42160052  .00000172  00000+0  13042-3 0  9994
2 30021  98.8587 263.6988 0072578 186.7814 331.4061 14.04989517 10422
FENGYUN 1C DEB          
1 30022U 99025MX  26274.19978251  .00000017  00000+0  27412-4 0  9992
2 30022  99.0369 135.7314 0067873 150.1241 325.0421 14.23209862 23508
FENGYUN 1C DEB          
1 30023U 99025MY  26274.38491120  .00000366  00000+0  22288-3 0  9991
2 30023  99.2737 123.3527 0046074 326.9222 157.9432 14.12240754 13260
FENGYUN 1C DEB          
1 30028U 99025ND  26274.61701572  .00001593  00000+0  30059-3 0  9995
2 30028  98.1654 265.4788 0173164  39.5289  54.5000 14.56679729 39840
FENGYUN 1C DEB          
1 30035U 99025NL  26274.37013551  .00000070  00000+0  39038-4 0  9995
2 30035  99.2843 216.8777 0113617 289.8148 193.5909 14.37099049 33272
FENGYUN 1C DEB          
1 30036U 99025NM  26274.04078855  .00000987  00000+0  22773-3 0  9992
2 30036  98.2276 298.3862 0188435  36.2782 353.6801 14.47151308 34000
FENGYUN 1C DEB          
1 30037U 99025NN  26274.42571912  .00000168  00000+0  65620-4 0  9997
2 30037  98.4193 247.1498 0171454 263.5677 249.8967 14.34441628 29836
FENGYUN 1C DEB          
1 30038U 99025NP  26274.43335593  .00000620  00000+0  14737-3 0  9997
2 30038  98.3950 261.1103 0253665 302.8875 212.4735 14.40015091 31030
FENGYUN 1C DEB          
1 30040U 99025NR  26274.52705036  .00001990  00000+0  64830-3 0  9993
2 30040  98.2254 283.7966 0032513 147.6554   6.4198 14.39425026 21238
FENGYUN 1C DEB          
1 30041U 99025NS  26274.59802293  .00000383  00000+0  22778-3 0  9994
2 30041  99.4928  43.2724 0035451 123.0836 301.6964 14.13604077 14214
FENGYUN 1C DEB          
1 30043U 99025NU  26274.25965180  .00000589  00000+0  18385-3 0  9991
2 30043  98.6300  12.3201 0278430 359.2960   0.7790 14.24784282 15028
FENGYUN 1C DEB          
1 30044U 99025NV  26274.51838610  .00003876  00000+0  87517-3 0  9993
2 30044  98.2080 193.9032 0076082 346.7169  13.2023 14.55059675 22907
FENGYUN 1C DEB          
1 30045U 99025NW  26274.63657278  .00001597  00000+0  69083-3 0  9992
2 30045  99.1648 327.2151 0089531 357.3933 154.0101 14.23753335  8546
FENGYUN 1C DEB          
1 30047U 99025NY  26274.51340990  .00000603  00000+0  45774-3 0  9999
2 30047  99.9410  98.6069 0124645 264.9762 116.7385 13.94831982999976
FENGYUN 1C DEB          
1 30048U 99025NZ  26274.38751451  .00000111  00000+0  12563-3 0  9997
2 30048  98.6323 120.4337 0186629 174.1034 310.9753 13.80043492991629
FENGYUN 1C DEB          
1 30050U 99025PB  26274.55044049  .00000447  00000+0  37154-3 0  9992
2 30050  96.8175 160.5719 0168001 274.5024 204.1492 13.85648045992562
FENGYUN 1C DEB          
1 30052U 99025PD  26274.30917689  .00000291  00000+0  26690-3 0  9996
2 30052  99.2758 296.5954 0288821 185.1682 189.5108 13.73265688985702
FENGYUN 1C DEB          
1 30053U 99025PE  26274.37472568  .00002667  00000+0  12712-2 0  9994
2 30053  98.6070  73.1640 0323538 244.6903 142.0256 13.96104717990676
FENGYUN 1C DEB          
1 30054U 99025PF  26274.03852644  .00000211  00000+0  22278-3 0  9997
2 30054  99.3408 303.4927 0275486 324.8052  61.8697 13.70150186983516
FENGYUN 1C DEB          
1 30056U 99025PH  26274.37134804  .00001517  00000+0  11735-2 0  9992
2 30056  98.3510  68.4675 0297041 139.3451 223.0295 13.75222124979969
FENGYUN 1C DEB          
1 30057U 99025PJ  26274.38563955  .00000412  00000+0  47213-3 0  9991
2 30057  98.8610 320.0045 0291426 109.9265 318.3424 13.57686232972061
FENGYUN 1C DEB          
1 30058U 99025PK  26274.48267679  .00000312  00000+0  41818-3 0  9991
2 30058  99.6562 274.3725 0315191 145.1931   6.5820 13.48584205967934
FENGYUN 1C DEB          
1 30059U 99025PL  26273.36879899  .00000062  00000+0  12426-3 0  9996
2 30059  98.8518 239.4149 0326000 282.9950 236.3082 13.45638337967195
FENGYUN 1C DEB          
1 30060U 99025PM  26274.43253682  .00000693  00000+0  87593-3 0  9990
2 30060  99.2913 124.8263 0345526  61.5571  55.0513 13.44444679961753
FENGYUN 1C DEB          
1 30061U 99025PN  26274.44505172  .00000926  00000+0  10684-2 0  9991
2 30061 101.9039  84.1544 0364248 305.3163  77.7640 13.47909786960414
FENGYUN 1C DEB          
1 30062U 99025PP  26274.47727892  .00000423  00000+0  27439-3 0  9999
2 30062  98.7798 280.3479 0047737 304.2281 210.7566 14.07445402 10225
FENGYUN 1C DEB          
1 30063U 99025PQ  26274.37503828  .00000043  00000+0  42973-4 0  9999
2 30063  98.5578 245.9984 0032599  16.4128 140.0097 14.15697184 18069
FENGYUN 1C DEB          
1 30064U 99025PR  26274.47522049  .00000128  00000+0  87292-4 0  9994
2 30064  98.6584 281.6461 0065462 355.8395 160.3088 14.14444437 16430
FENGYUN 1C DEB          
1 30065U 99025PS  26274.38734847  .00000062  00000+0  82511-4 0  9992
2 30065  98.7225 232.1475 0130320 313.3179  45.7173 13.87017724997281
FENGYUN 1C DEB          
1 30066U 99025PT  26274.42856809  .00000086  00000+0  56935-4 0  9998
2 30066  98.6581 262.8755 0118233 137.5639  17.4417 14.19282109 19877
FENGYUN 1C DEB          
1 30067U 99025PU  26274.46464299  .00000415  00000+0  11912-3 0  9992
2 30067  98.7332 174.0084 0148826 221.1773 315.3799 14.44366561 34202
FENGYUN 1C DEB          
1 30068U 99025PV  26274.41052530  .00000099  00000+0  65898-4 0  9990
2 30068  98.7636 260.4330 0188703 236.4504 121.8523 14.12223745 14724
FENGYUN 1C DEB          
1 30069U 99025PW  26274.41553825  .00000268  00000+0  18986-3 0  9997
2 30069  98.8332 253.2478 0048253 313.3705 200.0831 14.05438188  9564
FENGYUN 1C DEB          
1 30070U 99025PX  26274.09359968  .00001371  00000+0  47210-3 0  9993
2 30070  98.2555 316.2698 0323929 196.4329 193.2442 14.11868954    16
FENGYUN 1C DEB          
1 30071U 99025PY  26274.60577736  .00003848  00000+0  85895-3 0  9998
2 30071  98.6660  29.3463 0035080 292.3254 195.5058 14.57046234 24834
FENGYUN 1C DEB          
1 30072U 99025PZ  26274.46903450  .00003995  00000+0  12002-2 0  9991
2 30072  99.0963  85.6577 0054958 131.0321 229.5636 14.42413491 13864
FENGYUN 1C DEB          
1 30073U 99025QA  26274.46913318  .00001393  00000+0  66665-3 0  9991
2 30073  99.4295 271.1343 0052118 173.8048 339.1262 14.20191549 10735
FENGYUN 1C DEB          
1 30074U 99025QB  26274.16811240  .00001199  00000+0  62652-3 0  9996
2 30074  99.1121 351.0977 0094103  49.1697 311.7587 14.14146422  7642
FENGYUN 1C DEB          
1 30075U 99025QC  26274.10536123  .00000166  00000+0  15761-3 0  9997
2 30075  99.3213 331.8158 0091705 108.0092 283.0814 13.92622806  1269
FENGYUN 1C DEB          
1 30076U 99025QD  26274.19375295  .00000130  00000+0  15785-3 0  9995
2 30076  99.2670 257.8590 0175932  43.2776  18.7423 13.76466871989171
FENGYUN 1C DEB          
1 30077U 99025QE  26274.53529769 -.00000179  00000+0 -81582-4 0  9995
2 30077  98.7482 285.8862 0021855 157.0394 354.5854 14.07114880 12298
FENGYUN 1C DEB          
1 30078U 99025QF  26274.19213432  .00002046  00000+0  88106-3 0  9996
2 30078  98.8172 355.2258 0051145 153.4397 236.0506 14.24993214 12760
FENGYUN 1C DEB          
1 30079U 99025QG  26274.09627067  .00000632  00000+0  43705-3 0  9994
2 30079  98.9957 330.6045 0085829 209.9972 179.5666 14.01004882  6317
FENGYUN 1C DEB          
1 30080U 99025QH  26274.43780052  .00000146  00000+0  97429-4 0  9991
2 30080  98.7314 251.3636 0131929 309.8642 202.4568 14.11019129 13659
FENGYUN 1C DEB          
1 30081U 99025QJ  26274.44169479  .00000505  00000+0  37431-3 0  9992
2 30081  98.9396 268.0531 0074579 249.8166 266.8993 13.98524033  4411
FENGYUN 1C DEB          
1 30082U 99025QK  26274.39873550  .00022798  00000+0  63947-3 0  9998
2 30082  98.8387 259.5244 0041580 251.7699 107.9012 15.35726736 57553
FENGYUN 1C DEB          
1 30086U 99025QP  26274.08309392  .00000246  00000+0  17936-3 0  9997
2 30086  98.8798 306.5450 0061702  39.5495 345.3888 14.04100561  7943
FENGYUN 1C DEB          
1 30087U 99025QQ  26274.06764497  .00000343  00000+0  10122-3 0  9995
2 30087  98.3501 302.9731 0227118 327.7543  56.1288 14.36241480 28893
FENGYUN 1C DEB          
1 30088U 99025QR  26274.40682639  .00000521  00000+0  15329-3 0  9993
2 30088  98.3840 255.5817 0201471  92.4396  72.7579 14.36557516 28712
FENGYUN 1C DEB          
1 30089U 99025QS  26274.31594780  .00000291  00000+0  12523-3 0  9990
2 30089  98.8916 191.4080 0074798  77.8331  45.4210 14.30624537 26616
FENGYUN 1C DEB          
1 30090U 99025QT  26274.29850027  .00000261  00000+0  11985-3 0  9996
2 30090  99.4087 115.6819 0057187 355.1860 182.4478 14.29556066 24484
FENGYUN 1C DEB          
1 30092U 99025QV  26274.02834285  .00000578  00000+0  19148-3 0  9997
2 30092  98.9227 110.4039 0083175 106.2540  44.9758 14.39906073 29463
FENGYUN 1C DEB          
1 30093U 99025QW  26274.46356505  .00001041  00000+0  30413-3 0  9994
2 30093  98.8356 166.0885 0067496 182.0286 353.1750 14.44999470 30300
FENGYUN 1C DEB          
1 30095U 99025QY  26274.38309004  .00005000  00000+0  42485-3 0  9990
2 30095  99.2423 247.7263 0143831 126.7907 234.6606 14.90733220 36839
FENGYUN 1C DEB          
1 30096U 99025QZ  26274.51837731  .00000333  00000+0  13682-3 0  9990
2 30096  99.1392  14.2359 0080134 103.9508 257.0602 14.32099467 27320
FENGYUN 1C DEB          
1 30099U 99025RC  26274.20298395  .00000269  00000+0  12689-3 0  9990
2 30099  98.5103 343.6590 0062764 109.5863 316.1174 14.26271820 23535
FENGYUN 1C DEB          
1 30102U 99025RF  26274.48009307  .00000280  00000+0  13066-3 0  9991
2 30102  98.3844 272.9928 0140277 224.6434 288.8627 14.22440102 21182
FENGYUN 1C DEB          
1 30103U 99025RG  26274.51393657  .00000486  00000+0  22230-3 0  9991
2 30103  99.2656 277.0109 0063110   4.7205 146.8765 14.25402757 20894
FENGYUN 1C DEB          
1 30104U 99025RH  26274.47748666  .00000601  00000+0  26005-3 0  9994
2 30104  98.3535 103.1741 0072345 328.8188  60.4214 14.26415691 20636
FENGYUN 1C DEB          
1 30105U 99025RJ  26274.37153668  .00000400  00000+0  16670-3 0  9990
2 30105  98.6222 258.4860 0196761 305.6223  52.6765 14.21884298 19192
FENGYUN 1C DEB          
1 30106U 99025RK  26273.83718419  .00094368  00000+0  36699-2 0  9990
2 30106  98.9117 230.0275 0016396 338.7002  78.1978 15.25513375 29204
FENGYUN 1C DEB          
1 30107U 99025RL  26274.39182591  .00000015  00000+0  27800-4 0  9991
2 30107  98.8065 332.9499 0127622 162.4778 198.0860 14.14537129 16975
FENGYUN 1C DEB          
1 30108U 99025RM  26274.41006975  .00000225  00000+0  11109-3 0  9993
2 30108  98.6887 258.4990 0195471 260.9518 258.0342 14.17533298 17437
FENGYUN 1C DEB          
1 30109U 99025RN  26274.44301182  .00000324  00000+0  15478-3 0  9998
2 30109  98.5302 261.2118 0168421 107.0276  43.8340 14.17982756 17008
FENGYUN 1C DEB          
1 30110U 99025RP  26274.17686133  .00000117  00000+0  17820-3 0  9995
2 30110  98.9105   0.4517 0266869 319.6727  38.4890 13.56353955974791
FENGYUN 1C DEB          
1 30112U 99025RR  26273.50234745  .00000854  00000+0  32797-3 0  9999
2 30112  99.3072 268.6554 0199304 358.1125   1.9278 14.23068826 17304
FENGYUN 1C DEB          
1 30113U 99025RS  26274.62448590  .00002542  00000+0  68607-3 0  9994
2 30113  99.0206 151.3188 0035661 208.2248 180.9193 14.48447773 21430
FENGYUN 1C DEB          
1 30114U 99025RT  26274.50916851  .00000142  00000+0  10196-3 0  9996
2 30114  98.7556 273.8092 0081407  12.4435 138.9327 14.09842091 12791
FENGYUN 1C DEB          
1 30115U 99025RU  26274.56782152  .00000921  00000+0  43714-3 0  9995
2 30115  98.5998 299.1521 0065203 293.6510 218.6519 14.20786861 14854
FENGYUN 1C DEB          
1 30116U 99025RV  26274.25935353  .00001781  00000+0  69247-3 0  9999
2 30116  99.3890  13.2935 0021157 217.9484 168.3608 14.31149692 16857
FENGYUN 1C DEB          
1 30117U 99025RW  26274.47407694  .00000034  00000+0  39671-4 0  9995
2 30117  98.8301 260.9419 0164909 105.6626  44.9441 14.07357183 11062
FENGYUN 1C DEB          
1 30118U 99025RX  26274.46545118  .00000246  00000+0  17370-3 0  9995
2 30118  98.8104 274.7718 0083701 319.3134 195.7595 14.05223080 10405
FENGYUN 1C DEB          
1 30119U 99025RY  26274.36766883  .00001354  00000+0  55718-3 0  9998
2 30119  97.9412 244.6040 0128836 145.6384  11.3239 14.23868179 13234
FENGYUN 1C DEB          
1 30120U 99025RZ  26274.18512102  .00001646  00000+0  64734-3 0  9995
2 30120  98.8431   5.1690 0061361  82.3525 306.7128 14.29611618 15444
FENGYUN 1C DEB          
1 30121U 99025SA  26274.37718817  .00004288  00000+0  12685-2 0  9990
2 30121 102.1622  63.6385 0028996 116.2366 273.8625 14.44045341 17497
FENGYUN 1C DEB          
1 30123U 99025SC  26273.47808139  .00001357  00000+0  43267-3 0  9994
2 30123  96.9173 158.8023 0223361 274.2386  83.3306 14.27719406 14067
FENGYUN 1C DEB          
1 30124U 99025SD  26274.46412994  .00000720  00000+0  35925-3 0  9990
2 30124  99.1053 339.6195 0140239 359.7177  13.1936 14.15155694 10525
FENGYUN 1C DEB          
1 30125U 99025SE  26274.54916850  .00002491  00000+0  60769-3 0  9991
2 30125  98.7295  16.7010 0335764 213.5512 214.6029 14.24640218 10877
FENGYUN 1C DEB          
1 30127U 99025SG  26274.53908584  .00003121  00000+0  93258-3 0  9997
2 30127  98.1899 123.9169 0080416 277.8123  81.3944 14.41759276 14492
FENGYUN 1C DEB          
1 30128U 99025SH  26274.36781347  .00004847  00000+0  11218-2 0  9996
2 30128  96.9896 228.3154 0095815 280.7631 231.7960 14.52681258 15380
FENGYUN 1C DEB          
1 30129U 99025SJ  26274.24179624  .00000319  00000+0  20167-3 0  9997
2 30129  98.0344 186.7521 0183991 338.3367 174.2973 14.01976694  5756
FENGYUN 1C DEB          
1 30131U 99025SL  26274.28734926  .00002199  00000+0  95301-3 0  9996
2 30131  99.0765  19.7728 0077838  42.1640 343.1206 14.23730131  8484
FENGYUN 1C DEB          
1 30132U 99025SM  26274.35973814  .00000245  00000+0  20832-3 0  9993
2 30132  99.6123 244.5966 0104794 343.3645 176.3944 13.95135582  1704
FENGYUN 1C DEB          
1 30133U 99025SN  26274.35910902  .00001259  00000+0  74123-3 0  9991
2 30133  98.3513  63.5783 0084478 145.9077 244.7426 14.07813429  4942
FENGYUN 1C DEB          
1 30134U 99025SP  26274.51645830  .00000416  00000+0  24209-3 0  9999
2 30134  98.6790 290.1306 0019892  72.2355  81.3069 14.13787461 13795
FENGYUN 1C DEB          
1 30136U 99025SR  26274.15262848  .00000154  00000+0  13294-3 0  9996
2 30136  98.5205 150.7628 0128379 337.1342 174.5212 13.95610351  1238
FENGYUN 1C DEB          
1 30138U 99025ST  26274.10535255  .00000876  00000+0  42444-3 0  9998
2 30138  98.7318 329.1398 0019784  20.3024   9.6778 14.20889436 15523
FENGYUN 1C DEB          
1 30139U 99025SU  26274.06419748  .00000928  00000+0  56122-3 0  9998
2 30139  98.3566  99.5977 0129224 180.8537 305.0794 14.04602549  3009
FENGYUN 1C DEB          
1 30140U 99025SV  26273.14771910  .00001299  00000+0  60039-3 0  9994
2 30140  98.8067 340.6319 0041729 192.6586 197.0586 14.22186026 12735
FENGYUN 1C DEB          
1 30141U 99025SW  26274.29714063  .00003638  00000+0  82547-3 0  9995
2 30141  99.0200 223.7287 0013646 236.3081 123.6814 14.56678801 24923
FENGYUN 1C DEB          
1 30142U 99025SX  26274.48627901  .00001578  00000+0  84486-3 0  9996
2 30142  99.1173 359.9459 0101901 207.0805 152.5028 14.12019219  4298
FENGYUN 1C DEB          
1 30143U 99025SY  26274.44875208  .00000727  00000+0  46937-3 0  9992
2 30143  98.7468  91.2717 0101432 190.8090 199.0926 14.03448948  3127
FENGYUN 1C DEB          
1 30144U 99025SZ  26273.55288249  .00000271  00000+0  23078-3 0  9992
2 30144  99.0307 263.5079 0125065 214.9855 270.8258 13.92148439999000
FENGYUN 1C DEB          
1 30145U 99025TA  26274.32395149  .00002117  00000+0  10443-2 0  9999
2 30145  99.2763  40.5397 0085718  46.2618 342.2600 14.16721675  3342
FENGYUN 1C DEB          
1 30146U 99025TB  26274.33033141  .00000306  00000+0  25729-3 0  9994
2 30146  98.0563  38.1776 0177461  30.0596 358.8100 13.86996517994730
FENGYUN 1C DEB          
1 30148U 99025TD  26274.41722870  .00000494  00000+0  41509-3 0  9991
2 30148  99.5806  76.2139 0134500 136.9708 253.1571 13.88947049995796
FENGYUN 1C DEB          
1 30150U 99025TF  26274.37800492  .00000391  00000+0  34185-3 0  9994
2 30150  99.0300  44.7974 0145890 264.9246 167.5744 13.86960073995142
FENGYUN 1C DEB          
1 30151U 99025TG  26274.51185541  .00000342  00000+0  30805-3 0  9993
2 30151  99.0654 277.5669 0161630 211.0213 302.2717 13.84926981992973
FENGYUN 1C DEB          
1 30152U 99025TH  26274.06620326  .00001669  00000+0  10698-2 0  9999
2 30152  99.0779 133.6167 0165510   3.3669 356.8568 13.98200324994618
FENGYUN 1C DEB          
1 30153U 99025TJ  26274.33844865  .00000389  00000+0  37286-3 0  9997
2 30153 100.4664 300.2823 0197939 342.3420  29.8187 13.79323104988080
FENGYUN 1C DEB          
1 30154U 99025TK  26273.03401373  .00001010  00000+0  78713-3 0  9999
2 30154  98.4296 291.4760 0181069 118.3099 270.7489 13.86862810990219
FENGYUN 1C DEB          
1 30155U 99025TL  26274.46124895  .00001692  00000+0  14891-2 0  9991
2 30155  99.7482 359.3412 0233011 307.7284  50.2948 13.75269535978865
FENGYUN 1C DEB          
1 30156U 99025TM  26274.34178148  .00000806  00000+0  68480-3 0  9999
2 30156  98.9354 230.6899 0195815 196.5645 319.9587 13.81725317987304
FENGYUN 1C DEB          
1 30157U 99025TN  26274.25174858  .00002846  00000+0  76466-3 0  9993
2 30157  98.7207  24.8553 0033263  36.1721  28.5360 14.48560310 22982
FENGYUN 1C DEB          
1 30160U 99025TR  26273.57612561  .00000523  00000+0  68680-3 0  9998
2 30160  98.8972 193.5432 0342337 111.7495  59.9306 13.43275914963315
FENGYUN 1C DEB          
1 30161U 99025TS  26274.50985924  .00000665  00000+0  80427-3 0  9999
2 30161 100.5177 283.5617 0325340 270.1820 246.2664 13.50503757965100
FENGYUN 1C DEB          
1 30162U 99025TT  26274.43037512  .00001175  00000+0  13079-2 0  9998
2 30162  99.4680 323.7434 0312331 331.4402  39.7183 13.54454892966227
FENGYUN 1C DEB          
1 30163U 99025TU  26274.16603398  .00000889  00000+0  11489-2 0  9994
2 30163  98.7032 353.3944 0370691 215.2613 173.2066 13.39444297958598
FENGYUN 1C DEB          
1 30167U 99025TY  26274.53659902  .00000500  00000+0  12868-3 0  9994
2 30167  98.9691  22.8765 0141441 357.2381  63.9102 14.49414054 35987
FENGYUN 1C DEB          
1 30168U 99025TZ  26274.58332557  .00002620  00000+0  56746-3 0  9992
2 30168  97.3636 317.6873 0092492 309.2463  50.0556 14.56285275 25612
FENGYUN 1C DEB          
1 30169U 99025UA  26274.15569453  .00003601  00000+0  52053-3 0  9990
2 30169  98.3119 350.8545 0193064  35.5127 354.9250 14.64878459 19901
FENGYUN 1C DEB          
1 30170U 99025UB  26274.43386626  .00000180  00000+0  14564-3 0  9996
2 30170  98.8800 257.5253 0078515 182.2152 330.6346 14.00638374  5086
FENGYUN 1C DEB          
1 30171U 99025UC  26273.52147336 -.00000189  00000+0 -93916-4 0  9999
2 30171  98.3716 110.8532 0185116 169.8673 190.6306 13.97033034  3360
FENGYUN 1C DEB          
1 30172U 99025UD  26274.49242263  .00001246  00000+0  66595-3 0  9997
2 30172  99.2554 268.2457 0069569 100.6822  50.3850 14.13903716  6526
FENGYUN 1C DEB          
1 30173U 99025UE  26274.14648799  .00001289  00000+0  69641-3 0  9996
2 30173  98.9598 349.9669 0081607 184.1357 205.7536 14.12722006  6718
FENGYUN 1C DEB          
1 30174U 99025UF  26274.36860269  .00030015  00000+0  19321-2 0  9997
2 30174  98.7750 102.8313 0010648 189.2310 290.6835 15.08272465 27400
FENGYUN 1C DEB          
1 30175U 99025UG  26274.14430731  .00000257  00000+0  24905-3 0  9991
2 30175  99.3442 334.1183 0146206 154.6306 233.9271 13.84100316993854
FENGYUN 1C DEB          
1 30177U 99025UJ  26274.24987683  .00000923  00000+0  61327-3 0  9996
2 30177  98.6357 191.0078 0447410  87.3659  60.2823 13.63556834974489
FENGYUN 1C DEB          
1 30178U 99025UK  26274.32533826  .00000835  00000+0  94197-3 0  9995
2 30178 102.2566 225.3974 0277848 179.9688 337.7628 13.59533592971467
FENGYUN 1C DEB          
1 30181U 99025UN  26274.25672862  .00001872  00000+0  72027-3 0  9995
2 30181  98.8362   7.0355 0041075 221.6634 161.9011 14.31139950 16756
FENGYUN 1C DEB          
1 30182U 99025UP  26274.65431924  .00000020  00000+0  45141-4 0  9994
2 30182  99.0251 325.6256 0073781 298.6694 215.1888 13.96565716  3859
FENGYUN 1C DEB          
1 30183U 99025UQ  26274.38171309  .00000442  00000+0  25839-3 0  9992
2 30183  98.7575 315.7039 0027399 141.6005 232.1824 14.13140629 12706
FENGYUN 1C DEB          
1 30191U 99025UY  26274.29849390  .00002707  00000+0  32698-3 0  9990
2 30191  98.7638  17.1681 0090916  56.8631  11.1250 14.81820819 46030
FENGYUN 1C DEB          
1 30193U 99025VA  26274.35608054  .00001603  00000+0  39210-3 0  9990
2 30193  98.7503 198.9795 0104684 330.4892 147.0304 14.50796983 34086
FENGYUN 1C DEB          
1 30196U 99025VD  26274.50323677  .00000037  00000+0  32854-4 0  9993
2 30196  98.6356   7.7171 0084784 289.5512  82.2258 14.25926988 25349
FENGYUN 1C DEB          
1 30197U 99025VE  26274.40886146  .00001163  00000+0  38937-3 0  9996
2 30197  98.9542 216.6963 0058369  72.6573  51.3672 14.38381384 26930
FENGYUN 1C DEB          
1 30198U 99025VF  26274.35549637  .00001783  00000+0  41179-3 0  9992
2 30198  98.4807  52.7342 0101691  24.3610   4.4780 14.53396449 27411
FENGYUN 1C DEB          
1 30199U 99025VG  26274.03716972  .00001147  00000+0  36529-3 0  9993
2 30199  98.3649 296.0376 0077972 150.0126 238.8529 14.39911229 26155
FENGYUN 1C DEB          
1 30200U 99025VH  26274.41675273  .00000113  00000+0  64797-4 0  9997
2 30200  99.0915 123.8890 0146278 342.9497  16.6793 14.22468253 21391
FENGYUN 1C DEB          
1 30201U 99025VJ  26274.39751195  .00000436  00000+0  21337-3 0  9993
2 30201  99.4384  73.9390 0029052 201.6337 158.3613 14.23449911 19797
FENGYUN 1C DEB          
1 30202U 99025VK  26274.25793656  .00004186  00000+0  93056-3 0  9990
2 30202  98.6453  26.3888 0036064 241.0165 118.7415 14.57163685 25401
FENGYUN 1C DEB          
1 30205U 99025VN  26274.30384398  .00000134  00000+0  13861-3 0  9993
2 30205  99.0144  20.4394 0121655 107.7892 315.3027 13.88225682996971
FENGYUN 1C DEB          
1 30206U 99025VP  26274.45986025  .00000536  00000+0  13326-3 0  9997
2 30206  98.2435 272.1712 0142277 218.1393 140.9667 14.50039676 36414
FENGYUN 1C DEB          
1 30207U 99025VQ  26274.18305027  .00000089  00000+0  94273-4 0  9999
2 30207  98.5799   2.6798 0260691  77.5197 313.6408 13.79271127990949
FENGYUN 1C DEB          
1 30208U 99025VR  26273.97647821  .00000450  00000+0  21279-3 0  9994
2 30208  98.5719 272.4492 0034427 137.5362 250.0800 14.24066562 19877
FENGYUN 1C DEB          
1 30209U 99025VS  26274.45750150  .00000129  00000+0  90835-4 0  9997
2 30209  98.7293 268.8084 0040206 124.3087  28.7364 14.13193866 13418
FENGYUN 1C DEB          
1 30210U 99025VT  26274.15934154  .00000404  00000+0  25703-3 0  9991
2 30210  99.1589 333.8572 0055991  42.2870 342.4247 14.08770330  8740
FENGYUN 1C DEB          
1 30212U 99025VV  26274.40191280  .00000076  00000+0  84021-4 0  9990
2 30212  99.4196 152.6804 0096797 162.8133 197.6344 13.97319896  3122
FENGYUN 1C DEB          
1 30213U 99025VW  26274.23157326  .00001273  00000+0  69135-3 0  9993
2 30213  99.1118   0.6267 0070777 143.3861 242.2831 14.12938654  6444
FENGYUN 1C DEB          
1 30214U 99025VX  26274.16469696  .00001761  00000+0  66050-3 0  9997
2 30214  98.7083 353.5883 0020430 257.1287 132.9145 14.32836615 16868
FENGYUN 1C DEB          
1 30217U 99025WA  26274.37026187  .00000357  00000+0  15441-3 0  9995
2 30217  98.4630 252.3485 0138378 323.6026  35.5804 14.25211472 22396
FENGYUN 1C DEB          
1 30218U 99025WB  26274.26438773  .00002460  00000+0  91486-3 0  9992
2 30218  98.9865  18.1990 0068627 125.9128 262.7975 14.31735388 12897
FENGYUN 1C DEB          
1 30221U 99025WE  26274.30050031  .00000466  00000+0  12872-3 0  9994
2 30221  98.9596  23.3159 0142838 247.4501 111.1520 14.46357239 36305
FENGYUN 1C DEB          
1 30222U 99025WF  26274.36227301  .00000112  00000+0  97501-4 0  9998
2 30222  98.8096 304.3569 0036384 298.1408  74.3898 14.04158069  9463
FENGYUN 1C DEB          
1 30224U 99025WH  26274.58916049  .00000217  00000+0  20395-3 0  9990
2 30224  99.4487 323.3960 0110450 278.6849 239.6980 13.90078038998096
FENGYUN 1C DEB          
1 30225U 99025WJ  26274.04091037  .00000113  00000+0  76462-4 0  9995
2 30225  98.6353 296.9813 0098633 329.1166  58.2185 14.15357261 16666
FENGYUN 1C DEB          
1 30229U 99025WN  26274.24157638  .00003337  00000+0  63167-3 0  9999
2 30229  99.0440   6.9720 0035457 223.7715 161.3618 14.64726782 31938
FENGYUN 1C DEB          
1 30231U 99025WQ  26274.58434059  .00000548  00000+0  29861-3 0  9998
2 30231  98.7696 318.5194 0126367 277.7157 238.6752 14.12246881 11516
FENGYUN 1C DEB          
1 30232U 99025WR  26274.21166052  .00001197  00000+0  20394-3 0  9997
2 30232  98.6655 135.5820 0131459 161.8085 325.7199 14.65611745 40300
FENGYUN 1C DEB          
1 30234U 99025WT  26274.48616002  .00000284  00000+0  15886-3 0  9999
2 30234  98.6309 281.7368 0065012 314.3804 200.3065 14.17206430 16002
FENGYUN 1C DEB          
1 30235U 99025WU  26274.30788377  .00000153  00000+0  10024-3 0  9990
2 30235  98.7356 288.8516 0154623 131.1894 296.7296 14.09134346 10129
FENGYUN 1C DEB          
1 30237U 99025WW  26274.28037188  .00002820  00000+0  82943-3 0  9998
2 30237  98.8355  32.4487 0015270 158.5801 231.6784 14.44463464 19142
FENGYUN 1C DEB          
1 30239U 99025WY  26274.60441810  .00013077  00000+0  27225-1 0  9993
2 30239  99.5295 331.7125 1415224 235.4412 110.5009 11.43155063578768
FENGYUN 1C DEB          
1 30241U 99025XA  26274.38643466  .00000199  00000+0  12704-3 0  9991
2 30241  99.1895  57.7155 0145247 343.7426  40.7205 14.09825049 10365
FENGYUN 1C DEB          
1 30242U 99025XB  26274.32982733  .00000522  00000+0  27464-3 0  9998
2 30242  98.6546 306.5514 0009606 290.8964 132.5471 14.18206707 15706
FENGYUN 1C DEB          
1 30243U 99025XC  26274.53170679  .00000307  00000+0  18634-3 0  9990
2 30243  98.6889 282.5182 0012291  11.0629 140.8151 14.13373395 14075
FENGYUN 1C DEB          
1 30244U 99025XD  26274.50815888  .00000318  00000+0  18681-3 0  9990
2 30244  99.1145 176.0034 0008745 199.6202 336.4427 14.15364486 14846
FENGYUN 1C DEB          
1 30245U 99025XE  26274.20186319  .00000584  00000+0  52711-3 0  9995
2 30245  98.9130 249.4882 0190802 187.0195 172.8280 13.79719407987262
FENGYUN 1C DEB          
1 30246U 99025XF  26274.54494422  .00000033  00000+0  83838-4 0  9994
2 30246  98.7077  21.0702 0370607  84.4007 341.7390 13.37164070960535
FENGYUN 1C DEB          
1 30247U 99025XG  26274.60013046  .00004472  00000+0  64299-3 0  9991
2 30247  98.2631 188.1262 0169542 152.8220 329.2643 14.67520001 15676
FENGYUN 1C DEB          
1 30248U 99025XH  26274.55503607  .00006756  00000+0  11611-2 0  9999
2 30248  99.0834 134.3145 0027286 339.8016  20.2104 14.68780746 16735
FENGYUN 1C DEB          
1 30249U 99025XJ  26274.32324133  .00005928  00000+0  10852-2 0  9996
2 30249  98.9620 108.5924 0021496 230.5716 304.4436 14.66109832 18293
FENGYUN 1C DEB          
1 30250U 99025XK  26273.91318142  .00000507  00000+0  35362-3 0  9997
2 30250  98.7720 259.4209 0066730 128.7887 292.9727 14.01895081  5852
FENGYUN 1C DEB          
1 30251U 99025XL  26274.10345624  .00000489  00000+0  20549-3 0  9995
2 30251  99.0233 128.4284 0050530 201.5479 310.5734 14.29883507 23194
FENGYUN 1C DEB          
1 30252U 99025XM  26274.28526182  .00000254  00000+0  16429-3 0  9997
2 30252  98.7340 285.9185 0067256 133.0495 240.5248 14.10108954 10867
FENGYUN 1C DEB          
1 30253U 99025XN  26274.18031740  .00001162  00000+0  10759-2 0  9996
2 30253  98.7342 342.4771 0219387 340.6116  37.0904 13.74006407980290
FENGYUN 1C DEB          
1 30257U 99025XS  26274.48290249  .00000027  00000+0  39215-4 0  9993
2 30257  98.7638 270.1658 0058496 352.3270 159.0128 14.09859694 13390
FENGYUN 1C DEB          
1 30259U 99025XU  26274.22374152  .00000688  00000+0  12540-3 0  9997
2 30259  98.7246 143.3556 0241247 100.3911  19.8515 14.52427717 37187
FENGYUN 1C DEB          
1 30263U 99025XY  26274.26139338  .00001488  00000+0  91013-3 0  9992
2 30263  98.9498  28.8940 0143856 267.0493 121.4468 14.02464681  1139
FENGYUN 1C DEB          
1 30264U 99025XZ  26274.15660311  .00000907  00000+0  52512-3 0  9997
2 30264  98.9480 332.1896 0106632 187.9653 199.5250 14.08580284  6731
FENGYUN 1C DEB          
1 30265U 99025YA  26274.33809666  .00004823  00000+0  91418-3 0  9995
2 30265  98.6793  42.6888 0026790 188.0974 199.1621 14.64545183 26780
FENGYUN 1C DEB          
1 30266U 99025YB  26274.64245019  .00001212  00000+0  61352-3 0  9999
2 30266  99.0243 347.8275 0080822 315.0527 205.4994 14.16418195  9355
FENGYUN 1C DEB          
1 30267U 99025YC  26274.46045932  .00001478  00000+0  63672-3 0  9993
2 30267  98.8347 352.4993 0058946 119.4182 241.2898 14.25187684 14614
FENGYUN 1C DEB          
1 30270U 99025YF  26274.46326834  .00000033  00000+0  41738-4 0  9996
2 30270  98.6951 284.1111 0008035  59.8949 100.9430 14.11384538 14897
FENGYUN 1C DEB          
1 30272U 99025YH  26274.18973820  .00001147  00000+0  59906-3 0  9992
2 30272  98.8830 345.9779 0048020 353.2643   6.7880 14.15857341  9924
FENGYUN 1C DEB          
1 30273U 99025YJ  26274.53621101  .00000161  00000+0  12878-3 0  9996
2 30273  98.8319 285.4838 0061464 151.8117 359.8266 14.03102184  6355
FENGYUN 1C DEB          
1 30274U 99025YK  26274.40093777  .00003840  00000+0  87328-3 0  9994
2 30274  99.3196  80.8880 0002143  51.4891  12.7084 14.56615133 24648
FENGYUN 1C DEB          
1 30275U 99025YL  26274.20904916  .00002522  00000+0  67420-3 0  9996
2 30275  98.6210   8.9693 0035592  25.1584   4.9115 14.48848701 23021
FENGYUN 1C DEB          
1 30276U 99025YM  26274.48166417  .00001297  00000+0  53368-3 0  9997
2 30276  98.8435 354.8540 0023178 316.3160  43.6186 14.28577656 16867
FENGYUN 1C DEB          
1 30277U 99025YN  26274.47652584  .00000947  00000+0  47962-3 0  9996
2 30277  98.9524 351.0490 0121726  69.2846 305.2141 14.14693665  9240
FENGYUN 1C DEB          
1 30279U 99025YQ  26274.40894882  .00000943  00000+0  34075-3 0  9997
2 30279  99.1763 226.5131 0216248 315.6524 163.5074 14.24087266 17753
FENGYUN 1C DEB          
1 30280U 99025YR  26274.44822340 -.00000027  00000+0  10285-4 0  9995
2 30280  98.8012 256.6529 0079654 237.0763 275.7561 13.98555636  4656
FENGYUN 1C DEB          
1 30281U 99025YS  26274.43999142  .00000186  00000+0  12790-3 0  9997
2 30281  98.7814 262.1426 0029478 127.4177  25.6957 14.10673770 13481
FENGYUN 1C DEB          
1 30282U 99025YT  26274.45488860  .00000185  00000+0  99322-4 0  9996
2 30282  98.5134 268.5165 0208408 242.1741 273.9126 14.13286870 14840
FENGYUN 1C DEB          
1 30283U 99025YU  26274.49997642  .00000210  00000+0  14398-3 0  9992
2 30283  98.8874 265.6680 0182292 307.9433 206.2292 14.02108497  7947
FENGYUN 1C DEB          
1 30284U 99025YV  26273.17091150  .00001616  00000+0  63319-3 0  9994
2 30284  98.7026 346.6567 0034566 335.9512  52.7988 14.30526117 16343
FENGYUN 1C DEB          
1 30286U 99025YX  26274.48785172  .00000043  00000+0  45104-4 0  9991
2 30286  98.6964 275.3075 0064282  20.4305 131.0073 14.12818806 15907
FENGYUN 1C DEB          
1 30287U 99025YY  26274.51263314  .00000804  00000+0  53712-3 0  9993
2 30287  98.6174 283.8922 0410439 313.3021 201.2094 13.69361743978640
FENGYUN 1C DEB          
1 30288U 99025YZ  26274.28582376  .00002169  00000+0  77666-3 0  9990
2 30288  99.3958  25.8941 0022297 201.4947 186.5274 14.35034417 17580
FENGYUN 1C DEB          
1 30289U 99025ZA  26274.53939111  .00002334  00000+0  94566-3 0  9994
2 30289  98.9295  22.0763 0037673 201.2961 288.1667 14.28349437 12504
FENGYUN 1C DEB          
1 30290U 99025ZB  26274.24295046  .00026548  00000+0  21495-2 0  9999
2 30290 102.6096 191.9276 0010151 342.9528 171.3322 14.99711138 22261
FENGYUN 1C DEB          
1 30291U 99025ZC  26273.55644907  .00003918  00000+0  75348-3 0  9990
2 30291  97.2114 129.4567 0098933 166.8055 223.9725 14.60970471 19489
FENGYUN 1C DEB          
1 30293U 99025ZE  26274.46973763  .00001118  00000+0  29088-3 0  9998
2 30293  99.2318 138.6443 0074327 325.1531 154.4103 14.50343257 32178
FENGYUN 1C DEB          
1 30294U 99025ZF  26274.45505319  .00000242  00000+0  80934-4 0  9991
2 30294  98.3815 259.1010 0197102 155.2729 356.0880 14.35485792 27347
FENGYUN 1C DEB          
1 30295U 99025ZG  26274.33460017  .00000145  00000+0  76621-4 0  9994
2 30295  98.4891 292.6451 0092184 307.2927  64.8080 14.25253968 23379
FENGYUN 1C DEB          
1 30297U 99025ZJ  26274.38556448  .00008278  00000+0  16970-2 0  9999
2 30297  98.8365 233.3077 0359812 346.5376 142.7662 14.27371653993209
FENGYUN 1C DEB          
1 30298U 99025ZK  26274.26023294  .00001854  00000+0  85241-3 0  9996
2 30298  99.0006  15.6125 0044593  10.5578  16.6968 14.21936354  9822
FENGYUN 1C DEB          
1 30299U 99025ZL  26274.47780856  .00001280  00000+0  72906-3 0  9991
2 30299  99.0795 353.8368 0102549 268.5159 105.5004 14.09059077  3939
FENGYUN 1C DEB          
1 30300U 99025ZM  26272.19547207  .00002756  00000+0  10649-2 0  9996
2 30300  99.0316 356.6803 0073580 175.8632 214.1484 14.29523425 11016
FENGYUN 1C DEB          
1 30301U 99025ZN  26274.44377115  .00007609  00000+0  14656-2 0  9990
2 30301  98.6459  82.0742 0057553 110.0973 278.3305 14.62783314 14843
FENGYUN 1C DEB          
1 30302U 99025ZP  26274.20211214  .00002172  00000+0  10786-2 0  9992
2 30302  98.5427 174.4547 0107270   0.7155 359.4154 14.15153992  1712
FENGYUN 1C DEB          
1 30303U 99025ZQ  26274.22975050  .00002509  00000+0  98602-3 0  9998
2 30303  99.0115   5.5834 0076033 158.7708 201.6656 14.28643838 11292
FENGYUN 1C DEB          
1 30304U 99025ZR  26274.19089479  .00001218  00000+0  61649-3 0  9993
2 30304  99.0179 355.4778 0071569 297.3250  62.0650 14.16741243  9520
FENGYUN 1C DEB          
1 30305U 99025ZS  26274.52733969  .00000158  00000+0  20364-3 0  9992
2 30305  98.5930 184.4238 0265733  54.7100 119.3715 13.60355245977543
FENGYUN 1C DEB          
1 30306U 99025ZT  26274.07267862  .00001244  00000+0  47162-3 0  9999
2 30306  98.5638 315.3518 0111205 218.4602 140.8617 14.29491024 18442
FENGYUN 1C DEB          
1 30309U 99025ZW  26274.09836128  .00000329  00000+0  27324-3 0  9992
2 30309  99.1890 334.9700 0094045 118.0302 243.0409 13.93707098  1040
FENGYUN 1C DEB          
1 30310U 99025ZX  26273.88488828  .00000535  00000+0  25779-3 0  9991
2 30310  98.6511 287.2747 0238113 248.7213 108.8383 14.09066853  8440
FENGYUN 1C DEB          
1 30311U 99025ZY  26274.19148479  .00000187  00000+0  20474-3 0  9992
2 30311  99.1353   3.9984 0165621 141.3581 219.9560 13.78095924989889
FENGYUN 1C DEB          
1 30312U 99025ZZ  26274.23627731  .00003464  00000+0  90586-3 0  9993
2 30312  98.8592  12.5899 0009748  62.3293 327.3619 14.50023176 21530
FENGYUN 1C DEB          
1 30313U 99025AAA 26274.21631745  .00001923  00000+0  78540-3 0  9996
2 30313  98.8696   9.2958 0057367 207.3342 182.6499 14.27630487 12565
FENGYUN 1C DEB          
1 30314U 99025AAB 26273.41195364  .00001171  00000+0  72508-3 0  9993
2 30314  98.4007  86.2124 0142376 253.6399 104.9074 14.02150516  1713
FENGYUN 1C DEB          
1 30315U 99025AAC 26274.46938034  .00000285  00000+0  15519-3 0  9993
2 30315  98.6005 280.4493 0034159 232.4945 284.8079 14.19406954 18597
FENGYUN 1C DEB          
1 30316U 99025AAD 26274.26409812  .00004646  00000+0  94274-3 0  9999
2 30316  98.6582  33.8126 0034074 217.2492 142.6344 14.61342958 26028
FENGYUN 1C DEB          
1 30317U 99025AAE 26274.42465190  .00000262  00000+0  18196-3 0  9998
2 30317  98.7980 271.8333 0025252 170.5780 189.5868 14.07072297 11262
FENGYUN 1C DEB          
1 30320U 99025AAH 26274.16134037 -.00000080  00000+0 -23495-4 0  9995
2 30320  99.1501 338.4013 0085876 212.1334 174.2036 13.98696033  4844
FENGYUN 1C DEB          
1 30321U 99025AAJ 26274.45366066  .00000252  00000+0  14400-3 0  9991
2 30321  98.6691 270.8562 0061604 116.5285  37.8242 14.16957253 16898
FENGYUN 1C DEB          
1 30322U 99025AAK 26273.98099670  .00001089  00000+0  62869-3 0  9994
2 30322  98.3738 115.5828 0125236 140.6708 220.3640 14.07039010  3055
FENGYUN 1C DEB          
1 30325U 99025AAL 26274.30295163 -.00000056  00000+0 -76143-5 0  9996
2 30325  98.7179 289.4233 0016882 143.7914 216.4403 14.09189891 11250
FENGYUN 1C DEB          
1 30326U 99025AAM 26274.10233472  .00000066  00000+0  85855-4 0  9998
2 30326  98.6122 143.6319 0141016 313.4087  45.5400 13.85578989995048
FENGYUN 1C DEB          
1 30327U 99025AAN 26274.43535617  .00002116  00000+0  94573-3 0  9995
2 30327  98.4250 159.8663 0118009  14.9041 161.9248 14.19996684  5947
FENGYUN 1C DEB          
1 30328U 99025AAP 26274.49028706  .00000093  00000+0  73093-4 0  9995
2 30328  98.6843 280.6787 0006308  56.0613  97.3890 14.12602715 13911
FENGYUN 1C DEB          
1 30329U 99025AAQ 26274.26320529  .00000235  00000+0  22177-3 0  9993
2 30329  99.2630 195.9473 0141350 331.5223 181.3592 13.86985017994659
FENGYUN 1C DEB          
1 30330U 99025AAR 26274.44634859  .00000838  00000+0  70286-3 0  9992
2 30330  98.9067 255.7589 0187169 115.7434  34.6718 13.82925601987020
FENGYUN 1C DEB          
1 30331U 99025AAS 26274.36431719  .00000297  00000+0  23038-3 0  9996
2 30331  98.9255 306.3717 0095108 280.0168  92.6735 13.98107615  2033
FENGYUN 1C DEB          
1 30332U 99025AAT 26274.19451581  .00000209  00000+0  23035-3 0  9997
2 30332  99.7494 257.5433 0177838  63.5819 311.3242 13.76969196987401
FENGYUN 1C DEB          
1 30334U 99025AAV 26274.20029436  .00001429  00000+0  10348-2 0  9998
2 30334  99.0227  11.4476 0142244 262.6741 126.2759 13.93458444992931
FENGYUN 1C DEB          
1 30335U 99025AAW 26274.42499981  .00000276  00000+0  19465-3 0  9998
2 30335  98.9304 264.0281 0136506  38.9478 117.0673 14.01524458  6872
FENGYUN 1C DEB          
1 30336U 99025AAX 26274.30939997  .00000309  00000+0  16519-3 0  9996
2 30336  98.5833 291.5352 0042295 241.3654 184.4362 14.19670964 17505
FENGYUN 1C DEB          
1 30338U 99025AAZ 26274.46909347  .00001491  00000+0  25483-3 0  9994
2 30338  98.4314 349.7592 0262486  22.1220 350.9728 14.50333136 23855
FENGYUN 1C DEB          
1 30339U 99025ABA 26274.32272580  .00002798  00000+0  86668-3 0  9995
2 30339  98.9781  39.8562 0019612 288.5429  99.4555 14.41941921 16361
FENGYUN 1C DEB          
1 30340U 99025ABB 26274.09310916  .00000213  00000+0  14555-3 0  9993
2 30340  98.9615 332.7689 0145730  40.5574 348.9604 14.04711695  8856
FENGYUN 1C DEB          
1 30341U 99025ABC 26274.26325215  .00003045  00000+0  10134-2 0  9995
2 30341  99.2089 187.5195 0046871 292.6809 219.4872 14.37831171 12808
FENGYUN 1C DEB          
1 30342U 99025ABD 26274.06020649  .00000333  00000+0  32873-3 0  9999
2 30342 100.1866 121.2332 0168539  91.0799  70.5363 13.80393924989212
FENGYUN 1C DEB          
1 30344U 99025ABF 26274.22557483  .00003686  00000+0  83524-3 0  9993
2 30344  98.8160  16.9657 0005128 299.3506 120.3103 14.56757142 23290
FENGYUN 1C DEB          
1 30345U 99025ABG 26274.17489246  .00002488  00000+0  72855-3 0  9993
2 30345  98.9057 352.0329 0016904 102.0575 258.2510 14.44796875 19939
FENGYUN 1C DEB          
1 30346U 99025ABH 26274.53141382  .00002958  00000+0  10019-2 0  9995
2 30346  98.8119  22.3501 0054252 238.3413 182.0734 14.36729686 16137
FENGYUN 1C DEB          
1 30347U 99025ABJ 26274.43950266  .00000118  00000+0  11121-3 0  9996
2 30347  98.4014  76.0362 0148859 299.7118  84.2137 13.92900630   368
FENGYUN 1C DEB          
1 30348U 99025ABK 26274.25034013  .00002318  00000+0  78464-3 0  9997
2 30348  98.8663  22.4602 0019531 226.9221 163.0863 14.37718771 17303
FENGYUN 1C DEB          
1 30349U 99025ABL 26274.39344932  .00001456  00000+0  77902-3 0  9995
2 30349  98.6034 229.8157 0084557 257.8575 256.7902 14.12859014  3552
FENGYUN 1C DEB          
1 30350U 99025ABM 26274.36457028  .00000649  00000+0  51893-3 0  9999
2 30350  98.1260  57.6665 0218296 221.3537 166.7668 13.83333958990278
FENGYUN 1C DEB          
1 30352U 99025ABP 26274.31988461  .00000108  00000+0  88965-4 0  9997
2 30352  98.7469 291.4509 0027912 211.0069 162.5590 14.07761600 10199
FENGYUN 1C DEB          
1 30355U 99025ABS 26274.51169036  .00000644  00000+0  32110-3 0  9996
2 30355  98.5946 275.0060 0053035 182.3321 329.9481 14.19516226 14913
FENGYUN 1C DEB          
1 30356U 99025ABT 26274.47787150  .00000561  00000+0  31560-3 0  9991
2 30356  98.6989 266.3753 0052496 172.7979 338.9757 14.13695441 11392
FENGYUN 1C DEB          
1 30357U 99025ABU 26274.55685563 -.00000139  00000+0 -58663-4 0  9993
2 30357  98.7807 297.9656 0048519 226.8656 285.4107 14.05379089  9142
FENGYUN 1C DEB          
1 30358U 99025ABV 26274.02009698  .00001475  00000+0  65978-3 0  9993
2 30358  98.5566  99.2897 0082434  70.8248  79.8725 14.22268684 10679
FENGYUN 1C DEB          
1 30359U 99025ABW 26274.02156192  .00002189  00000+0  15159-2 0  9994
2 30359 101.6151 179.8769 0145158 336.4018  23.0520 13.95646519991441
FENGYUN 1C DEB          
1 30360U 99025ABX 26274.19065741  .00001505  00000+0  62055-3 0  9992
2 30360  98.7470 349.1924 0027841  16.9109   9.9279 14.28136002 15716
FENGYUN 1C DEB          
1 30361U 99025ABY 26274.05089075  .00001037  00000+0  43969-3 0  9997
2 30361  98.5450 308.1120 0063542 255.7555 103.6562 14.26418747 17831
FENGYUN 1C DEB          
1 30362U 99025ABZ 26274.26030289  .00002078  00000+0  10807-2 0  9994
2 30362  99.0509 205.2823 0088881 240.2962 118.9342 14.13799870  2973
FENGYUN 1C DEB          
1 30363U 99025ACA 26272.44939091  .00001363  00000+0  66444-3 0  9997
2 30363  99.0161 353.1009 0076227 291.0673  68.2363 14.18346401  9263
FENGYUN 1C DEB          
1 30364U 99025ACB 26274.21258944  .00001460  00000+0  41927-3 0  9993
2 30364  98.1218 172.2096 0318826 182.9893 330.1710 14.20526336997891
FENGYUN 1C DEB          
1 30365U 99025ACC 26274.47111120  .00000299  00000+0  14177-3 0  9992
2 30365  98.6382 266.4533 0166403 347.0001 164.5883 14.19535827 17467
FENGYUN 1C DEB          
1 30366U 99025ACD 26274.34976084  .00000656  00000+0  24521-3 0  9998
2 30366  98.9300 206.1551 0063501  82.4867  36.9606 14.34201466 25175
FENGYUN 1C DEB          
1 30368U 99025ACF 26274.54699823  .00000232  00000+0  25260-3 0  9996
2 30368  99.1988  15.1315 0185071 255.5180 117.6815 13.75543577986874
FENGYUN 1C DEB          
1 30369U 99025ACG 26274.43582296  .00000173  00000+0  11154-3 0  9991
2 30369  98.7368 269.1725 0100408  83.9133  72.5695 14.12265576 13788
FENGYUN 1C DEB          
1 30370U 99025ACH 26274.18536992  .00001129  00000+0  52199-3 0  9993
2 30370  99.0335 341.4507 0100537 202.5857 180.6410 14.20314637 12445
FENGYUN 1C DEB          
1 30371U 99025ACJ 26274.08853803  .00001207  00000+0  47123-3 0  9994
2 30371  98.5501 317.7300 0008202 180.4338 208.8178 14.31426206 20829
FENGYUN 1C DEB          
1 30374U 99025ACM 26274.50110770  .00003589  00000+0  67177-3 0  9999
2 30374  99.2481 178.8897 0039493   0.4528 174.4144 14.65104995 32034
FENGYUN 1C DEB          
1 30377U 99025ACQ 26274.33781013  .00000690  00000+0  47346-3 0  9993
2 30377  98.8794 290.2060 0118031 175.4838 198.7305 13.99452490  3008
FENGYUN 1C DEB          
1 30379U 99025ACS 26274.49494926  .00000357  00000+0  23207-3 0  9996
2 30379  98.7495 285.4702 0036483 171.1879 343.6035 14.08292268  9300
FENGYUN 1C DEB          
1 30380U 99025ACT 26274.43797103  .00000477  00000+0  11000-3 0  9996
2 30380  98.8756 343.8365 0176678  55.4058 306.3659 14.51306841 38098
FENGYUN 1C DEB          
1 30381U 99025ACU 26274.56626651  .00000895  00000+0  48820-3 0  9994
2 30381  98.7900 309.8373 0053083 323.0263  36.7256 14.13926070963034
FENGYUN 1C DEB          
1 30382U 99025ACV 26274.05872260  .00000912  00000+0  35183-3 0  9996
2 30382  98.4722 308.3063 0152606 220.0132 168.7847 14.26398119 16982
FENGYUN 1C DEB          
1 30385U 99025ACY 26274.39104627  .00000317  00000+0  10855-3 0  9999
2 30385  99.0527 316.7952 0125504 148.3907 225.4857 14.39226866 29769
FENGYUN 1C DEB          
1 30386U 99025ACZ 26274.56495655  .00000915  00000+0  10011-2 0  9990
2 30386  98.6688 140.5594 0303484 115.9897 276.3247 13.56382261967984
FENGYUN 1C DEB          
1 30387U 99025ADA 26274.50103021  .00000244  00000+0  14732-3 0  9998
2 30387  98.6474 285.7919 0001225  77.7118  76.0721 14.15332638 14658
FENGYUN 1C DEB          
1 30388U 99025ADB 26274.55960506  .00000507  00000+0  20394-3 0  9996
2 30388  98.5820 292.0154 0218461 295.2299 218.3998 14.20417526 15849
FENGYUN 1C DEB          
1 30389U 99025ADC 26274.21415448  .00002793  00000+0  76592-3 0  9990
2 30389  98.8321  12.6259 0012113  75.9752 314.0066 14.47884010 20126
FENGYUN 1C DEB          
1 30390U 99025ADD 26274.24517565  .00001560  00000+0  58687-3 0  9994
2 30390  98.8147   6.6263 0064773  30.5452  31.2067 14.31802597 15671
FENGYUN 1C DEB          
1 30391U 99025ADE 26274.57447307  .00000960  00000+0  48418-3 0  9991
2 30391  98.7565 321.3862 0072277 144.4419  14.6852 14.17278456 10131
FENGYUN 1C DEB          
1 30392U 99025ADF 26274.29709859  .00000324  00000+0  18719-3 0  9999
2 30392  98.7708 289.8980 0178721 251.6543 119.2087 14.08022700  7799
FENGYUN 1C DEB          
1 30393U 99025ADG 26274.63228214  .00000438  00000+0  32650-3 0  9995
2 30393  99.1246 336.7513 0071064 174.4418 343.6654 13.99078647  4207
FENGYUN 1C DEB          
1 30394U 99025ADH 26274.12227267  .00000309  00000+0  25099-3 0  9993
2 30394  99.4030 313.8866 0089355  30.0814 350.2092 13.95971664  1831
FENGYUN 1C DEB          
1 30395U 99025ADJ 26274.02819009  .00000378  00000+0  27207-3 0  9993
2 30395  98.9204 286.1239 0158459 300.3915  83.0540 13.97046684   994
FENGYUN 1C DEB          
1 30396U 99025ADK 26273.91900286  .00000062  00000+0  77246-4 0  9998
2 30396  98.2454 249.1440 0134965  42.1338 344.2693 13.87250751996305
FENGYUN 1C DEB          
1 30397U 99025ADL 26274.31371932  .00000701  00000+0  46200-3 0  9999
2 30397  98.4363  44.0883 0147928 351.3434  37.6985 13.99530417998565
FENGYUN 1C DEB          
1 30398U 99025ADM 26274.49477576  .00000198  00000+0  21626-3 0  9995
2 30398  99.6939 182.9932 0171927 252.4529 286.3156 13.78946839987913
FENGYUN 1C DEB          
1 30400U 99025ADP 26274.31495316  .00001468  00000+0  65467-3 0  9994
2 30400  99.1616 213.1610 0215818 234.9783 279.5630 14.12803153996426
FENGYUN 1C DEB          
1 30401U 99025ADQ 26274.13814494  .00000174  00000+0  83287-4 0  9991
2 30401  98.9067 162.6342 0107156   0.2206 359.9004 14.28197916 24782
FENGYUN 1C DEB          
1 30403U 99025ADS 26274.49221107  .00002096  00000+0  91302-3 0  9996
2 30403  99.0520   6.0167 0073872 262.4094  96.8688 14.23700767  9697
FENGYUN 1C DEB          
1 30404U 99025ADT 26274.18034265  .00000527  00000+0  74683-3 0  9990
2 30404  99.8259   0.0630 0382537 151.0063 211.2909 13.34753206619372
FENGYUN 1C DEB          
1 30405U 99025ADU 26274.54109914  .00001607  00000+0  62212-3 0  9990
2 30405  98.7953  16.4510 0047631  18.9870 108.2796 14.30853609 15745
FENGYUN 1C DEB          
1 30406U 99025ADV 26274.10241096  .00000740  00000+0  80736-3 0  9999
2 30406  98.6032 135.0425 0279434 316.0447 197.4620 13.59973572971396
FENGYUN 1C DEB          
1 30408U 99025ADX 26273.70358958  .00004084  00000+0  13339-2 0  9991
2 30408  99.0214 251.0719 0043923 172.8331   5.8180 14.38599878657296
FENGYUN 1C DEB          
1 30409U 99025ADY 26274.38584091  .00000785  00000+0  46023-3 0  9997
2 30409  98.5017 247.7423 0165155 258.5275 258.8234 14.04337156  5342
FENGYUN 1C DEB          
1 30411U 99025AEA 26274.14973080  .00001701  00000+0  93183-3 0  9992
2 30411  98.5688 175.6213 0124152 358.0716   1.9961 14.09294686   998
FENGYUN 1C DEB          
1 30413U 99025AEC 26274.21980419  .00002592  00000+0  91640-3 0  9991
2 30413 102.0668 266.3629 0043638 171.2940 256.3707 14.35518230 13262
FENGYUN 1C DEB          
1 30414U 99025AED 26273.44643264  .00002155  00000+0  72821-3 0  9995
2 30414  99.1020  91.4924 0056122  55.0293 305.6143 14.37119226 12656
FENGYUN 1C DEB          
1 30415U 99025AEE 26274.47272001  .00000896  00000+0  89285-3 0  9999
2 30415  99.6325 340.0244 0232618 237.1179 256.9562 13.69622212978843
FENGYUN 1C DEB          
1 30416U 99025AEF 26274.02654638 -.00000123  00000+0 -51642-4 0  9993
2 30416  98.8140 294.3953 0056601  94.6047 266.1588 14.02822663  7220
FENGYUN 1C DEB          
1 30417U 99025AEG 26274.42018590  .00000245  00000+0  14617-3 0  9992
2 30417  98.7172 262.2294 0063879   5.3981 155.8004 14.14945212 15212
FENGYUN 1C DEB          
1 30418U 99025AEH 26274.49192536  .00002903  00000+0  29542-3 0  9999
2 30418  98.8499 112.2497 0102328 261.1990 127.8888 14.87911598 49418
FENGYUN 1C DEB          
1 30419U 99025AEJ 26274.39769442  .00000572  00000+0  29529-3 0  9990
2 30419  99.2664 238.6620 0050518 279.0771 232.8899 14.18689266 14988
FENGYUN 1C DEB          
1 30432U 99025AET 26273.49545500  .00000695  00000+0  21984-3 0  9995
2 30432  98.8184 186.9234 0080774 190.3599 169.5928 14.41624870 29375
FENGYUN 1C DEB          
1 30434U 99025AEV 26274.43191009  .00000193  00000+0  17685-3 0  9999
2 30434  99.0268 257.5909 0121383 154.5731 358.1255 13.90882255997750
FENGYUN 1C DEB          
1 30435U 99025AEW 26274.45085396  .00002027  00000+0  16588-2 0  9991
2 30435  99.0320 252.7027 0208978  49.8543  99.6877 13.81007592981989
FENGYUN 1C DEB          
1 30436U 99025AEX 26274.64582160  .00002721  00000+0  11246-2 0  9991
2 30436  98.4070 161.2561 0098572 358.7907  30.3691 14.24867146  6065
FENGYUN 1C DEB          
1 30437U 99025AEY 26274.45793142  .00010387  00000+0  80847-3 0  9996
2 30437  98.8889 338.6950 0022610 236.0470 245.7729 15.01283574 35590
FENGYUN 1C DEB          
1 30438U 99025AEZ 26274.45492478  .00001094  00000+0  80962-3 0  9998
2 30438  98.7432 280.2914 0134871 101.7706 259.8621 13.92991374993805
FENGYUN 1C DEB          
1 30439U 99025AFA 26273.79343446  .00000195  00000+0  13622-3 0  9995
2 30439  98.7457 281.9749 0037471 227.9348 308.0630 14.09165301  8927
FENGYUN 1C DEB          
1 30441U 99025AFC 26274.18690353  .00000326  00000+0  32397-3 0  9990
2 30441  99.1226 357.3712 0184056 201.7393 157.5874 13.77966644988971
FENGYUN 1C DEB          
1 30442U 99025AFD 26274.27371140  .00002376  00000+0  90174-3 0  9995
2 30442  98.8677  18.2471 0055299 156.3455 204.0288 14.31184168 13423
FENGYUN 1C DEB          
1 30443U 99025AFE 26274.30938758  .00002474  00000+0  79818-3 0  9995
2 30443  98.8628 235.6638 0023237 188.4573 171.6225 14.39983832 16408
FENGYUN 1C DEB          
1 30445U 99025AFG 26273.86488613  .00000701  00000+0  18292-3 0  9997
2 30445  98.8705 244.7109 0102356 217.9920 141.4023 14.49917451 34141
FENGYUN 1C DEB          
1 30446U 99025AFH 26274.18222923  .00002187  00000+0  60359-3 0  9995
2 30446  98.6044   6.1717 0031547 293.2650  66.5222 14.47541912 24051
FENGYUN 1C DEB          
1 30447U 99025AFJ 26274.26951977  .00003398  00000+0  67977-3 0  9991
2 30447  98.9536 164.2919 0050971 219.9930 269.0544 14.61777045 23543
FENGYUN 1C DEB          
1 30448U 99025AFK 26274.52349716  .00002353  00000+0  79530-3 0  9991
2 30448  98.8317  18.4852 0017969 222.6604 200.1302 14.37785103 15439
FENGYUN 1C DEB          
1 30450U 99025AFM 26274.30175428  .00002016  00000+0  31018-3 0  9992
2 30450  98.0703 287.2793 0184250   8.6391   3.8114 14.63823130 38140
FENGYUN 1C DEB          
1 30452U 99025AFP 26274.49855457  .00006739  00000+0  99448-3 0  9998
2 30452  99.3362 100.2036 0040372  72.5283 314.6845 14.75140506 23956
FENGYUN 1C DEB          
1 30453U 99025AFQ 26274.47857894  .00001414  00000+0  56677-3 0  9996
2 30453  98.7948 352.4113 0113882  98.2911  29.2532 14.26335925 14068
FENGYUN 1C DEB          
1 30454U 99025AFR 26274.34021700  .00003432  00000+0  14566-2 0  9994
2 30454  98.1369 224.9941 0170092  61.3804  89.2408 14.18397290  1002
FENGYUN 1C DEB          
1 30462U 99025AFZ 26274.42425156  .00000405  00000+0  24775-3 0  9996
2 30462  98.8430 260.6317 0139932 148.0657   6.7482 14.06453344  9035
FENGYUN 1C DEB          
1 30464U 99025AGB 26274.07302774  .00000115  00000+0  84189-4 0  9993
2 30464  98.7958 323.6773 0109760 151.8567 238.5387 14.10329987 11802
FENGYUN 1C DEB          
1 30465U 99025AGC 26274.23979179  .00002264  00000+0  78889-3 0  9997
2 30465  98.8265  14.0333 0017126 241.5710 147.8573 14.36309899 15529
FENGYUN 1C DEB          
1 30466U 99025AGD 26274.07022487  .00001085  00000+0  46233-3 0  9999
2 30466  98.6313 313.8349 0115100 255.4640 133.2169 14.23675863 15091
FENGYUN 1C DEB          
1 30467U 99025AGE 26274.02516937  .00000821  00000+0  41256-3 0  9990
2 30467  98.6547 299.4868 0063375   8.5059  21.2131 14.18149796 13079
FENGYUN 1C DEB          
1 30468U 99025AGF 26274.21707505  .00001516  00000+0  68459-3 0  9991
2 30468  98.9124   3.6842 0070799 278.6876 109.9501 14.22357910  9452
FENGYUN 1C DEB          
1 30469U 99025AGG 26274.52952825  .00000770  00000+0  51834-3 0  9993
2 30469  98.4608 107.4038 0159225  71.7491 314.4466 13.97249340997943
FENGYUN 1C DEB          
1 30471U 99025AGJ 26272.22350983  .00001513  00000+0  77769-3 0  9999
2 30471  99.0509   8.6903 0082063 154.2754 236.3040 14.15095783  5390
FENGYUN 1C DEB          
1 30472U 99025AGK 26274.29657185  .00004279  00000+0  91601-3 0  9996
2 30472  98.6623  31.5225 0034639 260.7162 153.4357 14.58926022 22954
FENGYUN 1C DEB          
1 30474U 99025AGM 26274.23999318  .00002360  00000+0  74669-3 0  9993
2 30474  98.9221  10.1126 0025198 216.5480 171.7989 14.40959219 15993
FENGYUN 1C DEB          
1 30475U 99025AGN 26274.44394095  .00000771  00000+0  40608-3 0  9998
2 30475  98.7690 316.7340 0043867 174.2373 311.0854 14.16438777 10921
FENGYUN 1C DEB          
1 30476U 99025AGP 26274.08665272  .00001325  00000+0  61041-3 0  9997
2 30476  99.1036 325.7816 0046035 184.5430 206.2362 14.22342768  9969
FENGYUN 1C DEB          
1 30477U 99025AGQ 26274.44566674  .00001127  00000+0  16659-2 0  9998
2 30477  99.4189 335.3705 0428190 293.7925  76.1860 13.24425965945939
FENGYUN 1C DEB          
1 30480U 99025AGS 26274.49079184  .00000398  00000+0  13662-3 0  9993
2 30480  98.2187 279.9605 0164637 351.1945 161.1442 14.34015705 28633
FENGYUN 1C DEB          
1 30481U 99025AGT 26274.54897059  .00000780  00000+0  19643-3 0  9999
2 30481  98.3239 288.9771 0222721  98.6294  51.4398 14.39998470 26886
FENGYUN 1C DEB          
1 30489U 99025AHB 26274.51046970  .00000233  00000+0  12534-3 0  9997
2 30489  98.4634 280.0018 0140262 140.5064  10.5068 14.16108229 15295
FENGYUN 1C DEB          
1 30492U 99025AHE 26274.42892635  .00006089  00000+0  12075-2 0  9992
2 30492 102.3236  74.8966 0087479   4.2085 355.9816 14.60474225 11511
FENGYUN 1C DEB          
1 30493U 99025AHF 26274.47189015  .00000890  00000+0  60892-3 0  9994
2 30493  98.5842  88.9509 0181461 125.7737 262.4510 13.94313283991735
FENGYUN 1C DEB          
1 30494U 99025AHG 26274.03051564  .00000708  00000+0  63253-3 0  9996
2 30494  99.2584 308.4906 0187029 167.5089 193.0794 13.80109369985175
FENGYUN 1C DEB          
1 30495U 99025AHH 26274.30272563  .00000267  00000+0  51071-3 0  9996
2 30495 102.2736  43.6377 0590649  27.2075 335.8709 12.95387003924604
FENGYUN 1C DEB          
1 30496U 99025AHJ 26274.29816567  .00001689  00000+0  12820-3 0  9991
2 30496  98.7921 220.9913 0118048 226.5834 132.5514 14.98615824 55209
FENGYUN 1C DEB          
1 30498U 99025AHL 26274.10544747  .00001134  00000+0  66980-3 0  9992
2 30498  99.2259 336.2374 0098847  65.4312 325.1588 14.07481208998808
FENGYUN 1C DEB          
1 30500U 99025AHN 26274.26383779  .00002333  00000+0  94219-3 0  9997
2 30500  99.0740  21.3546 0060018 351.7193  37.2015 14.27941372  8493
FENGYUN 1C DEB          
1 30501U 99025AHP 26274.52816384  .00001703  00000+0  71185-3 0  9997
2 30501  99.0941 281.3930 0041882  79.8940  77.1264 14.27059717 10921
FENGYUN 1C DEB          
1 30503U 99025AHR 26274.09240550  .00000204  00000+0  12647-3 0  9990
2 30503  99.1745 132.0089 0008896 154.1306 357.6886 14.16386533 14853
FENGYUN 1C DEB          
1 30504U 99025AHS 26274.14064698  .00000142  00000+0  80776-4 0  9994
2 30504  98.9906 330.9440 0111546 101.4585 259.9143 14.21061774 15451
FENGYUN 1C DEB          
1 30505U 99025AHT 26274.52030527  .00001644  00000+0  72536-3 0  9993
2 30505  98.9153   2.8889 0063938 122.4442 359.5722 14.23631678 10794
FENGYUN 1C DEB          
1 30506U 99025AHU 26274.48022972  .00000256  00000+0  16929-3 0  9996
2 30506  98.7620 276.2930 0069166 240.0296 273.8996 14.08917227  9440
FENGYUN 1C DEB          
1 30507U 99025AHV 26274.46769775  .00001130  00000+0  56987-3 0  9994
2 30507  98.9922 345.9555 0126926  69.4463 304.8086 14.14224779  6231
FENGYUN 1C DEB          
1 30509U 99025AHX 26273.54092495  .00001487  00000+0  84002-3 0  9996
2 30509  98.4520 132.4706 0100527 315.0596 105.5515 14.09137193998303
FENGYUN 1C DEB          
1 30510U 99025AHY 26274.55754428  .00001155  00000+0  61358-3 0  9992
2 30510  99.2310 301.1532 0078045  65.9227  85.2812 14.14088113  7087
FENGYUN 1C DEB          
1 30514U 99025AJC 26274.48153150  .00000671  00000+0  21364-3 0  9998
2 30514  98.3922 295.2792 0170239 301.9739  56.4995 14.35252796 24219
FENGYUN 1C DEB          
1 30515U 99025AJD 26274.42283747  .00000540  00000+0  31058-3 0  9995
2 30515  98.4772 120.1430 0494708  18.2223  95.0621 13.64615727973211
FENGYUN 1C DEB          
1 30516U 99025AJE 26274.06656211  .00002689  00000+0  78314-3 0  9998
2 30516  98.8661  34.8002 0010083 148.6348 266.7378 14.45026954 19322
FENGYUN 1C DEB          
1 30520U 99025AJJ 26274.42910968  .00011050  00000+0  40919-3 0  9997
2 30520  98.6998 137.8789 0052681 189.3240 170.7021 15.26562938 54906
FENGYUN 1C DEB          
1 30521U 99025AJK 26274.41558409  .00001047  00000+0  20452-3 0  9990
2 30521  99.0251  79.4424 0133558  73.0695 288.5094 14.59902981 38481
FENGYUN 1C DEB          
1 30523U 99025AJM 26274.45120640  .00000438  00000+0  14352-3 0  9993
2 30523  98.5006 249.8577 0241313 327.6596 186.3638 14.28356882 22788
FENGYUN 1C DEB          
1 30524U 99025AJN 26270.97614624  .00003875  00000+0  24546-2 0  9990
2 30524  99.3220  90.6340 0199115 186.0139 173.8629 13.95281512979151
FENGYUN 1C DEB          
1 30525U 99025AJP 26274.54141321  .00000536  00000+0  58976-3 0  9993
2 30525  98.5772 129.0179 0290871 264.6345  92.1554 13.59298655970949
FENGYUN 1C DEB          
1 30526U 99025AJQ 26274.46825226  .00001026  00000+0  12480-2 0  9992
2 30526  99.5322 349.8221 0307782 251.7777 104.9635 13.50295787966084
FENGYUN 1C DEB          
1 30527U 99025AJR 26274.10375601  .00000741  00000+0  10313-2 0  9997
2 30527 100.0419 316.4628 0409578 250.3005 131.3540 13.31584645952476
FENGYUN 1C DEB          
1 30528U 99025AJS 26274.38328910  .00000324  00000+0  17275-3 0  9991
2 30528  98.2003 125.6069 0144593  99.9089  25.9020 14.13847234 12706
FENGYUN 1C DEB          
1 30529U 99025AJT 26273.13391053  .00000604  00000+0  58105-3 0  9990
2 30529  98.4743 166.8148 0229121 161.1711 199.8090 13.72317978980040
FENGYUN 1C DEB          
1 30530U 99025AJU 26274.03940787  .00000265  00000+0  98432-4 0  9997
2 30530  98.3624 309.7672 0098379 343.6444  44.5799 14.37158702 29842
FENGYUN 1C DEB          
1 30531U 99025AJV 26274.38227966  .00007990  00000+0  12684-2 0  9998
2 30531 102.3084 250.9524 0023162 120.7291 239.6186 14.72443231 19809
FENGYUN 1C DEB          
1 30533U 99025AJX 26274.38949532  .00004202  00000+0  85233-3 0  9994
2 30533  98.8476  66.2001 0071911 335.4555  53.2615 14.60175081 20739
FENGYUN 1C DEB          
1 30539U 99025AKD 26273.95251088  .00000937  00000+0  20379-3 0  9995
2 30539  98.8985 278.5655 0115559 107.1946 254.1939 14.56625408 35968
FENGYUN 1C DEB          
1 30540U 99025AKE 26274.27887478  .00002208  00000+0  78197-3 0  9995
2 30540  98.8891  35.3844 0050256 281.8318 107.5247 14.34915879 14780
FENGYUN 1C DEB          
1 30541U 99025AKF 26274.09573227  .00001031  00000+0  46620-3 0  9999
2 30541  98.6707 321.8418 0015261 314.8054  45.1883 14.24158753 14812
FENGYUN 1C DEB          
1 30542U 99025AKG 26274.02804308  .00000026  00000+0  40773-4 0  9997
2 30542  98.7599 299.1082 0027217 228.2483 161.2792 14.07100538 10145
FENGYUN 1C DEB          
1 30543U 99025AKH 26274.48907414  .00000277  00000+0  19885-3 0  9997
2 30543  98.8312 280.7916 0070960 295.0069 219.2421 14.03924550  6116
FENGYUN 1C DEB          
1 30545U 99025AKK 26274.42850497  .00000101  00000+0  18609-3 0  9990
2 30545  98.9916  91.2786 0472174  21.6617 340.3770 13.20949586947946
FENGYUN 1C DEB          
1 30546U 99025AKL 26274.57085858  .00003437  00000+0  32962-3 0  9991
2 30546  98.8717 171.6943 0084831 305.7445 172.7733 14.91276510 48168
FENGYUN 1C DEB          
1 30547U 99025AKM 26273.88859561  .00000255  00000+0  94817-4 0  9998
2 30547  98.8723 132.0050 0096434  75.5628 297.9442 14.38105625 29191
FENGYUN 1C DEB          
1 30548U 99025AKN 26273.62385507  .00001695  00000+0  67600-3 0  9993
2 30548  99.6777 207.4987 0063443 228.7583 256.6872 14.29026744182612
FENGYUN 1C DEB          
1 30549U 99025AKP 26274.55342476  .00001266  00000+0  61441-3 0  9996
2 30549  98.4858  19.1920 0288533 154.6319 206.9339 14.00350172993900
FENGYUN 1C DEB          
1 30550U 99025AKQ 26274.55481574  .00001238  00000+0  75541-3 0  9996
2 30550  99.0429 173.4653 0124013 204.0634 278.3614 14.04168334995027
FENGYUN 1C DEB          
1 30552U 99025AKS 26274.14555850  .00005237  00000+0  10607-2 0  9996
2 30552  98.8472  69.3847 0012560  87.1556 273.1080 14.61692469 19142
FENGYUN 1C DEB          
1 30553U 99025AKT 26274.32099254  .00008463  00000+0  10337-2 0  9992
2 30553  99.1359  53.1947 0016170 307.9055  52.0692 14.83509194 27846
FENGYUN 1C DEB          
1 30555U 99025AKV 26274.14062872  .00001282  00000+0  59270-3 0  9992
2 30555  98.7337 329.9576 0043599 148.9840 237.2214 14.22128358 10910
FENGYUN 1C DEB          
1 30556U 99025AKW 26274.45851192 -.00000084  00000+0 -27392-4 0  9990
2 30556  98.8024 262.1177 0067148 143.6269   7.8593 14.01653582  3511
FENGYUN 1C DEB          
1 30557U 99025AKX 26274.12442693  .00001328  00000+0  73345-3 0  9995
2 30557  98.9021 342.1371 0069604 127.9465 232.8023 14.11932485  4249
FENGYUN 1C DEB          
1 30558U 99025AKY 26267.28532358  .00001524  00000+0  20710-2 0  9998
2 30558  99.4740  30.3874 0421902 302.8221  53.2934 13.29464843945511
FENGYUN 1C DEB          
1 30560U 99025ALA 26274.42641937  .00000223  00000+0  12261-3 0  9997
2 30560  98.6838 266.1366 0116208  91.6517  64.8751 14.17339019 15156
FENGYUN 1C DEB          
1 30561U 99025ALB 26274.46673251  .00000299  00000+0  18505-3 0  9996
2 30561  98.7337 273.6025 0059895   4.4339 149.1809 14.11568695 11086
FENGYUN 1C DEB          
1 30562U 99025ALC 26274.13992037  .00001555  00000+0  67456-3 0  9992
2 30562  98.7447 345.6029 0060291 139.8064 250.6140 14.24659352 11545
FENGYUN 1C DEB          
1 30564U 99025ALE 26274.29903686  .00000697  00000+0  37267-3 0  9996
2 30564  98.7914 282.8754 0201302  16.8632 355.8462 14.06426069  4069
FENGYUN 1C DEB          
1 30565U 99025ALF 26274.56341661  .00001572  00000+0  81330-3 0  9999
2 30565  98.4414 132.6036 0136871 239.6022 149.0250 14.11593483   507
FENGYUN 1C DEB          
1 30566U 99025ALG 26274.13617627  .00000953  00000+0  52616-3 0  9998
2 30566  99.1951 335.5168 0067669  84.0432 306.6674 14.12803018  5096
FENGYUN 1C DEB          
1 30567U 99025ALH 26273.77834698  .00000340  00000+0  20832-3 0  9992
2 30567  98.7991 262.2960 0109879  85.1503  39.2622 14.09170180  8866
FENGYUN 1C DEB          
1 30568U 99025ALJ 26274.50857888  .00004210  00000+0  85864-3 0  9997
2 30568  98.9428 112.0913 0018715  17.3732  12.5862 14.61443514 19205
FENGYUN 1C DEB          
1 30569U 99025ALK 26274.43268535  .00012278  00000+0  13553-2 0  9993
2 30569  98.7476  84.8400 0005208 228.8524 131.2241 14.87617480 25317
FENGYUN 1C DEB          
1 30570U 99025ALL 26274.31298703  .00000370  00000+0  21319-3 0  9992
2 30570  98.6862 304.3065 0036484  97.8314 322.0188 14.14692831 11289
FENGYUN 1C DEB          
1 30571U 99025ALM 26274.01857762  .00000188  00000+0  12787-3 0  9992
2 30571  98.7074 296.5926 0022398 125.0280 265.0038 14.10931714 10022
FENGYUN 1C DEB          
1 30572U 99025ALN 26274.57182082  .00000098  00000+0  80617-4 0  9998
2 30572  98.7438 300.9568 0022439 182.9328 328.9654 14.09151006  8813
FENGYUN 1C DEB          
1 30573U 99025ALP 26274.08275941  .00001489  00000+0  75713-3 0  9997
2 30573  99.2068 326.2523 0088813 171.4466 218.9699 14.15467184  3327
FENGYUN 1C DEB          
1 30574U 99025ALQ 26271.92857085  .00001372  00000+0  11664-2 0  9998
2 30574  99.3299  75.4409 0216026 301.5191  56.5019 13.78994525977662
FENGYUN 1C DEB          
1 30575U 99025ALR 26274.32320905  .00001273  00000+0  40052-3 0  9996
2 30575  99.1785  31.2500 0053829  97.8378 286.1845 14.41518486 24227
FENGYUN 1C DEB          
1 30577U 99025ALT 26274.05303534  .00000351  00000+0  21595-3 0  9994
2 30577  98.7414 305.7809 0029719 171.2860 218.0448 14.11568750  8971
FENGYUN 1C DEB          
1 30579U 99025ALV 26274.32802022  .00000152  00000+0  11836-3 0  9998
2 30579  98.7852 295.2839 0052688   4.0872   9.3826 14.05515745  5676
FENGYUN 1C DEB          
1 30594U 99025ALZ 26274.11191600  .00000114  00000+0  66749-4 0  9997
2 30594  99.1117 143.5988 0192839 207.2555 151.8396 14.17536695 16554
FENGYUN 1C DEB          
1 30596U 99025AMB 26274.47648896  .00000321  00000+0  92336-4 0  9993
2 30596  98.4276 270.1956 0247547 136.6161  13.9879 14.34942759 27570
FENGYUN 1C DEB          
1 30599U 99025AME 26273.96481268  .00000546  00000+0  17671-3 0  9994
2 30599  98.5972 283.0352 0298527 217.8480 140.1373 14.20755269 13143
FENGYUN 1C DEB          
1 30600U 99025AMF 26274.08338130  .00002499  00000+0  87161-3 0  9990
2 30600  98.3927 204.8441 0314103 128.8940 234.0698 14.11929645985529
FENGYUN 1C DEB          
1 30603U 99025AMJ 26274.50705692  .00000768  00000+0  62496-3 0  9992
2 30603  98.4034 272.0104 0182839 122.6495  28.7818 13.84951983989278
FENGYUN 1C DEB          
1 30604U 99025AMK 26273.01534941  .00000278  00000+0  11307-3 0  9996
2 30604  98.3725 299.6759 0207683 233.2544 155.2355 14.24043630 19536
FENGYUN 1C DEB          
1 30606U 99025AMM 26273.97737312  .00001849  00000+0  29631-3 0  9994
2 30606  98.0920 281.9535 0205312 304.4310  83.3006 14.59926953 35041
FENGYUN 1C DEB          
1 30608U 99025AMP 26274.42885260  .00000931  00000+0  38036-3 0  9993
2 30608  98.6797 341.3084 0013749  42.4307 327.9014 14.29647387 16196
FENGYUN 1C DEB          
1 30609U 99025AMQ 26271.69116715  .00001979  00000+0  10131-2 0  9990
2 30609  98.5604 180.6821 0115843 306.5690  52.4866 14.13199921998219
FENGYUN 1C DEB          
1 30616U 99025AMX 26274.53356585  .00000446  00000+0  61609-3 0  9990
2 30616  98.6230 293.5661 0381116 240.1287 116.1465 13.36628922956110
FENGYUN 1C DEB          
1 30619U 99025ANA 26274.03031457  .00000367  00000+0  98836-4 0  9991
2 30619  98.2754 293.4156 0211857 254.6719 103.0970 14.41753712 31496
FENGYUN 1C DEB          
1 30621U 99025ANC 26274.29700765  .00001490  00000+0  87402-3 0  9991
2 30621  98.7044 210.7765 0131645 203.6766 310.7348 14.05419793996973
FENGYUN 1C DEB          
1 30622U 99025AND 26274.49198299  .00003548  00000+0  12314-2 0  9992
2 30622 100.9918   9.3684 0067466 296.6444 125.1507 14.35189503729926
FENGYUN 1C DEB          
1 30623U 99025ANE 26274.19871689  .00000071  00000+0  14201-3 0  9997
2 30623  98.8582  56.8008 0404349 105.8607  67.3203 13.29580386951027
FENGYUN 1C DEB          
1 30624U 99025ANF 26274.04129547  .00011073  00000+0  16281-2 0  9994
2 30624  98.8824  26.5853 0015403  93.8782 266.4186 14.75566249 17803
FENGYUN 1C DEB          
1 30625U 99025ANG 26274.18016048  .00004612  00000+0  12487-2 0  9996
2 30625  98.9236 249.9013 0043451 144.0551 216.3577 14.47662322  9096
FENGYUN 1C DEB          
1 30628U 99025ANK 26274.32344288  .00007902  00000+0  11103-2 0  9994
2 30628  99.3489 239.1632 0022604  61.9465 298.4024 14.77558545 27744
FENGYUN 1C DEB          
1 30629U 99025ANL 26274.10993561  .00005089  00000+0  90747-3 0  9991
2 30629  99.2571  50.7833 0005255  24.5155  31.0101 14.67520703 21677
FENGYUN 1C DEB          
1 30630U 99025ANM 26274.36453883  .00000816  00000+0  38025-3 0  9993
2 30630  99.1819 104.7110 0025171 320.9350 160.0075 14.23305407 13724
FENGYUN 1C DEB          
1 30632U 99025ANP 26274.44002530  .00006539  00000+0  10059-2 0  9997
2 30632  98.8381  74.2439 0013510 335.1408  48.9271 14.73820305 19886
FENGYUN 1C DEB          
1 30633U 99025ANQ 26274.54997869  .00000453  00000+0  28275-3 0  9996
2 30633  98.3948 123.3225 0129088 149.2560 240.7577 14.05097997    15
FENGYUN 1C DEB          
1 30634U 99025ANR 26274.50707832  .00001992  00000+0  10489-2 0  9998
2 30634  99.3112 272.7267 0118789   1.7731 150.8332 14.11685079997457
FENGYUN 1C DEB          
1 30639U 99025ANW 26274.35412742  .00003795  00000+0  12800-2 0  9991
2 30639  99.0286  44.2620 0064909 147.8314 212.6857 14.36412191  9137
FENGYUN 1C DEB          
1 30640U 99025ANX 26274.15708458  .00001103  00000+0  56650-3 0  9996
2 30640  99.0406 354.5975 0077856 352.9319  35.9407 14.15952623  5816
FENGYUN 1C DEB          
1 30641U 99025ANY 26274.42483601  .00002295  00000+0  26057-3 0  9998
2 30641  98.9745 247.7657 0127592 284.0925 228.1829 14.81853726 48630
FENGYUN 1C DEB          
1 30646U 99025APD 26274.48333020  .00000602  00000+0  36007-3 0  9994
2 30646  98.6380 288.5867 0046619 280.5586  79.0336 14.10253906  7263
FENGYUN 1C DEB          
1 30647U 99025APE 26273.73729230  .00005327  00000+0  10558-2 0  9995
2 30647  99.0004 235.3142 0029937   9.8189 110.6919 14.62450663 22490
FENGYUN 1C DEB          
1 30648U 99025APF 26274.24036119  .00002795  00000+0  70078-3 0  9990
2 30648  98.6438  21.4344 0030060 318.1019  71.4824 14.51926218 21076
FENGYUN 1C DEB          
1 30649U 99025APG 26274.22721390  .00001627  00000+0  62023-3 0  9995
2 30649  98.8117  18.3264 0047478  38.5836 352.8928 14.31622290 12454
FENGYUN 1C DEB          
1 30650U 99025APH 26274.08228950  .00001316  00000+0  68409-3 0  9994
2 30650  99.1857 328.3114 0071484  89.2465 300.9825 14.15196507  4252
FENGYUN 1C DEB          
1 30652U 99025APJ 26274.06123515 -.00000100  00000+0 -33795-4 0  9998
2 30652  98.7533 303.7620 0008784 155.5555 231.9980 14.07889864  8052
FENGYUN 1C DEB          
1 30654U 99025APL 26274.34887098  .00001150  00000+0  57949-3 0  9994
2 30654  99.2522 214.4665 0035419 354.6277   5.4512 14.18165020  8242
FENGYUN 1C DEB          
1 30656U 99025APN 26274.47815642  .00003074  00000+0  81230-3 0  9993
2 30656  99.0168 112.9833 0029854 298.6652  61.1539 14.49408986 13156
FENGYUN 1C DEB          
1 30657U 99025APP 26274.26091799  .00002828  00000+0  87672-3 0  9992
2 30657  98.8436  26.7951 0017352 194.8606 195.2813 14.41879776 14427
FENGYUN 1C DEB          
1 30658U 99025APQ 26274.49083160  .00001207  00000+0  91006-3 0  9997
2 30658  98.4210 283.7023 0181817 140.9304 220.5150 13.88328421987458
FENGYUN 1C DEB          
1 30660U 99025APS 26274.25833951  .00003394  00000+0  29372-3 0  9991
2 30660  98.1477  24.3738 0129383  95.9829 295.8277 14.91594716 51405
FENGYUN 1C DEB          
1 30661U 99025APT 26273.28201534  .00000074  00000+0  52089-4 0  9994
2 30661  99.4845 115.6647 0143093 303.7800  54.9814 14.21324048 20448
FENGYUN 1C DEB          
1 30662U 99025APU 26274.14397152  .00001414  00000+0  63404-3 0  9994
2 30662  99.0316 343.2579 0034368 153.3407 237.3099 14.23855146  7905
FENGYUN 1C DEB          
1 30663U 99025APV 26274.16896663  .00001255  00000+0  96044-3 0  9997
2 30663  99.2924 166.9798 0645691 148.2619 215.9174 13.24857107929189
FENGYUN 1C DEB          
1 30665U 99025APX 26274.45878796  .00001373  00000+0  73377-3 0  9993
2 30665  99.2259 259.7150 0068951 100.2537  50.5142 14.13740456   938
FENGYUN 1C DEB          
1 30666U 99025APY 26274.39791784  .00000392  00000+0  27596-3 0  9990
2 30666  98.8544 254.4378 0061733  49.1827 107.3916 14.02820612  2000
FENGYUN 1C DEB          
1 30668U 99025AQA 26274.20969112  .00001340  00000+0  70980-3 0  9993
2 30668  99.1185 357.8924 0080598 144.8559 272.3919 14.13798249  1857
FENGYUN 1C DEB          
1 30669U 99025AQB 26274.54419199  .00001645  00000+0  10017-2 0  9998
2 30669  98.6431 201.6961 0119459  73.4866 102.2171 14.03942095995605
FENGYUN 1C DEB          
1 30670U 99025AQC 26274.36442397  .00000068  00000+0  55994-4 0  9999
2 30670  98.6710 316.5973 0038201 311.9782 111.2961 14.15930992 12713
FENGYUN 1C DEB          
1 30671U 99025AQD 26274.15743584  .00000823  00000+0  59041-3 0  9994
2 30671  99.2310 344.8428 0124410 316.0854  71.9374 13.96380233992756
FENGYUN 1C DEB          
1 30673U 99025AQF 26274.64473251 -.00000047  00000+0 -25809-5 0  9998
2 30673  98.8805 322.5104 0052505  47.6751 103.7270 14.03587321  6407
FENGYUN 1C DEB          
1 30675U 99025AQH 26274.20074038  .00001442  00000+0  57736-3 0  9992
2 30675  98.7429 358.9788 0050521  36.3188 353.2696 14.29219611 10654
FENGYUN 1C DEB          
1 30676U 99025AQJ 26274.38318504  .00000587  00000+0  29627-3 0  9998
2 30676  98.2931  67.6058 0467214 333.7994  24.0180 13.75004354979440
FENGYUN 1C DEB          
1 30677U 99025AQK 26273.07974181  .00001537  00000+0  49055-3 0  9996
2 30677  98.2322 311.9157 0064963  48.3635 340.6354 14.39847469 21592
FENGYUN 1C DEB          
1 30678U 99025AQL 26274.42269307  .00002717  00000+0  10907-2 0  9998
2 30678  99.0797 250.8042 0070911 104.8774  46.1160 14.27706035   370
FENGYUN 1C DEB          
1 30679U 99025AQM 26272.81770522  .00000267  00000+0  26800-3 0  9994
2 30679  99.3505 326.6483 0170621  29.8142  42.8470 13.80061257985340
FENGYUN 1C DEB          
1 30680U 99025AQN 26274.31443135  .00002200  00000+0  22378-2 0  9994
2 30680  99.6459 316.4680 0317388 149.8956 212.0852 13.57911317962220
FENGYUN 1C DEB          
1 30683U 99025AQR 26274.57686208  .00000645  00000+0  42232-3 0  9998
2 30683  99.4018 299.9648 0137007 144.1111   7.1520 14.01356548996513
FENGYUN 1C DEB          
1 30684U 99025AQS 26274.57497706  .00000599  00000+0  63415-3 0  9996
2 30684  99.5079 316.5593 0233773 237.0079 120.8403 13.67353515976309
FENGYUN 1C DEB          
1 30686U 99025AQU 26274.60474633  .00002474  00000+0  31321-3 0  9991
2 30686  99.0030 147.2015 0136270 286.8043 101.7322 14.76620532 39213
FENGYUN 1C DEB          
1 30688U 99025AQW 26273.18273091  .00001790  00000+0  64565-3 0  9996
2 30688  98.6866 352.9803 0017496 175.6350 214.1152 14.34817694 14383
FENGYUN 1C DEB          
1 30689U 99025AQX 26274.46872103  .00000429  00000+0  24309-3 0  9998
2 30689  98.7364 257.8135 0110284 351.9413 160.0395 14.12175709 10134
FENGYUN 1C DEB          
1 30690U 99025AQY 26274.51609139  .00000637  00000+0  41502-3 0  9998
2 30690  99.1701 211.9690 0104317 348.3344  72.0899 14.03551486998132
FENGYUN 1C DEB          
1 30691U 99025AQZ 26273.99668374  .00000710  00000+0  56136-3 0  9997
2 30691  98.7452 272.8878 0138723 152.2193 272.5463 13.90154564991764
FENGYUN 1C DEB          
1 30693U 99025ARB 26274.39052701  .00000273  00000+0  16691-3 0  9991
2 30693  98.7155 256.5530 0030318  55.8222 304.5819 14.13590389 10670
FENGYUN 1C DEB          
1 30694U 99025ARC 26274.50869401  .00003154  00000+0  27987-3 0  9999
2 30694  99.0634 288.0134 0121273  80.8222 280.6688 14.91604935 44546
FENGYUN 1C DEB          
1 30696U 99025ARE 26274.37645000  .00001142  00000+0  31801-3 0  9998
2 30696  98.3582 324.5099 0085778 318.6883 102.3535 14.46184970 25195
FENGYUN 1C DEB          
1 30697U 99025ARF 26274.10095668  .00001051  00000+0  54809-3 0  9991
2 30697  98.8867 334.7006 0086180  77.5851 312.2894 14.14768984  3893
FENGYUN 1C DEB          
1 30699U 99025ARH 26274.36653759  .00003086  00000+0  79179-3 0  9999
2 30699  99.3300  69.3243 0003778 108.9567 251.2035 14.51100131 18533
FENGYUN 1C DEB          
1 30700U 99025ARJ 26274.52611658  .00000164  00000+0  86661-4 0  9991
2 30700  98.5153 299.0961 0086290  11.0578 349.2472 14.24017322 17304
FENGYUN 1C DEB          
1 30701U 99025ARK 26274.56559066 -.00000043  00000+0 -24033-7 0  9996
2 30701  98.6793 313.0042 0034403 349.3309 167.3548 14.13951086 12581
FENGYUN 1C DEB          
1 30702U 99025ARL 26274.51318466  .00000676  00000+0  44227-3 0  9992
2 30702  98.7553 288.9062 0070506 200.1234 313.8645 14.04265906  2566
FENGYUN 1C DEB          
1 30703U 99025ARM 26274.51147192  .00001027  00000+0  46796-3 0  9993
2 30703  99.1601 274.5436 0115401 178.7289 333.7487 14.20463538  6902
FENGYUN 1C DEB          
1 30704U 99025ARN 26274.45646679  .00000431  00000+0  30080-3 0  9998
2 30704  98.8851 270.6501 0081151   5.3435 148.5419 14.02239832  2112
FENGYUN 1C DEB          
1 30705U 99025ARP 26274.33293650  .00001052  00000+0  88786-3 0  9999
2 30705 102.1920 108.2018 0198385 308.0019 229.2305 13.82617396980519
FENGYUN 1C DEB          
1 30706U 99025ARQ 26274.59567423  .00000940  00000+0  40125-3 0  9990
2 30706  99.0459 184.4470 0027595   8.0207 352.1408 14.27384391 18045
FENGYUN 1C DEB          
1 30707U 99025ARR 26274.51354731  .00001769  00000+0  72609-3 0  9991
2 30707  99.3950 355.8984 0024952 310.1309 177.9448 14.28337443  9766
FENGYUN 1C DEB          
1 30708U 99025ARS 26274.50461139  .00000104  00000+0  79265-4 0  9990
2 30708  98.6834 284.1166 0009466  88.1924  64.6848 14.12325826  9259
FENGYUN 1C DEB          
1 30709U 99025ART 26274.17329159  .00001831  00000+0  85884-3 0  9990
2 30709  99.1603 266.5156 0080369 158.3661 202.0941 14.19753053  1429
FENGYUN 1C DEB          
1 30710U 99025ARU 26273.27527830  .00000827  00000+0  53233-3 0  9995
2 30710 102.7494 277.8873 0221997 113.0713 262.6425 13.96169104988550
FENGYUN 1C DEB          
1 30714U 99025ARY 26274.39033663  .00000035  00000+0  48212-4 0  9992
2 30714  98.8072 319.1416 0066793 186.0712 187.9025 14.03754674   432
FENGYUN 1C DEB          
1 30715U 99025ARZ 26274.19337420  .00001491  00000+0  76015-3 0  9997
2 30715  98.9587 350.0229 0065022  59.3605 301.3958 14.16184718  3135
FENGYUN 1C DEB          
1 30716U 99025ASA 26274.58727400  .00015044  00000+0  13252-2 0  9994
2 30716  98.8574 137.3962 0012000 232.4462 156.8769 14.96535256 21806
FENGYUN 1C DEB          
1 30717U 99025ASB 26274.18459323  .00001376  00000+0  63565-3 0  9993
2 30717  99.0032 355.8228 0048304 142.0051 218.4549 14.22032348  6837
FENGYUN 1C DEB          
1 30718U 99025ASC 26274.49881624  .00001480  00000+0  62983-3 0  9990
2 30718  98.8813   3.5829 0053496  32.3655 328.0787 14.26003085  9100
FENGYUN 1C DEB          
1 30719U 99025ASD 26274.41754120  .00006279  00000+0  11027-2 0  9996
2 30719  98.9007  84.4109 0009094  10.4820 349.6570 14.68054346 17203
FENGYUN 1C DEB          
1 30720U 99025ASE 26273.00309921  .00000494  00000+0  20884-3 0  9992
2 30720  99.0442 102.5500 0030590 204.2857 308.7932 14.30022482 16128
FENGYUN 1C DEB          
1 30721U 99025ASF 26274.38628983  .00010289  00000+0  12242-2 0  9998
2 30721  98.7226  74.9551 0021869 136.0146 254.0159 14.84425503 21495
FENGYUN 1C DEB          
1 30723U 99025ASH 26274.58063516  .00003078  00000+0  89713-3 0  9993
2 30723  98.8405  16.6019 0015855 115.5748  12.5802 14.44833437 15947
FENGYUN 1C DEB          
1 30724U 99025ASJ 26274.35926457  .00000408  00000+0  14589-3 0  9994
2 30724  99.2986 128.1197 0093444 127.7681  46.6807 14.37604757 26492
FENGYUN 1C DEB          
1 30725U 99025ASK 26274.16097115  .00001441  00000+0  70800-3 0  9990
2 30725  98.9908 351.3172 0085397 278.6150 110.3690 14.17445272  4826
FENGYUN 1C DEB          
1 30726U 99025ASL 26274.32174537  .00000828  00000+0  47923-3 0  9991
2 30726  99.2662 289.7464 0079205 131.1288 244.4303 14.10266176  1040
FENGYUN 1C DEB          
1 30728U 99025ASN 26274.48526581  .00000043  00000+0  36250-4 0  9991
2 30728  98.5326 277.3605 0097420 309.4796  49.7796 14.23569549 18510
FENGYUN 1C DEB          
1 30730U 99025ASQ 26274.11969213  .00000987  00000+0  41477-3 0  9990
2 30730  98.5938 313.0963 0075565 275.2686 151.6864 14.26576663 11634
FENGYUN 1C DEB          
1 30731U 99025ASR 26274.54053387  .00002829  00000+0  81890-3 0  9994
2 30731  98.8523  10.6370 0014012 103.9850  26.1818 14.45260943 15754
FENGYUN 1C DEB          
1 30732U 99025ASS 26274.31827950 -.00000017  00000+0  14168-4 0  9998
2 30732  98.7881 290.1645 0124865 110.0349  21.7597 14.04188580  2966
FENGYUN 1C DEB          
1 30735U 99025ASV 26274.19060728  .00001347  00000+0  57672-3 0  9991
2 30735  98.7464 349.4484 0060091 118.4001 270.5032 14.25589877  9065
FENGYUN 1C DEB          
1 30736U 99025ASW 26274.02517644  .00000869  00000+0  90166-3 0  9991
2 30736  98.7614 287.9376 0278184  10.4862  15.6434 13.62454980968322
FENGYUN 1C DEB          
1 30737U 99025ASX 26274.43150270  .00000280  00000+0  15552-3 0  9998
2 30737  98.6109 252.6669 0023870  12.3170 139.5684 14.18583836 11785
FENGYUN 1C DEB          
1 30739U 99025ASZ 26274.45280822  .00000265  00000+0  15081-3 0  9999
2 30739  98.7196 259.6389 0100149 199.2871 313.0082 14.15306413  9912
FENGYUN 1C DEB          
1 30740U 99025ATA 26274.28938137  .00003572  00000+0  80359-3 0  9995
2 30740  98.6991  35.8932 0027313 320.9851  38.9375 14.56884013 18938
FENGYUN 1C DEB          
1 30741U 99025ATB 26273.79794242  .00000090  00000+0  70859-4 0  9995
2 30741  98.6788 279.3129 0006471  18.4083 157.3289 14.13382156  9309
FENGYUN 1C DEB          
1 30742U 99025ATC 26274.62327378  .00001055  00000+0  59069-3 0  9992
2 30742  98.8508 320.0373 0072590 120.2807  30.8788 14.11502293  1493
FENGYUN 1C DEB          
1 30744U 99025ATE 26274.07562443  .00175235  00000+0  38412-2 0  9997
2 30744  98.7234 106.4842 0004548 319.9337 164.0620 15.43394580 24977
FENGYUN 1C DEB          
1 30746U 99025ATG 26274.24326199  .00000581  00000+0  25035-3 0  9993
2 30746  99.0566 110.6262 0045175 192.0364 228.4688 14.28084383 16200
FENGYUN 1C DEB          
1 30749U 99025ATK 26274.49922974  .00000434  00000+0  31984-3 0  9993
2 30749  98.8607 297.3970 0058070 135.4548 225.1306 13.99912641   600
FENGYUN 1C DEB          
1 30750U 99025ATL 26274.20192920  .00001672  00000+0  65173-3 0  9996
2 30750  98.9073   0.5462 0037266 325.6998  63.5089 14.30726759  9594
FENGYUN 1C DEB          
1 30751U 99025ATM 26274.15390485  .00001148  00000+0  59256-3 0  9990
2 30751  98.8349 336.2077 0049771 341.4935  45.0591 14.16456630  4121
FENGYUN 1C DEB          
1 30753U 99025ATP 26274.05801834  .00000712  00000+0  39594-3 0  9995
2 30753  98.7846 312.5844 0054898 243.0517 116.5042 14.13491294  4815
FENGYUN 1C DEB          
1 30755U 99025ATR 26274.22069007  .00000883  00000+0  22675-3 0  9995
2 30755  98.2766 266.4002 0150971  98.9233  31.3169 14.46016639 26569
FENGYUN 1C DEB          
1 30756U 99025ATS 26273.16384472  .00001343  00000+0  63927-3 0  9991
2 30756  98.9740 349.4507 0072431 204.8797 185.3831 14.19735331  5333
FENGYUN 1C DEB          
1 30758U 99025ATU 26274.36756896  .00001064  00000+0  53616-3 0  9993
2 30758  99.0425  42.8163 0039065 250.1733 178.4726 14.18208920  6356
FENGYUN 1C DEB          
1 30759U 99025ATV 26274.40339007  .00004132  00000+0  86622-3 0  9992
2 30759  99.2699  59.9895 0006515   8.3199  14.3508 14.60325556 19202
FENGYUN 1C DEB          
1 30760U 99025ATW 26274.43365849  .00000111  00000+0  94327-4 0  9995
2 30760  98.8386 268.4788 0051859 242.0097 117.5818 14.05370490  3316
FENGYUN 1C DEB          
1 30761U 99025ATX 26274.32599355  .00000924  00000+0  31535-3 0  9998
2 30761  98.9824 217.6115 0082526 173.1049 187.1292 14.37008642 19432
FENGYUN 1C DEB          
1 30762U 99025ATY 26274.44089905  .00000297  00000+0  20165-3 0  9997
2 30762  98.8993 261.2819 0196483 204.9068 309.7078 13.98449195997287
FENGYUN 1C DEB          
1 30763U 99025ATZ 26274.54795838  .00009454  00000+0  14856-2 0  9991
2 30763  98.8863  15.6012 0017849  93.5206 279.4765 14.72711277 14365
FENGYUN 1C DEB          
1 30764U 99025AUA 26274.56655279  .00054533  00000+0  64947-3 0  9993
2 30764  98.7720 310.3368 0036679 225.3883 134.4376 15.60098654 57397
FENGYUN 1C DEB          
1 30765U 99025AUB 26274.36841826  .00000664  00000+0  35402-3 0  9997
2 30765  98.7596 320.5386 0068502  95.2337 327.1818 14.15445267  9383
FENGYUN 1C DEB          
1 30766U 99025AUC 26271.80225988  .00000769  00000+0  44459-3 0  9997
2 30766  98.6847 266.9352 0082047 332.6561 150.3862 14.10153952668844
FENGYUN 1C DEB          
1 30768U 99025AUE 26274.56345075  .00002809  00000+0  71089-3 0  9991
2 30768  98.6167  15.8286 0022704 286.6677 205.1003 14.51596217 21151
FENGYUN 1C DEB          
1 30770U 99025AUG 26274.51669773  .00000267  00000+0  15718-3 0  9996
2 30770  98.6580 277.2384 0013894 160.9906 351.2128 14.15989091 10419
FENGYUN 1C DEB          
1 30771U 99025AUH 26274.42480350  .00003006  00000+0  83446-3 0  9996
2 30771  98.9177 269.1508 0022024 138.3136 221.9739 14.47156213 12883
FENGYUN 1C DEB          
1 30802U 99025AUL 26274.22263727  .00001925  00000+0  69467-3 0  9991
2 30802  98.8337  12.1068 0018003 254.3870 164.7787 14.34736650 13926
FENGYUN 1C DEB          
1 30803U 99025AUM 26274.58853711  .00001034  00000+0  55513-3 0  9997
2 30803  99.2249 321.4099 0105644 102.9053  52.7732 14.12447047   784
FENGYUN 1C DEB          
1 30804U 99025AUN 26274.06095086  .00000575  00000+0  11661-3 0  9999
2 30804  98.8712   2.8661 0183096  23.4171  98.2972 14.55626980 37238
FENGYUN 1C DEB          
1 30805U 99025AUP 26274.36086958  .00000038  00000+0  50046-4 0  9996
2 30805  98.7936 312.6428 0072520 186.8572 238.7751 14.03430518   641
FENGYUN 1C DEB          
1 30806U 99025AUQ 26274.51968428  .00000480  00000+0  44982-3 0  9997
2 30806  99.0185 288.5989 0268660  79.7104  69.8594 13.70945612977064
FENGYUN 1C DEB          
1 30809U 99025AUT 26274.56122602  .00001636  00000+0  62739-3 0  9995
2 30809  98.7859  11.4741 0048939  37.7572 322.7028 14.31254949 12683
FENGYUN 1C DEB          
1 30810U 99025AUU 26274.43447084  .00003128  00000+0  16257-2 0  9998
2 30810  98.6799  79.1975 0173317 308.3122  50.2572 14.07979061984973
FENGYUN 1C DEB          
1 30811U 99025AUV 26273.99393037  .00000857  00000+0  88900-3 0  9998
2 30811  98.7604 289.4159 0276778   2.3720 357.8667 13.62651885968468
FENGYUN 1C DEB          
1 30814U 99025AUY 26274.49384742  .00005107  00000+0  91308-3 0  9999
2 30814  99.0913 286.0744 0029544  58.0446  97.2106 14.67117783 20261
FENGYUN 1C DEB          
1 30815U 99025AUZ 26273.84545722  .00009476  00000+0  10555-2 0  9992
2 30815  99.2936 121.3989 0002817  19.8587 352.9491 14.87355131 20706
FENGYUN 1C DEB          
1 30816U 99025AVA 26274.18301247  .00001768  00000+0  84872-3 0  9993
2 30816  98.8971 350.9092 0050189 296.8395  91.2808 14.19581390  5403
FENGYUN 1C DEB          
1 30817U 99025AVB 26272.93606646 -.00000006  00000+0  23821-4 0  9999
2 30817  98.7885 257.0501 0058005 152.5362 207.8890 14.00876812999860
FENGYUN 1C DEB          
1 30820U 99025AVE 26274.52232873  .00001798  00000+0  80109-3 0  9996
2 30820  98.6757  11.2662 0049962  61.8846  70.1466 14.23388359  5845
FENGYUN 1C DEB          
1 30821U 99025AVF 26274.45107789  .00000871  00000+0  22361-3 0  9993
2 30821  99.1359  86.2204 0085795  51.0718 337.7725 14.50969304 30323
FENGYUN 1C DEB          
1 30822U 99025AVG 26274.30943326  .00000263  00000+0  16345-3 0  9993
2 30822  98.7098 299.1778 0074145 173.4853 199.1845 14.11652984  8256
FENGYUN 1C DEB          
1 30823U 99025AVH 26274.34370633  .00000083  00000+0  75418-4 0  9990
2 30823  98.8042  50.0532 0132822 347.1717  40.8476 14.02850905  1275
FENGYUN 1C DEB          
1 30826U 99025AVL 26274.60137845  .00001867  00000+0  19254-3 0  9994
2 30826  98.8357 146.5590 0139428 144.8725 246.8412 14.84782111 46294
FENGYUN 1C DEB          
1 30827U 99025AVM 26273.97396346  .00003422  00000+0  10491-2 0  9999
2 30827  99.0156 279.6480 0043946  38.8256 321.6075 14.41837300  7435
FENGYUN 1C DEB          
1 30828U 99025AVN 26274.29043344  .00002995  00000+0  27596-3 0  9992
2 30828  98.3976  39.4052 0190188 320.8278  37.9294 14.82848318 29704
FENGYUN 1C DEB          
1 30829U 99025AVP 26274.41810509  .00000358  00000+0  23059-3 0  9993
2 30829  98.7976 264.7207 0034654 226.3061 133.5237 14.09009879  5501
FENGYUN 1C DEB          
1 30830U 99025AVQ 26274.45714213  .00000196  00000+0  12860-3 0  9992
2 30830  98.7551 260.7196 0032058  78.5088  72.6547 14.12484183  7280
FENGYUN 1C DEB          
1 30831U 99025AVR 26272.73013833  .00000380  00000+0  15937-3 0  9995
2 30831  99.3555  92.4113 0053972 275.5918  83.9109 14.31644471694134
FENGYUN 1C DEB          
1 30833U 99025AVT 26273.74705089  .00000335  00000+0  15820-3 0  9991
2 30833  99.8684 101.6474 0033223  80.3924 280.1004 14.27274713685760
FENGYUN 1C DEB          
1 30836U 99025AVW 26274.54975441  .00000262  00000+0  16486-3 0  9992
2 30836  98.7155 304.5107 0027253 132.4037 227.9447 14.12252685661369
FENGYUN 1C DEB          
1 30837U 99025AVX 26273.94590259  .00000288  00000+0  17062-3 0  9995
2 30837  98.7067 257.5492 0032997  21.6634  35.3707 14.14842987  9424
FENGYUN 1C DEB          
1 30838U 99025AVY 26274.35441111  .00004250  00000+0  10516-2 0  9993
2 30838  99.0441 214.6468 0035342   5.3576 354.7988 14.52195708 15513
FENGYUN 1C DEB          
1 30840U 99025AWA 26274.45787416  .00001148  00000+0  16941-3 0  9990
2 30840  98.0183 282.5998 0211448 168.2753 192.3487 14.63219143774096
FENGYUN 1C DEB          
1 30843U 99025AWD 26274.22443564  .00000241  00000+0  63665-4 0  9990
2 30843  98.8234   6.1745 0146346 314.2907  44.6358 14.52891740 35376
FENGYUN 1C DEB          
1 30845U 99025AWF 26273.41907674  .00000131  00000+0  14797-3 0  9998
2 30845  98.4044 244.9832 0192018 200.3314 314.5391 13.77050144982576
FENGYUN 1C DEB          
1 30846U 99025AWG 26274.29764622  .00001060  00000+0  32792-3 0  9997
2 30846  99.3178 119.5047 0052134 197.6303 217.6475 14.42845345 21387
FENGYUN 1C DEB          
1 30847U 99025AWH 26274.41017042  .00001649  00000+0  79803-3 0  9996
2 30847  98.7594  75.1870 0063336 207.9054 182.7114 14.18820070  2032
FENGYUN 1C DEB          
1 30848U 99025AWJ 26274.06550664  .00001251  00000+0  44278-3 0  9997
2 30848  99.0379 128.1774 0041278 199.5513 160.4090 14.35991519 15011
FENGYUN 1C DEB          
1 30849U 99025AWK 26265.17821326  .00001370  00000+0  65629-3 0  9991
2 30849  99.0295 335.9480 0047236 276.3904 110.0162 14.20202366  3881
FENGYUN 1C DEB          
1 30850U 99025AWL 26274.54474722  .00001928  00000+0  90195-3 0  9993
2 30850  98.3821 128.8250 0110082  68.7484 322.0625 14.18163911999466
FENGYUN 1C DEB          
1 30852U 99025AWN 26274.46763538  .00000476  00000+0  28565-3 0  9991
2 30852  98.7207 288.7064 0057368 124.6148 236.0453 14.10717212  5018
FENGYUN 1C DEB          
1 30856U 99025AWS 26273.47884997  .00005917  00000+0  13426-2 0  9992
2 30856  98.2033  96.0421 0077596  60.8048   4.1052 14.54545255  7460
FENGYUN 1C DEB          
1 30857U 99025AWT 26274.28598351  .00006690  00000+0  13753-2 0  9991
2 30857  98.9662 291.1894 0036644 127.1505 233.3049 14.60533672  9834
FENGYUN 1C DEB          
1 30858U 99025AWU 26274.65281517  .00000331  00000+0  18197-3 0  9990
2 30858  98.7649 334.0442 0029101 352.2869 159.5461 14.18163048 11310
FENGYUN 1C DEB          
1 30859U 99025AWV 26274.47978646  .00004895  00000+0  11541-2 0  9991
2 30859  98.9144 347.6176 0029850 221.7878 138.1038 14.54481950 12801
FENGYUN 1C DEB          
1 30860U 99025AWW 26274.16662061  .00001376  00000+0  57832-3 0  9995
2 30860  98.8912 357.2558 0037846  65.1295 295.3812 14.27134194  6852
FENGYUN 1C DEB          
1 30862U 99025AWY 26272.25792197  .00004047  00000+0  10837-2 0  9990
2 30862  98.9576  24.1948 0045067  16.3606  13.7232 14.48234795  8910
FENGYUN 1C DEB          
1 30863U 99025AWZ 26273.32249176  .00000711  00000+0  14452-2 0  9995
2 30863  99.1503  41.0161 0865709 355.4233  28.3522 12.41243843633570
FENGYUN 1C DEB          
1 30867U 99025AXD 26274.15112758  .00001585  00000+0  61776-3 0  9998
2 30867  97.8609 157.8906 0047776 198.8304 314.4747 14.30298029  7156
FENGYUN 1C DEB          
1 30868U 99025AXE 26273.88598707  .00000044  00000+0  41210-4 0  9991
2 30868  98.2217 133.2522 0136886  92.4323 336.4390 14.11247640  8308
FENGYUN 1C DEB          
1 30872U 99025AXJ 26273.16444215  .00001344  00000+0  43092-3 0  9994
2 30872  99.1634 351.3181 0041032 252.0221 137.8290 14.40830919 19166
FENGYUN 1C DEB          
1 30873U 99025AXK 26274.44849077  .00000140  00000+0  81627-4 0  9992
2 30873  98.6234 271.8339 0108735 163.2038 197.2785 14.19354246 13456
FENGYUN 1C DEB          
1 30874U 99025AXL 26273.34692811  .00000413  00000+0  21196-3 0  9990
2 30874  98.4650 296.6898 0040118 273.6789 100.0329 14.20116087 11557
FENGYUN 1C DEB          
1 30876U 99025AXN 26274.20601948 -.00000158  00000+0 -77995-4 0  9996
2 30876  98.8412 253.7050 0067356 185.5185 240.9716 13.99380935998005
FENGYUN 1C DEB          
1 30878U 99025AXQ 26271.46330083  .00000519  00000+0  30262-3 0  9996
2 30878  98.7295 270.2215 0040045 188.3936 326.1038 14.12390128  4455
FENGYUN 1C DEB          
1 30879U 99025AXR 26274.47598292  .00008909  00000+0  91487-3 0  9996
2 30879  99.3280 181.1958 0165212  94.3966 267.6138 14.81036396662555
FENGYUN 1C DEB          
1 30880U 99025AXS 26274.46588166  .00001350  00000+0  57141-3 0  9998
2 30880  98.7767 352.2226 0019715 335.4789  24.5452 14.27086547  8856
FENGYUN 1C DEB          
1 30882U 99025AXU 26271.96964446  .00005530  00000+0  45261-3 0  9995
2 30882  97.9049 333.0257 0138845 163.5641 197.0148 14.92437685 39718
FENGYUN 1C DEB          
1 30883U 99025AXV 26273.33093103  .00000155  00000+0  94466-4 0  9992
2 30883  98.3321 296.5482 0113342  92.8010 281.5864 14.14732125 10252
FENGYUN 1C DEB          
1 30884U 99025AXW 26274.54398503  .00003674  00000+0  48784-3 0  9999
2 30884  98.8850 302.9266 0061034 134.6870 225.9334 14.79226768 29566
FENGYUN 1C DEB          
1 30885U 99025AXX 26274.09902016  .00003310  00000+0  79191-3 0  9993
2 30885  99.0102 141.0419 0052348  57.6387  96.2077 14.53496550 11921
FENGYUN 1C DEB          
1 30886U 99025AXY 26274.22767864  .00001670  00000+0  73829-3 0  9998
2 30886  99.1944 185.6549 0033380 284.9521  74.7962 14.24399954  5548
FENGYUN 1C DEB          
1 30887U 99025AXZ 26274.62781657  .00001324  00000+0  25067-3 0  9996
2 30887  98.3307 331.2381 0260907 117.4355 245.3632 14.46425633 23535
FENGYUN 1C DEB          
1 30888U 99025AYA 26274.08931604  .00004992  00000+0  37470-3 0  9991
2 30888  99.4670 320.4055 0069900 294.3253  65.0678 15.01334780 42948
FENGYUN 1C DEB          
1 30891U 99025AYD 26274.10182287  .00000282  00000+0  19348-3 0  9995
2 30891  98.7498 317.4197 0057005  87.7689 299.9722 14.06370018   811
FENGYUN 1C DEB          
1 30892U 99025AYE 26273.75902146  .00000386  00000+0  20695-3 0  9992
2 30892  99.6969 248.6744 0039038  94.4634 266.1001 14.19354681684455
FENGYUN 1C DEB          
1 30893U 99025AYF 26272.25627497  .00001048  00000+0  54713-3 0  9994
2 30893  98.2453 274.0479 0306857 358.7034  64.0446 13.94809659989349
FENGYUN 1C DEB          
1 30895U 99025AYH 26274.47054291  .00000313  00000+0  10568-3 0  9992
2 30895  98.6882 348.9712 0215183 343.6404  27.0023 14.32094481 19769
FENGYUN 1C DEB          
1 30899U 99025AYM 26272.58961896  .00002659  00000+0  93495-3 0  9999
2 30899  99.1664 192.8902 0030239 161.4431 323.1071 14.35566576  7613
FENGYUN 1C DEB          
1 30902U 99025AYQ 26274.28976639  .00001430  00000+0  54698-3 0  9992
2 30902 100.2598 303.0017 0091136 186.2977 173.7061 14.30402344756744
FENGYUN 1C DEB          
1 30903U 99025AYR 26273.49370938  .00000338  00000+0  26122-3 0  9992
2 30903  99.3344 169.4837 0096672  19.8517 340.6367 13.97716801727804
FENGYUN 1C DEB          
1 30905U 99025AYT 26273.04182471  .00001448  00000+0  69930-3 0  9995
2 30905  98.8783 353.8736 0052646 329.9159  29.8995 14.19474669  2003
FENGYUN 1C DEB          
1 30906U 99025AYU 26273.22190313  .00000839  00000+0  41165-3 0  9993
2 30906  99.1796 273.3858 0076393 143.9725 216.6632 14.19122099682118
FENGYUN 1C DEB          
1 30907U 99025AYV 26247.98025531  .00000759  00000+0  40596-3 0  9995
2 30907  99.9295 303.3625 0057759 126.3350 234.3172 14.15866828 53165
FENGYUN 1C DEB          
1 30912U 99025AZA 26274.15924268  .00005589  00000+0  48423-3 0  9998
2 30912  98.9630 161.9350 0049089 238.4624 121.1795 14.96693361 37662
FENGYUN 1C DEB          
1 30913U 99025AZB 26273.33663003  .00000644  00000+0  41797-3 0  9999
2 30913  98.7240 294.5460 0049145  83.4163 277.2597 14.05443495    15
FENGYUN 1C DEB          
1 30914U 99025AZC 26274.38560306  .00001567  00000+0  24434-2 0  9991
2 30914  99.9824 144.9944 0510221  40.9961 322.8361 13.09668876629056
FENGYUN 1C DEB          
1 30915U 99025AZD 26274.20269234  .00001499  00000+0  62807-3 0  9990
2 30915  98.9318   1.1292 0050672  43.0155 317.4968 14.26875548  6678
FENGYUN 1C DEB          
1 30916U 99025AZE 26274.41447054  .00000988  00000+0  57668-3 0  9993
2 30916  98.9715 339.0412 0064791 158.2349 263.4921 14.09722151999669
FENGYUN 1C DEB          
1 30918U 99025AZG 26274.19954439  .00000822  00000+0  55053-3 0  9993
2 30918  98.4223   7.1236 0155757  26.9043   2.7059 13.97630968991378
FENGYUN 1C DEB          
1 30920U 99025AZJ 26274.36002619  .00003131  00000+0  14158-2 0  9995
2 30920  98.9152  62.1260 0105726 341.8745  17.8673 14.19853828992427
FENGYUN 1C DEB          
1 30921U 99025AZK 26274.26931954  .00001997  00000+0  71534-3 0  9998
2 30921  98.8397  13.1811 0017222 250.0922 134.2115 14.35058655 10055
FENGYUN 1C DEB          
1 30922U 99025AZL 26273.84216729  .00000603  00000+0  31471-3 0  9997
2 30922  98.6298 286.5955 0012742 292.3346 192.1317 14.18101901  7035
FENGYUN 1C DEB          
1 30925U 99025AZP 26273.90555182  .00003046  00000+0  84200-3 0  9998
2 30925  98.8966  64.3984 0031373  87.0856  65.8340 14.47196077 12883
FENGYUN 1C DEB          
1 30926U 99025AZQ 26274.41198157  .00001224  00000+0  10121-3 0  9998
2 30926  98.8377 254.4552 0158214 158.6383 202.1536 14.92081433 51286
FENGYUN 1C DEB          
1 30927U 99025AZR 26271.12928686  .00001943  00000+0  10728-2 0  9992
2 30927  99.1676 342.1347 0096265 275.7889  83.2312 14.10387397997613
FENGYUN 1C DEB          
1 30928U 99025AZS 26274.65851001  .00000257  00000+0  40455-3 0  9998
2 30928  98.8652 325.8985 0451074  37.8448 109.7168 13.22748551942204
FENGYUN 1C DEB          
1 30930U 99025AZU 26273.29044044  .00000518  00000+0  17412-3 0  9998
2 30930  98.1919 293.3684 0106614 309.5940 109.2894 14.37993932 25120
FENGYUN 1C DEB          
1 30931U 99025AZV 26274.43301194  .00000342  00000+0  24484-3 0  9990
2 30931  99.1416 338.0600 0091478 312.9149 111.4486 14.02060970   190
FENGYUN 1C DEB          
1 30932U 99025AZW 26274.30103898  .00002331  00000+0  91295-3 0  9992
2 30932  98.9121 218.3482 0053301 159.1267 201.2106 14.29669280  5587
FENGYUN 1C DEB          
1 30933U 99025AZX 26274.46714927  .00004463  00000+0  13141-2 0  9992
2 30933  99.0573 278.7336 0066938 177.3303 339.9307 14.42898664   832
FENGYUN 1C DEB          
1 30934U 99025AZY 26274.22086338  .00000798  00000+0  95357-3 0  9992
2 30934  98.7410 120.3282 0340993  55.5660 307.7210 13.47534056956461
FENGYUN 1C DEB          
1 30936U 99025BAA 26274.35081058  .00000476  00000+0  22341-3 0  9998
2 30936  98.5540 302.5722 0047195 157.7391 325.2550 14.23915655 12965
FENGYUN 1C DEB          
1 30937U 99025BAB 26274.07694319  .00000172  00000+0  15525-3 0  9997
2 30937  99.0474 326.7235 0074439 333.2094  55.0888 13.95653685997949
FENGYUN 1C DEB          
1 30938U 99025BAC 26274.49169463  .00000294  00000+0  15613-3 0  9994
2 30938  98.5839 284.3569 0045215 214.7098 300.5905 14.20189768 12744
FENGYUN 1C DEB          
1 30940U 99025BAE 26268.21319507  .00000531  00000+0  33073-3 0  9990
2 30940  98.6371 261.2268 0039616 271.0911 148.8510 14.08673876   754
FENGYUN 1C DEB          
1 30941U 99025BAF 26273.05437899  .00001915  00000+0  70748-3 0  9991
2 30941  98.5291 130.5027 0030245 171.8017 188.3667 14.33314498  7927
FENGYUN 1C DEB          
1 30942U 99025BAG 26274.46631245  .00000246  00000+0  13638-3 0  9990
2 30942  98.6941 270.0905 0136521 349.6302 164.1550 14.15106216  7393
FENGYUN 1C DEB          
1 30943U 99025BAH 26274.24995806  .00000407  00000+0  27768-3 0  9991
2 30943  98.7899 284.0237 0049277 326.7267  33.0805 14.04714386998484
FENGYUN 1C DEB          
1 30944U 99025BAJ 26273.16420578  .00000223  00000+0  59993-4 0  9993
2 30944  98.8159 349.1663 0146472 298.3696  90.0887 14.52815011 32837
FENGYUN 1C DEB          
1 30945U 99025BAK 26274.07799118  .00001667  00000+0  64123-3 0  9997
2 30945  99.3780 310.8366 0028401 276.4796 139.9183 14.31705633  5958
FENGYUN 1C DEB          
1 30946U 99025BAL 26273.36433372  .00000757  00000+0  20251-3 0  9999
2 30946  99.0722  54.5421 0087914  42.5463 346.3067 14.49325446 25588
FENGYUN 1C DEB          
1 30947U 99025BAM 26274.16309700  .00000354  00000+0  12459-3 0  9990
2 30947  98.7786 175.8523 0097278 101.6127 259.5998 14.38466296 26927
FENGYUN 1C DEB          
1 30949U 99025BAP 26274.44884295  .00000138  00000+0  88811-4 0  9996
2 30949  98.7169 266.4430 0116287 193.4338 320.9631 14.14275463  6511
FENGYUN 1C DEB          
1 30954U 99025BAU 26274.21503779  .00000747  00000+0  37072-3 0  9990
2 30954  98.7161  12.7806 0126855  71.6114 319.1684 14.15898847  5244
FENGYUN 1C DEB          
1 30956U 99025BAW 26274.10481317  .00000682  00000+0  37008-3 0  9990
2 30956  98.7350 307.2024 0049417 226.5448 207.5733 14.15060359  4422
FENGYUN 1C DEB          
1 30959U 99025BAZ 26270.23049326  .00004070  00000+0  12581-2 0  9996
2 30959  99.7067 261.5446 0050128  93.9633 266.7285 14.41215985645374
FENGYUN 1C DEB          
1 30960U 99025BBA 26272.65231044  .00002072  00000+0  26898-3 0  9993
2 30960  99.0306  63.7577 0183132 342.1695  17.3137 14.71080183 29477
FENGYUN 1C DEB          
1 30964U 99025BBE 26274.38029225  .00000743  00000+0  47635-3 0  9990
2 30964  98.6857 232.3327 0137272 137.8995  20.0212 14.01588913994934
FENGYUN 1C DEB          
1 30967U 99025BBH 26274.13797245  .00001843  00000+0  38017-3 0  9996
2 30967  98.7959 241.6525 0094290  65.2780 295.8197 14.59030580 32675
FENGYUN 1C DEB          
1 30971U 99025BBM 26274.19633678  .00001223  00000+0  16285-3 0  9991
2 30971  99.1795   1.3694 0158510   7.0903  22.7909 14.73729665 40210
FENGYUN 1C DEB          
1 30978U 99025BBU 26274.36825957  .00001606  00000+0  52529-3 0  9996
2 30978  98.2267 309.8861 0040127  60.4902 300.0279 14.39310691 26470
FENGYUN 1C DEB          
1 30979U 99025BBV 26274.66128825  .00005497  00000+0  50956-3 0  9994
2 30979  97.7998 171.2180 0178899   6.5881  22.8840 14.83455529 34590
FENGYUN 1C DEB          
1 30982U 99025BBY 26274.43917451  .00000360  00000+0  83148-4 0  9998
2 30982  98.2402 263.6587 0180558 131.7064  21.2533 14.51584618752996
FENGYUN 1C DEB          
1 30984U 99025BCA 26274.55955073  .00001253  00000+0  29113-3 0  9998
2 30984  98.2350 310.4790 0124664 187.4247 172.5107 14.52048747994112
FENGYUN 1C DEB          
1 30985U 99025BCB 26269.07682934  .00005092  00000+0  17518-2 0  9993
2 30985  99.2289 209.9723 0040042 259.1958 163.4279 14.36020962656874
FENGYUN 1C DEB          
1 30989U 99025BCF 26274.20979542  .00001127  00000+0  58242-3 0  9997
2 30989  99.0386 356.5614 0086989 351.7530   8.2208 14.15188285   902
FENGYUN 1C DEB          
1 30993U 99025BCK 26274.28594472  .00002402  00000+0  80576-3 0  9997
2 30993  98.8476  19.7697 0017443 225.7604 190.0920 14.38133393 11227
FENGYUN 1C DEB          
1 30994U 99025BCL 26274.44319164  .00000131  00000+0  94744-4 0  9999
2 30994  98.7005 279.1137 0018832  66.9594 293.3562 14.11917190  7154
FENGYUN 1C DEB          
1 30996U 99025BCN 26273.25502304  .00000978  00000+0  34399-3 0  9997
2 30996  98.9350 193.9982 0049307 152.6262   0.4848 14.36568856 17454
FENGYUN 1C DEB          
1 30998U 99025BCQ 26274.25789144  .00003350  00000+0  83182-3 0  9990
2 30998  98.8250  16.7354 0010680  38.4385 350.1161 14.52501821 14163
FENGYUN 1C DEB          
1 30999U 99025BCR 26274.38357950  .00001143  00000+0  23078-3 0  9997
2 30999  99.0863 120.9971 0110203 168.5085 191.8667 14.59964149 30852
FENGYUN 1C DEB          
1 31000U 99025BCS 26273.45294933  .00000575  00000+0  30447-3 0  9995
2 31000  97.5634 260.8579 0162403 293.2293 220.5400 14.10219819740676
FENGYUN 1C DEB          
1 31001U 99025BCT 26273.45553349  .00000938  00000+0  25811-3 0  9997
2 31001  99.2390 176.5594 0145987  14.3651 346.1620 14.43615895 23935
FENGYUN 1C DEB          
1 31002U 99025BCU 26274.31175744  .00000534  00000+0  38075-3 0  9991
2 31002  98.8818 282.5481 0097448 256.7179 115.8557 13.99451267996978
FENGYUN 1C DEB          
1 31003U 99025BCV 26274.18006870  .00001469  00000+0  62456-3 0  9998
2 31003  98.8312 358.2087 0040597  88.8370 271.7461 14.26344242  6716
FENGYUN 1C DEB          
1 31005U 99025BCX 26274.28728616  .00001121  00000+0  91849-3 0  9993
2 31005  98.6330  29.1042 0180210 248.6833 138.3206 13.84187308983279
FENGYUN 1C DEB          
1 31007U 99025BCZ 26274.43358906  .00003292  00000+0  62327-3 0  9993
2 31007  98.1038 265.1883 0058781 197.6523 162.2638 14.63892069 23626
FENGYUN 1C DEB          
1 31009U 99025BDB 26274.47763885 -.00000153  00000+0 -72916-4 0  9996
2 31009  98.9145 267.8690 0056069 143.9768   7.4070 14.00565966999583
FENGYUN 1C DEB          
1 31010U 99025BDC 26274.52546350  .00003492  00000+0  12975-2 0  9994
2 31010 101.7171 166.1023 0106145 310.8925  48.3088 14.30059979998092
FENGYUN 1C DEB          
1 31012U 99025BDE 26274.46852294  .00000170  00000+0  83545-4 0  9999
2 31012  98.8891 183.1714 0082891 121.4127 295.3098 14.28088039 19068
FENGYUN 1C DEB          
1 31014U 99025BDG 26274.20160193  .00000192  00000+0  15744-3 0  9992
2 31014  98.9034 245.8057 0089575 104.8649 269.3310 13.98580848999242
FENGYUN 1C DEB          
1 31016U 99025BDJ 26274.26456409  .00000269  00000+0  11075-3 0  9996
2 31016  98.4262 286.3086 0113547 128.9574 291.4417 14.30859300 16530
FENGYUN 1C DEB          
1 31017U 99025BDK 26271.40323675  .00000369  00000+0  22438-3 0  9994
2 31017  98.7087 252.4328 0111484 249.5132 269.0522 14.09141207  3743
FENGYUN 1C DEB          
1 31018U 99025BDL 26274.53363807  .00001465  00000+0  71888-3 0  9994
2 31018  99.0210  10.8662 0056107  12.9988 347.2618 14.18557487  2042
FENGYUN 1C DEB          
1 31019U 99025BDM 26273.52067510 -.00000681  00000+0 -18136-2 0  9992
2 31019  98.7307  17.3664 1107161  80.7351 343.5015 11.83633672586323
FENGYUN 1C DEB          
1 31021U 99025BDP 26274.13582193  .00001848  00000+0  14834-3 0  9998
2 31021  98.3771  40.6938 0256545  27.5240 333.9289 14.79167508777502
FENGYUN 1C DEB          
1 31022U 99025BDQ 26267.51930032  .00000362  00000+0  31065-3 0  9997
2 31022  99.4845 162.5523 0110713  76.7243 284.6235 13.90723298659807
FENGYUN 1C DEB          
1 31023U 99025BDR 26269.20186860 -.00000058  00000+0 -92140-5 0  9995
2 31023  98.8427 252.8030 0082949 133.6127 227.1963 14.06827541735434
FENGYUN 1C DEB          
1 31024U 99025BDS 26274.24044142  .00000304  00000+0  15672-3 0  9997
2 31024  99.0416 199.4366 0074848  10.1470 350.1197 14.21187365  8566
FENGYUN 1C DEB          
1 31025U 99025BDT 26272.18373293  .00000510  00000+0  22049-3 0  9996
2 31025  98.6022 259.5815 0169995 251.0719 107.1966 14.21231606684902
FENGYUN 1C DEB          
1 31026U 99025BDU 26273.57268243  .00000123  00000+0  13672-3 0  9991
2 31026  98.7911 195.1329 0135252 113.1825  61.4751 13.83512965720611
FENGYUN 1C DEB          
1 31028U 99025BDW 26273.99447181  .00000139  00000+0  13274-3 0  9994
2 31028  98.7120 192.1213 0163990 213.7063 145.3583 13.89249007660613
FENGYUN 1C DEB          
1 31029U 99025BDX 26273.97705155  .00000410  00000+0  15447-3 0  9997
2 31029  98.8364 182.9302 0087641 295.6238 123.2865 14.34811630 19807
FENGYUN 1C DEB          
1 31030U 99025BDY 26274.16232203  .00000889  00000+0  40008-3 0  9991
2 31030  98.7407 339.9012 0025625 315.2917  71.7254 14.24685993  8633
FENGYUN 1C DEB          
1 31031U 99025BDZ 26274.30950661  .00000454  00000+0  22793-3 0  9992
2 31031  99.0769 204.3943 0029334  71.9459  79.3765 14.21443384 10058
FENGYUN 1C DEB          
1 31032U 99025BEA 26274.56792282  .00000906  00000+0  55952-3 0  9999
2 31032  99.3904 297.7669 0138594 112.7951  37.5630 14.03375727990873
FENGYUN 1C DEB          
1 31033U 99025BEB 26273.75262940  .00000308  00000+0  12644-3 0  9990
2 31033  98.4728 247.8074 0152020 332.5802 148.3951 14.27788541 15076
FENGYUN 1C DEB          
1 31035U 99025BED 26274.60214503  .00001903  00000+0  38564-3 0  9990
2 31035  98.6575  39.6479 0173997  56.7427   7.7969 14.53380420 14686
FENGYUN 1C DEB          
1 31036U 99025BEE 26274.30313751  .00000342  00000+0  91798-4 0  9998
2 31036  98.9435  42.7446 0138519 105.9077 285.8426 14.49538481615459
FENGYUN 1C DEB          
1 31038U 99025BEG 26274.24173297  .00000805  00000+0  22663-3 0  9990
2 31038  99.0131  21.5538 0084050  77.3388 283.7184 14.46793992 24594
FENGYUN 1C DEB          
1 31040U 99025BEJ 26274.43308162  .00000291  00000+0  15980-3 0  9998
2 31040  98.6822 262.3954 0063535  73.8337  79.7189 14.18009709  8513
FENGYUN 1C DEB          
1 31041U 99025BEK 26274.59913318  .00001909  00000+0  88674-3 0  9998
2 31041  99.1907 319.1173 0086403 209.6912 149.9343 14.19959703996433
FENGYUN 1C DEB          
1 31043U 99025BEM 26274.52044469  .00000351  00000+0  22645-3 0  9991
2 31043  98.7512 288.9141 0040098 255.7778 257.1464 14.08833535  1099
FENGYUN 1C DEB          
1 31046U 99025BEQ 26274.38473106  .00012847  00000+0  17315-2 0  9992
2 31046  98.9633  68.7889 0035102 270.3789 152.7822 14.78890691  9422
FENGYUN 1C DEB          
1 31047U 99025BER 26274.46749416  .00000364  00000+0  21229-3 0  9993
2 31047  98.7151 269.4286 0026735  65.6157  86.3596 14.14242883  4534
FENGYUN 1C DEB          
1 31049U 99025BET 26274.26854736  .00000018  00000+0  37463-4 0  9999
2 31049  98.8033 280.9955 0051480  31.9411 328.4860 14.04508431652212
FENGYUN 1C DEB          
1 31051U 99025BEV 26266.85784110  .00000556  00000+0  37922-3 0  9992
2 31051  98.7915 293.1393 0053173  60.2558 300.3885 14.03192081678171
FENGYUN 1C DEB          
1 31053U 99025BEX 26273.26872843  .00000874  00000+0  65581-3 0  9993
2 31053  98.8177  19.5246 0305276  34.7319 327.3355 13.76992993974872
FENGYUN 1C DEB          
1 31054U 99025BEY 26274.53817891  .00000098  00000+0  76096-4 0  9999
2 31054  98.6842 283.5534 0010075  16.3788 136.6911 14.12319792  8798
FENGYUN 1C DEB          
1 31055U 99025BEZ 26274.58461142  .00000220  00000+0  14666-3 0  9990
2 31055  98.7311 302.8477 0025369 160.3893 351.3262 14.10671205  2484
FENGYUN 1C DEB          
1 31056U 99025BFA 26274.41076413  .00000276  00000+0  16546-3 0  9996
2 31056  98.6986 253.9234 0024610 223.0436 292.2034 14.14643016  9511
FENGYUN 1C DEB          
1 31057U 99025BFB 26274.46164004  .00002726  00000+0  29545-3 0  9991
2 31057  99.2293   3.5589 0129966  55.8360 305.5093 14.83285574662873
FENGYUN 1C DEB          
1 31058U 99025BFC 26274.29285537  .00002145  00000+0  27059-3 0  9991
2 31058  99.5879 284.1602 0085789 284.2402  74.9288 14.80872601 38183
FENGYUN 1C DEB          
1 31062U 99025BFG 26273.94463586  .00000043  00000+0  79346-4 0  9991
2 31062  99.0155  85.4726 0170796 262.3094 254.3006 13.75810223982518
FENGYUN 1C DEB          
1 31064U 99025BFJ 26273.42062080  .00000211  00000+0  87535-4 0  9996
2 31064  98.6051 254.0263 0239092 233.7139 281.7156 14.22555503 13972
FENGYUN 1C DEB          
1 31065U 99025BFK 26272.86925890  .00000945  00000+0  38660-3 0  9999
2 31065  98.4516 288.1911 0033018 251.8984 107.8601 14.29220252687353
FENGYUN 1C DEB          
1 31068U 99025BFN 26273.40016404  .00000128  00000+0  85943-4 0  9995
2 31068  98.6624 249.0705 0164800  11.2721 349.2070 14.09403761  2726
FENGYUN 1C DEB          
1 31069U 99025BFP 26274.26846211  .00001390  00000+0  28932-3 0  9994
2 31069  99.1129 107.3687 0100019 271.5790  87.3952 14.58908243 29454
FENGYUN 1C DEB          
1 31071U 99025BFR 26268.50562124  .00003517  00000+0  81593-3 0  9990
2 31071  99.0358  13.7089 0055396 137.5376 223.0124 14.54795521696611
FENGYUN 1C DEB          
1 31072U 99025BFS 26274.54327212  .00000683  00000+0  24508-3 0  9993
2 31072  99.3194 303.9582 0206705 341.2949  18.0711 14.26453537  8020
FENGYUN 1C DEB          
1 31073U 99025BFT 26274.08593012  .00001280  00000+0  54970-3 0  9996
2 31073  99.1919 143.3865 0043844 166.4808 193.7556 14.26137470 12486
FENGYUN 1C DEB          
1 31074U 99025BFU 26274.01297884  .00001826  00000+0  91196-3 0  9995
2 31074  98.9547 195.3649 0083990 152.9697 207.5888 14.16270485997140
FENGYUN 1C DEB          
1 31078U 99025BFY 26274.41720230  .00000444  00000+0  20392-3 0  9994
2 31078  98.8349 341.0580 0115454  26.6530  33.6099 14.22646223 10031
FENGYUN 1C DEB          
1 31080U 99025BGA 26252.21710589  .00001812  00000+0  76443-3 0  9995
2 31080  99.1168  48.3740 0067280  40.6550 319.9624 14.25769786668062
FENGYUN 1C DEB          
1 31081U 99025BGB 26273.83434118  .00000066  00000+0  64783-4 0  9993
2 31081  98.7595 286.0115 0049007 129.5485 356.8281 14.06349312  5578
FENGYUN 1C DEB          
1 31082U 99025BGC 26272.23919052  .00000725  00000+0  39457-3 0  9993
2 31082  98.6749 275.9629 0069926  91.0710 269.8475 14.13958511  3540
FENGYUN 1C DEB          
1 31083U 99025BGD 26274.31483816  .00005616  00000+0  95840-3 0  9991
2 31083  98.6622  52.4141 0028890 120.2834 263.3867 14.69111132 19895
FENGYUN 1C DEB          
1 31085U 99025BGF 26274.35391133  .00000064  00000+0  41096-4 0  9994
2 31085  98.9560 129.3427 0085773 246.5551 290.6680 14.30455456 18997
FENGYUN 1C DEB          
1 31087U 99025BGH 26274.54336873  .00001627  00000+0  27104-3 0  9996
2 31087  98.0844 293.8152 0169359  92.3226  57.1783 14.62307261 30478
FENGYUN 1C DEB          
1 31088U 99025BGJ 26274.22546814  .00001871  00000+0  73306-3 0  9996
2 31088  99.3951   2.4817 0026459 298.7507  88.0160 14.30628033  7161
FENGYUN 1C DEB          
1 31089U 99025BGK 26274.60977030  .00000400  00000+0  30846-3 0  9996
2 31089  98.9860  50.6466 0205755 136.4593 286.2174 13.88740460721242
FENGYUN 1C DEB          
1 31091U 99025BGM 26272.11771142  .00000193  00000+0  26548-3 0  9992
2 31091  99.2552 235.6682 0288017 311.3070  46.3597 13.54491771655700
FENGYUN 1C DEB          
1 31092U 99025BGN 26274.25685901  .00000793  00000+0  98796-3 0  9997
2 31092  99.7401  27.2049 0328824 134.1877 228.6782 13.47078262958196
FENGYUN 1C DEB          
1 31093U 99025BGP 26273.92447925  .00000259  00000+0  23823-3 0  9999
2 31093  98.5963  91.8442 0208736 151.1967 210.0903 13.80874453985394
FENGYUN 1C DEB          
1 31094U 99025BGQ 26273.89773630  .00001152  00000+0  73125-3 0  9994
2 31094  98.8391 138.6133 0105252 314.2486  45.0076 14.03177487997150
FENGYUN 1C DEB          
1 31095U 99025BGR 26274.19166255  .00000007  00000+0  65845-4 0  9997
2 31095  98.5878   3.9472 0499233 211.8122 145.1921 13.06761972932679
FENGYUN 1C DEB          
1 31097U 99025BGT 26274.38746182  .00003862  00000+0  96406-3 0  9991
2 31097  98.8724  57.2728 0014801 112.4847 320.5259 14.52125784 12785
FENGYUN 1C DEB          
1 31098U 99025BGU 26274.36825725  .00004992  00000+0  10965-2 0  9991
2 31098  98.8804  55.3713 0012494  90.1555 270.1074 14.57992419 12149
FENGYUN 1C DEB          
1 31099U 99025BGV 26272.21611025  .00000299  00000+0  13528-3 0  9995
2 31099  98.9107 176.1135 0063209 157.3852 357.3870 14.28255989 16107
FENGYUN 1C DEB          
1 31146U 99025BGY 26274.29980614  .00000915  00000+0  30368-3 0  9997
2 31146  99.0648 221.0252 0211787  41.2934 320.4047 14.28517172  9328
FENGYUN 1C DEB          
1 31148U 99025BHA 26274.19465502  .00001210  00000+0  32638-3 0  9993
2 31148  98.8392 176.8026 0131437 258.2441 100.3979 14.44942307 17019
FENGYUN 1C DEB          
1 31150U 99025BHC 26274.48250262  .00000113  00000+0  83511-4 0  9991
2 31150  98.6860 279.3506 0015824  51.8181 101.9350 14.12882220  4277
FENGYUN 1C DEB          
1 31151U 99025BHD 26274.53374689  .00002114  00000+0  85236-3 0  9996
2 31151  99.1269 297.8810 0053118 260.8722  98.6445 14.28357141  1518
FENGYUN 1C DEB          
1 31152U 99025BHE 26274.46273356  .00000067  00000+0  35827-4 0  9995
2 31152  98.4424 259.6615 0128072 239.7846 273.3272 14.36016850 22507
FENGYUN 1C DEB          
1 31155U 99025BHH 26274.15293708  .00001341  00000+0  76590-3 0  9994
2 31155  99.0245 348.6876 0087920 262.6249  96.4923 14.09468841997053
FENGYUN 1C DEB          
1 31157U 99025BHK 26273.80048847  .00000208  00000+0  10603-3 0  9993
2 31157  98.5090 251.9406 0099423 194.7055 165.1227 14.22872839 11254
FENGYUN 1C DEB          
1 31158U 99025BHL 26273.51592481  .00001844  00000+0  64917-3 0  9994
2 31158  98.7681   1.6080 0045364 252.7780 106.8437 14.35506306686638
FENGYUN 1C DEB          
1 31160U 99025BHN 26274.63033984 -.00000262  00000+0 -14676-3 0  9991
2 31160  99.0438 332.9776 0058217 168.7980 191.4496 13.99674220736963
FENGYUN 1C DEB          
1 31161U 99025BHP 26274.50886085  .00000166  00000+0  11725-3 0  9999
2 31161  98.7305 292.4578 0067411 240.6743 118.7682 14.09542124  2218
FENGYUN 1C DEB          
1 31163U 99025BHR 26263.90262262  .00000661  00000+0  25594-3 0  9997
2 31163  98.9452 146.0204 0054015 148.7480 211.6933 14.32705778687816
FENGYUN 1C DEB          
1 31165U 99025BHT 26273.52205089  .00001766  00000+0  26412-3 0  9999
2 31165  98.8632   5.1981 0065455  44.2760 333.2470 14.74796351 30413
FENGYUN 1C DEB          
1 31168U 99025BHW 26273.41236757  .00001969  00000+0  31476-3 0  9997
2 31168  98.9280  75.6827 0103281 239.2238 119.8765 14.69723368 33794
FENGYUN 1C DEB          
1 31169U 99025BHX 26271.07636662  .00002479  00000+0  98699-3 0  9994
2 31169  99.1380 315.9336 0055449 262.9111  96.5761 14.28776508612338
FENGYUN 1C DEB          
1 31171U 99025BHZ 26274.40728616  .00003240  00000+0  92077-3 0  9999
2 31171  98.0333 249.9991 0142541 149.9107   2.6272 14.40192142   335
FENGYUN 1C DEB          
1 31172U 99025BJA 26274.29080337  .00000118  00000+0  53784-4 0  9992
2 31172  98.4310 275.3677 0149814 121.8414 239.7453 14.31730348 18046
FENGYUN 1C DEB          
1 31173U 99025BJB 26252.43688324  .00001563  00000+0  76908-3 0  9992
2 31173  98.2100 323.3964 0063495  12.5262 347.7475 14.17851999678330
FENGYUN 1C DEB          
1 31175U 99025BJD 26273.27169014  .00011125  00000+0  16656-2 0  9997
2 31175  98.3940 285.7598 0056678 332.5970  27.2250 14.73755186699152
FENGYUN 1C DEB          
1 31177U 99025BJF 26274.65729047  .00001522  00000+0  14450-2 0  9990
2 31177  98.7544 164.3308 0299644 267.2041 118.2531 13.64111139702032
FENGYUN 1C DEB          
1 31178U 99025BJG 26274.30757216  .00001778  00000+0  73382-3 0  9995
2 31178  99.5055 305.0369 0123248 207.7330 151.7238 14.24183613999774
FENGYUN 1C DEB          
1 31179U 99025BJH 26268.27648755  .00000852  00000+0  57682-3 0  9999
2 31179  99.0031 285.5497 0213044 298.7013  59.2882 13.92652264659283
FENGYUN 1C DEB          
1 31180U 99025BJJ 26273.61257897  .00000117  00000+0  77073-4 0  9999
2 31180  99.2581  40.0260 0496487  14.6067 358.4212 13.70698305680655
FENGYUN 1C DEB          
1 31181U 99025BJK 26274.06965830  .00000731  00000+0  41323-3 0  9993
2 31181  98.7514 305.1331 0045717 323.0544  62.8761 14.12725737998949
FENGYUN 1C DEB          
1 31182U 99025BJL 26273.77871619  .00000290  00000+0  17192-3 0  9999
2 31182  98.7068 260.0861 0023632  26.5602  96.8599 14.14900429  1859
FENGYUN 1C DEB          
1 31183U 99025BJM 26274.53488229  .00001971  00000+0  48561-3 0  9997
2 31183  99.0484 285.5938 0044447 310.1355 201.4915 14.52896026 17185
FENGYUN 1C DEB          
1 31185U 99025BJP 26269.71539882  .00000110  00000+0  97760-4 0  9995
2 31185  98.8477 262.9847 0041160  24.4951 335.8160 14.03157079663758
FENGYUN 1C DEB          
1 31186U 99025BJQ 26271.04243236  .00000518  00000+0  30009-3 0  9994
2 31186  99.1803 198.7429 0025937 332.5671  90.5338 14.13335641  1420
FENGYUN 1C DEB          
1 31187U 99025BJR 26270.97881105  .00010522  00000+0  13622-2 0  9996
2 31187  99.2172 174.4726 0197556  61.3902 300.7017 14.68290009733333
FENGYUN 1C DEB          
1 31188U 99025BJS 26274.45386907  .00001469  00000+0  62923-3 0  9993
2 31188  98.7291 345.8190 0059840 122.0365   7.6740 14.25412919  4897
FENGYUN 1C DEB          
1 31190U 99025BJU 26273.46162452  .00000867  00000+0  56194-3 0  9997
2 31190  98.8130 282.4670 0068019 162.8651 197.4835 14.04166939996405
FENGYUN 1C DEB          
1 31191U 99025BJV 26274.49768539  .00000598  00000+0  18955-3 0  9994
2 31191  98.7662 188.1478 0093095  43.9617 316.8928 14.41393599 22096
FENGYUN 1C DEB          
1 31192U 99025BJW 26273.66122186  .00000866  00000+0  29906-3 0  9991
2 31192  98.5834 254.1343 0256309 336.6087  22.3595 14.21629925  8572
FENGYUN 1C DEB          
1 31194U 99025BJY 26274.59409520  .00001161  00000+0  39262-3 0  9991
2 31194  98.9414 180.6188 0056745 134.9082 225.6729 14.37947065 13037
FENGYUN 1C DEB          
1 31195U 99025BJZ 26271.35850415  .00000160  00000+0  10291-3 0  9995
2 31195  98.7479 301.3924 0172675  84.2919 277.7911 14.08110591  1429
FENGYUN 1C DEB          
1 31196U 99025BKA 26274.29191078  .00000549  00000+0  24293-3 0  9993
2 31196  98.5197 284.4749 0059132  77.6416 283.1375 14.26063570676642
FENGYUN 1C DEB          
1 31198U 99025BKC 26274.49237848  .00000041  00000+0  72266-4 0  9994
2 31198  98.6078 355.3731 0202928 285.4568  72.4255 13.75585902667784
FENGYUN 1C DEB          
1 31199U 99025BKD 26273.90473838  .00000081  00000+0  68491-4 0  9990
2 31199  98.7455 253.1155 0064393 150.8537 239.4369 14.10164212  2728
FENGYUN 1C DEB          
1 31201U 99025BKF 26274.14821591  .00000797  00000+0  26026-3 0  9995
2 31201  98.9686 152.4896 0138728 213.1900 302.4503 14.36325113 14444
FENGYUN 1C DEB          
1 31202U 99025BKG 26274.28236524  .00004979  00000+0  51739-3 0  9992
2 31202  96.5549 273.6725 0060743 268.4663 104.2340 14.88876564 34238
FENGYUN 1C DEB          
1 31205U 99025BKK 26274.27749715  .00000092  00000+0  53634-4 0  9994
2 31205  99.2392  27.0578 0162598  82.3973 279.5639 14.24123997 13758
FENGYUN 1C DEB          
1 31206U 99025BKL 26274.07937619  .00000761  00000+0  24134-3 0  9990
2 31206  98.8382 196.9662 0074767 212.4369 147.2212 14.41517279 20405
FENGYUN 1C DEB          
1 31208U 99025BKN 26273.47974602  .00004328  00000+0  75587-3 0  9999
2 31208  99.2557  98.6363 0013305  91.8498 297.3633 14.68503423747534
FENGYUN 1C DEB          
1 31209U 99025BKP 26270.56588295  .00005635  00000+0  15260-2 0  9999
2 31209  98.8880  24.2870 0022828 198.9422 161.0923 14.47960887689827
FENGYUN 1C DEB          
1 31210U 99025BKQ 26271.46015400  .00000358  00000+0  21723-3 0  9993
2 31210  98.7290 269.7245 0017872  56.0869  98.2669 14.12319439   577
FENGYUN 1C DEB          
1 31211U 99025BKR 26270.94348053  .00001141  00000+0  53877-3 0  9995
2 31211  98.6499 305.9948 0048786 334.2467  25.6282 14.21091793673991
FENGYUN 1C DEB          
1 31212U 99025BKS 26271.06643332  .00001439  00000+0  75649-3 0  9999
2 31212  99.1960 316.0492 0074268  80.0426 280.9118 14.14354430997471
FENGYUN 1C DEB          
1 31215U 99025BKV 26272.40197473  .00001291  00000+0  45791-3 0  9992
2 31215  99.0407 135.5079 0066986 195.1739 164.7436 14.35068604  5893
FENGYUN 1C DEB          
1 31217U 99025BKX 26274.29744868  .00000668  00000+0  32898-3 0  9990
2 31217  98.6410 279.3822 0099242  39.2517 321.5801 14.18212943  4627
FENGYUN 1C DEB          
1 31218U 99025BKY 26274.13141901  .00020638  00000+0  19881-2 0  9998
2 31218  98.8397  60.1551 0009852 198.0555 162.0313 14.92941972 13318
FENGYUN 1C DEB          
1 31219U 99025BKZ 26274.54114104  .00001334  00000+0  69078-3 0  9995
2 31219  99.2697 300.7264 0078751  76.4686 284.5244 14.15137301997096
FENGYUN 1C DEB          
1 31222U 99025BLC 26271.55592501  .00008125  00000+0  47341-3 0  9992
2 31222  98.5961  17.2163 0149878 194.7873 164.8944 15.03248726 43300
FENGYUN 1C DEB          
1 31223U 99025BLD 26274.44166845  .00002847  00000+0  22282-2 0  9993
2 31223  99.0402 151.8386 0248774 341.1289  18.0766 13.79426019967618
FENGYUN 1C DEB          
1 31224U 99025BLE 26271.23636075  .00000774  00000+0  28032-3 0  9992
2 31224  98.3930 257.2113 0157399  28.4925 344.6985 14.29480103733869
FENGYUN 1C DEB          
1 31225U 99025BLF 26274.21573897  .00001567  00000+0  73967-3 0  9994
2 31225  98.9758 356.1443 0087099 236.1423 149.0059 14.19338056999691
FENGYUN 1C DEB          
1 31226U 99025BLG 26272.21954851  .00000371  00000+0  15506-3 0  9993
2 31226  98.3654 264.1872 0128168  61.2856 300.1137 14.27096935661964
FENGYUN 1C DEB          
1 31228U 99025BLJ 26274.30551787  .00000730  00000+0  25030-3 0  9990
2 31228  98.8680 200.2104 0076819 304.0523 182.1184 14.37723288 17697
FENGYUN 1C DEB          
1 31229U 99025BLK 26274.16574099  .00001376  00000+0  61701-3 0  9998
2 31229  98.8543 356.1116 0053599 175.8483 184.3150 14.23399690  2365
FENGYUN 1C DEB          
1 31231U 99025BLM 26274.49632016  .00010604  00000+0  10197-2 0  9997
2 31231  98.8650 110.3590 0116268 257.8610 100.9559 14.88224720673597
FENGYUN 1C DEB          
1 31234U 99025BLQ 26265.69129246  .00000390  00000+0  24670-3 0  9991
2 31234  98.8036 257.4839 0073954 146.4002 214.1890 14.08255935767166
FENGYUN 1C DEB          
1 31235U 99025BLR 26273.67121388  .00005238  00000+0  19982-2 0  9993
2 31235  98.4478  55.1388 0166618 248.3733 109.9626 14.23846492673152
FENGYUN 1C DEB          
1 31236U 99025BLS 26274.06159493  .00003025  00000+0  17352-2 0  9997
2 31236  98.5417 210.0649 0305990 324.1978  33.9008 13.89107123650798
FENGYUN 1C DEB          
1 31237U 99025BLT 26272.71766584  .00000503  00000+0  19470-3 0  9995
2 31237  98.4661 269.2966 0087294 206.6284 153.0404 14.32094199 14251
FENGYUN 1C DEB          
1 31239U 99025BLV 26274.49719271  .00000309  00000+0  19615-3 0  9990
2 31239  98.7764 267.0196 0050733  90.4113  63.4103 14.10194410  1359
FENGYUN 1C DEB          
1 31240U 99025BLW 26264.79975256  .00000496  00000+0  30313-3 0  9996
2 31240  98.7566 266.4975 0044359 297.0707 236.8606 14.09942952260856
FENGYUN 1C DEB          
1 31241U 99025BLX 26273.75778810  .00000562  00000+0  19171-3 0  9993
2 31241  99.2664  88.4429 0066421  48.3962 312.2889 14.39504328 18691
FENGYUN 1C DEB          
1 31243U 99025BLZ 26274.57887578  .00000493  00000+0  30981-3 0  9993
2 31243  98.7242 310.2278 0065771  63.6814 297.1091 14.07793754734273
FENGYUN 1C DEB          
1 31244U 99025BMA 26248.40561761  .00000602  00000+0  37186-3 0  9996
2 31244  99.0050 316.0461 0102430 150.4338 210.2676 14.06587887613888
FENGYUN 1C DEB          
1 31246U 99025BMC 26274.36744423  .00001941  00000+0  10435-2 0  9994
2 31246  98.7920 119.4911 0142716 239.6224 119.0774 14.08998888658717
FENGYUN 1C DEB          
1 31247U 99025BMD 26273.96200411  .00000490  00000+0  32463-3 0  9998
2 31247  99.3400 176.3610 0059768 340.9781  79.9255 14.05683693996269
FENGYUN 1C DEB          
1 31248U 99025BME 26273.14489574  .00000280  00000+0  23768-3 0  9993
2 31248  99.2333 335.3210 0109772 241.1068 145.5218 13.93169603988815
FENGYUN 1C DEB          
1 31250U 99025BMG 26274.47962527  .00000904  00000+0  55347-3 0  9998
2 31250  98.3716 106.7872 0131308 188.3741 171.5237 14.03907900996245
FENGYUN 1C DEB          
1 31252U 99025BMJ 26274.29832686  .00000859  00000+0  21724-3 0  9993
2 31252  98.3020 290.0266 0211393  10.3077 350.2346 14.41019280 14209
FENGYUN 1C DEB          
1 31253U 99025BMK 26268.41247130  .00000385  00000+0  18924-3 0  9997
2 31253  99.0434 337.8315 0288878  14.0828 346.8183 14.03903780730209
FENGYUN 1C DEB          
1 31254U 99025BML 26274.08638179  .00000569  00000+0  18197-3 0  9991
2 31254  98.4243 323.2585 0150704  50.1718 341.4826 14.37081050 15951
FENGYUN 1C DEB          
1 31255U 99025BMM 26274.31404662  .00000404  00000+0  18483-3 0  9992
2 31255  99.3128 107.0427 0268627 248.2084 109.0307 14.10192666  8600
FENGYUN 1C DEB          
1 31256U 99025BMN 26274.27465855  .00002633  00000+0  10672-2 0  9996
2 31256  98.6591 114.6877 0302009   9.5930 351.0833 14.06631483690904
FENGYUN 1C DEB          
1 31259U 99025BMR 26274.18772319  .00001412  00000+0  71660-3 0  9994
2 31259  98.9996   1.4064 0063572  88.4620 302.2409 14.16559740997083
FENGYUN 1C DEB          
1 31260U 99025BMS 26274.25180116  .00001133  00000+0  38756-3 0  9991
2 31260  98.9411 187.8886 0046005 148.7729   2.6977 14.37735429 13915
FENGYUN 1C DEB          
1 31261U 99025BMT 26273.38110151  .00001296  00000+0  40689-3 0  9995
2 31261  99.0438 248.0374 0051153  90.8298 269.8751 14.41614651 15464
FENGYUN 1C DEB          
1 31262U 99025BMU 26274.20332486  .00001723  00000+0  82244-3 0  9993
2 31262  98.9953   7.0634 0052109 343.2660  46.8931 14.19874448998579
FENGYUN 1C DEB          
1 31264U 99025BMW 26274.03895860  .00000539  00000+0  27971-3 0  9996
2 31264  99.0957 183.8833 0001160  53.2482 321.1568 14.19159596  5521
FENGYUN 1C DEB          
1 31266U 99025BMY 26273.29033507  .00000211  00000+0  10644-3 0  9993
2 31266  99.2766 276.3980 0129873 174.1566 199.3942 14.22671121 13282
FENGYUN 1C DEB          
1 31268U 99025BNA 26260.88760402  .00000769  00000+0  48100-3 0  9993
2 31268  98.7330 298.7407 0049566 117.8537 242.7667 14.06958837659578
FENGYUN 1C DEB          
1 31269U 99025BNB 26274.59966550  .00002541  00000+0  50753-3 0  9996
2 31269  98.1470 147.0587 0231678 100.6861 292.0477 14.47102779  7092
FENGYUN 1C DEB          
1 31272U 99025BNE 26273.90167015  .00000582  00000+0  26119-3 0  9995
2 31272  99.0553 159.7805 0106292 356.7261   3.3208 14.23509847 11363
FENGYUN 1C DEB          
1 31274U 99025BNG 26274.43530216  .00000400  00000+0  30573-3 0  9991
2 31274  99.0225  88.0696 0239646  39.4745 322.3600 13.86153423982613
FENGYUN 1C DEB          
1 31275U 99025BNH 26274.38525090  .00000694  00000+0  45321-3 0  9992
2 31275  98.9179 317.1265 0102372 258.0714 100.8961 14.03086425995898
FENGYUN 1C DEB          
1 31279U 99025BNM 26273.24179404  .00000606  00000+0  25937-3 0  9998
2 31279  98.5170 278.7296 0074008  45.1757 315.5407 14.26936400 13636
FENGYUN 1C DEB          
1 31281U 99025BNP 26273.94366230  .00038600  00000+0  84268-3 0  9990
2 31281  98.4056  91.6942 0067363 161.4901 198.8817 15.41670461 41661
FENGYUN 1C DEB          
1 31282U 99025BNQ 26273.62469474  .00000230  00000+0  76074-4 0  9995
2 31282  99.2337 220.1796 0127598 145.2090 215.7524 14.43853700 13220
FENGYUN 1C DEB          
1 31284U 99025BNS 26274.10979802  .00000704  00000+0  48377-3 0  9992
2 31284  99.7327  30.8469 0141537 351.7001   8.1820 13.98436750992482
FENGYUN 1C DEB          
1 31285U 99025BNT 26274.43535244  .00000363  00000+0  13782-3 0  9990
2 31285  98.5524 252.6682 0200016  50.4630  98.6618 14.26402631 14554
FENGYUN 1C DEB          
1 31286U 99025BNU 26274.36868068  .00002586  00000+0  10803-2 0  9995
2 31286 100.8591 238.4440 0073766 209.0046 150.7018 14.25921669681867
FENGYUN 1C DEB          
1 31287U 99025BNV 26272.45998345  .00001819  00000+0  72422-3 0  9990
2 31287  99.3898 355.8393 0025906 306.8042  53.0761 14.29858030  8347
FENGYUN 1C DEB          
1 31293U 99025BPB 26273.27687467  .00000051  00000+0  32710-4 0  9992
2 31293  98.4245 277.1340 0127496 102.6561 258.8912 14.30921318694136
FENGYUN 1C DEB          
1 31294U 99025BPC 26274.43399977  .00000362  00000+0  19667-3 0  9998
2 31294  98.5628 263.2746 0098292 219.0515 140.3536 14.15755967  9946
FENGYUN 1C DEB          
1 31295U 99025BPD 26274.13256485 -.00000212  00000+0 -12198-3 0  9990
2 31295  98.3401  76.6025 0078263 151.1064 209.4468 13.96921844995853
FENGYUN 1C DEB          
1 31296U 99025BPE 26274.55407119  .00025744  00000+0  24639-2 0  9996
2 31296  99.0598 233.1320 0018698  20.2584 339.9369 14.93050456 16837
FENGYUN 1C DEB          
1 31297U 99025BPF 26274.40416203  .00000465  00000+0  10144-3 0  9995
2 31297  98.9738  78.4199 0136296 313.2980  75.4226 14.57968043 35640
FENGYUN 1C DEB          
1 31300U 99025BPJ 26274.55360904  .00001534  00000+0  78404-3 0  9993
2 31300  99.5387  19.3103 0058467 322.0502  50.8097 14.16409466  2957
FENGYUN 1C DEB          
1 31302U 99025BPL 26274.45026411  .00001572  00000+0  63699-3 0  9998
2 31302  99.3955 343.9981 0025492 297.0763  76.4390 14.29181842  4984
FENGYUN 1C DEB          
1 31303U 99025BPM 26274.49289048  .00000024  00000+0  37105-4 0  9995
2 31303  98.6940 286.5220 0011938  49.1896 311.0309 14.11133424  4412
FENGYUN 1C DEB          
1 31311U 99025BPP 26274.48295230  .00001781  00000+0  68213-3 0  9997
2 31311  98.8438   5.9926 0016770 303.5036 115.5993 14.31830544  4058
FENGYUN 1C DEB          
1 31312U 99025BPQ 26274.42337872  .00000497  00000+0  35370-3 0  9992
2 31312  98.8808 256.8393 0059517 141.3947  11.4058 14.01180437992441
FENGYUN 1C DEB          
1 31313U 99025BPR 26274.56047964  .00000319  00000+0  16167-3 0  9994
2 31313  99.0015 189.8869 0045982  62.9786 297.6074 14.22605170 12008
FENGYUN 1C DEB          
1 31314U 99025BPS 26273.26272566  .00000427  00000+0  28391-3 0  9991
2 31314  98.8417 264.6253 0077302 260.2145  99.0287 14.05162721649089
FENGYUN 1C DEB          
1 31319U 99025BPX 26274.41407600  .00000056  00000+0  87910-4 0  9994
2 31319  98.7946 156.5998 0170415  26.0726 148.4821 13.75915523977121
FENGYUN 1C DEB          
1 31320U 99025BPY 26274.22642550  .00001980  00000+0  85360-3 0  9993
2 31320  98.3142  75.7648 0097540 329.3737  30.1770 14.23048805645147
FENGYUN 1C DEB          
1 31321U 99025BPZ 26274.45403374  .00000092  00000+0  70739-4 0  9996
2 31321  98.7089 351.1558 0030646  66.1380 294.3000 14.13962024615208
FENGYUN 1C DEB          
1 31322U 99025BQA 26274.34137824  .00000071  00000+0  97398-4 0  9996
2 31322  98.5341 312.3206 0237430 306.3625 112.1930 13.73118684662917
FENGYUN 1C DEB          
1 31323U 99025BQB 26273.41487467  .00001650  00000+0  66507-3 0  9996
2 31323  99.4001 339.5667 0029231 324.1180  35.8035 14.29312027681451
FENGYUN 1C DEB          
1 31324U 99025BQC 26274.04551523  .00000106  00000+0  78048-4 0  9991
2 31324  99.1344 207.1071 0049292 198.1986 161.7424 14.14848827  5008
FENGYUN 1C DEB          
1 31325U 99025BQD 26269.03651368  .00002661  00000+0  12713-2 0  9996
2 31325  98.9930  11.7384 0070806 124.2016 236.5897 14.18721687638490
FENGYUN 1C DEB          
1 31327U 99025BQF 26273.42016625  .00015993  00000+0  59517-3 0  9993
2 31327  98.9545 334.0072 0063332 113.8177 246.9712 15.25707127 45267
FENGYUN 1C DEB          
1 31328U 99025BQG 26274.39296964  .00000079  00000+0  45218-4 0  9990
2 31328  98.5212 245.9886 0105335  76.1134 285.1739 14.29064445 16110
FENGYUN 1C DEB          
1 31329U 99025BQH 26274.24308666  .00002516  00000+0  40757-3 0  9998
2 31329  98.9051 291.7994 0049653 258.1518 101.4115 14.71505829 69123
FENGYUN 1C DEB          
1 31331U 99025BQK 26273.01389585 -.00000031  00000+0  75724-5 0  9999
2 31331  98.8613 295.3882 0054660  95.1037 265.6370 14.00778304679343
FENGYUN 1C DEB          
1 31332U 99025BQL 26274.28174295  .00000737  00000+0  41687-3 0  9991
2 31332  98.7039 281.2296 0047895 272.4404 100.5386 14.12636569   978
FENGYUN 1C DEB          
1 31333U 99025BQM 26271.22091610  .00000818  00000+0  33428-3 0  9996
2 31333  98.4213 280.1928 0095901 255.0744 103.9804 14.27385363  6994
FENGYUN 1C DEB          
1 31336U 99025BQQ 26273.96692395  .00000346  00000+0  12067-3 0  9991
2 31336  98.4270 329.7087 0091418 324.1734 159.0722 14.39189999 19795
FENGYUN 1C DEB          
1 31338U 99025BQS 26274.28847316  .00002466  00000+0  10757-2 0  9992
2 31338  98.6999 115.8744 0072707 344.9903  14.9117 14.23418665678166
FENGYUN 1C DEB          
1 31339U 99025BQT 26274.50700834  .00000744  00000+0  41118-3 0  9994
2 31339  98.7026 288.0453 0073515 210.6159 149.0713 14.12998346998118
FENGYUN 1C DEB          
1 31341U 99025BQV 26274.20033169  .00002407  00000+0  55038-3 0  9998
2 31341  99.5337   1.4841 0052151 196.5638 193.6526 14.56015282 18713
FENGYUN 1C DEB          
1 31342U 99025BQW 26273.71979042  .00000164  00000+0  66934-4 0  9999
2 31342  98.9742 246.7688 0112885  81.1720 280.2228 14.37001722 20776
FENGYUN 1C DEB          
1 31345U 99025BQZ 26245.81348198  .00001813  00000+0  96124-3 0  9999
2 31345  98.0913 239.3477 0069720  37.7890 322.8151 14.13462792992316
FENGYUN 1C DEB          
1 31346U 99025BRA 26274.51192548  .00007535  00000+0  30781-3 0  9999
2 31346  98.8757 296.0742 0091410 115.3245 245.7489 15.20943845 39236
FENGYUN 1C DEB          
1 31348U 99025BRC 26274.43077815  .00001569  00000+0  55568-3 0  9992
2 31348  99.1519 247.3072 0032596 294.1603 219.7723 14.35807078  4390
FENGYUN 1C DEB          
1 31350U 99025BRE 26274.24117602  .00000543  00000+0  20015-3 0  9993
2 31350  98.9711 102.6644 0065729 349.0754  10.8999 14.35565636744491
FENGYUN 1C DEB          
1 31351U 99025BRF 26271.79747896  .00000261  00000+0  17515-3 0  9993
2 31351  98.8229 256.2192 0091973 315.9982  43.3891 14.07223451654547
FENGYUN 1C DEB          
1 31353U 99025BRH 26263.05510574  .00001058  00000+0  32259-3 0  9993
2 31353  99.0041 203.1969 0225818 329.8747  28.9603 14.30713622  4445
FENGYUN 1C DEB          
1 31356U 99025BRL 26264.23804577  .00013912  00000+0  16558-2 0  9991
2 31356  98.6519  50.8604 0025108  91.8690 268.5397 14.84266612693008
FENGYUN 1C DEB          
1 31357U 99025BRM 26274.54604929 -.00000045  00000+0 -13958-5 0  9995
2 31357  98.5810 301.5038 0050251 166.4426 347.2865 14.18558761  8441
FENGYUN 1C DEB          
1 31359U 99025BRP 26269.54996814  .00004979  00000+0  21218-2 0  9991
2 31359  99.0810  21.8515 0071659 187.7744 172.2329 14.24210342 26960
FENGYUN 1C DEB          
1 31360U 99025BRQ 26264.76939906  .00002901  00000+0  14379-2 0  9994
2 31360  97.9803  98.3497 0101984 125.2944 235.7823 14.15188783671999
FENGYUN 1C DEB          
1 31361U 99025BRR 26274.14219488  .00000088  00000+0  63409-4 0  9998
2 31361  98.5878 244.2530 0044173 308.5676  51.1545 14.17883571  6883
FENGYUN 1C DEB          
1 31362U 99025BRS 26273.44153516  .00000129  00000+0  84689-4 0  9999
2 31362  98.6719 265.4615 0017920 341.7031  18.3497 14.17548890  6986
FENGYUN 1C DEB          
1 31364U 99025BRU 26274.34016300  .00002213  00000+0  10754-2 0  9996
2 31364  99.2704  50.7434 0088434  44.9704 315.8588 14.17328389990189
FENGYUN 1C DEB          
1 31365U 99025BRV 26273.50656694  .00002390  00000+0  69295-3 0  9991
2 31365  98.6690   8.8515 0039553  69.4812 291.0617 14.44891562  8288
FENGYUN 1C DEB          
1 31367U 99025BRX 26274.52522350  .00000695  00000+0  18789-3 0  9995
2 31367  98.7238 183.5907 0096153 213.1475 322.7506 14.48483747 26833
FENGYUN 1C DEB          
1 31368U 99025BRY 26271.34034743  .00000864  00000+0  38278-3 0  9990
2 31368  99.1274 112.1622 0044668 179.2783 180.8467 14.25347975685870
FENGYUN 1C DEB          
1 31369U 99025BRZ 26272.76994479  .00000197  00000+0  11173-3 0  9993
2 31369  98.6509 251.8372 0054939 177.8340 305.0942 14.19682147684564
FENGYUN 1C DEB          
1 31370U 99025BSA 26274.21913063  .00000315  00000+0  20187-3 0  9994
2 31370  98.7655 271.4733 0033531 187.5556 172.5114 14.10020525  3874
FENGYUN 1C DEB          
1 31371U 99025BSB 26273.00622057  .00001021  00000+0  64055-3 0  9998
2 31371  98.7403 300.7017 0078711 149.1998 211.3824 14.05123424998363
FENGYUN 1C DEB          
1 31372U 99025BSC 26274.49967777  .00001476  00000+0  60684-3 0  9992
2 31372  99.3780 291.8100 0031014 319.6908  40.1972 14.28444799   229
FENGYUN 1C DEB          
1 31374U 99025BSE 26273.69476847  .00004130  00000+0  12479-2 0  9996
2 31374  99.6435  84.4238 0136038 225.3948 133.6073 14.37831737  1658
FENGYUN 1C DEB          
1 31376U 99025BSG 26274.30111330  .00003831  00000+0  68524-3 0  9990
2 31376  98.8411 216.9447 0047541  83.1389 277.5219 14.66803593 24227
FENGYUN 1C DEB          
1 31378U 99025BSJ 26274.25304917  .00000429  00000+0  41612-3 0  9990
2 31378 100.7471 207.8702 0166629 181.2147 178.8617 13.80546667982591
FENGYUN 1C DEB          
1 31381U 99025BSM 26274.47695568  .00000640  00000+0  18404-3 0  9991
2 31381  98.4759 359.1815 0194914 237.2354 120.9920 14.37957219 16037
FENGYUN 1C DEB          
1 31383U 99025BSP 26274.13992731  .00000674  00000+0  41389-3 0  9993
2 31383  99.0407 340.9662 0107946 222.4701 167.0374 14.06286915994781
FENGYUN 1C DEB          
1 31384U 99025BSQ 26274.35728574  .00002363  00000+0  95103-3 0  9990
2 31384  98.4783 219.2427 0430277 314.6732 201.5236 13.88634178970820
FENGYUN 1C DEB          
1 31385U 99025BSR 26273.58038817  .00000253  00000+0  80873-4 0  9994
2 31385  98.9600  24.0422 0132098 266.7361 104.7073 14.44332830 28286
FENGYUN 1C DEB          
1 31386U 99025BSS 26274.45912824  .00001278  00000+0  96188-3 0  9994
2 31386  98.4425 266.0498 0194448 199.4757 159.8900 13.87368325979195
FENGYUN 1C DEB          
1 31387U 99025BST 26272.91398535  .00000281  00000+0  13128-3 0  9997
2 31387  99.1291 163.4517 0242005  71.3427 291.3853 14.13860538  4025
FENGYUN 1C DEB          
1 31388U 99025BSU 26273.76857740  .00000102  00000+0  84907-4 0  9996
2 31388  98.8317 259.7716 0047975 100.1525  74.5600 14.07558037  5438
FENGYUN 1C DEB          
1 31389U 99025BSV 26274.49525249  .00008496  00000+0  13240-2 0  9998
2 31389  99.0363 115.2438 0026423   3.6368  25.2871 14.72992778  7843
FENGYUN 1C DEB          
1 31410U 99025BSW 26272.98740495  .00001209  00000+0  32764-3 0  9995
2 31410  98.8598  92.0020 0109299 134.7898  15.4900 14.46164394 19552
FENGYUN 1C DEB          
1 31411U 99025BSX 26272.41565197  .00000477  00000+0  19626-3 0  9996
2 31411  98.6343 336.1084 0102369 124.2881 298.2537 14.28508162986294
FENGYUN 1C DEB          
1 31412U 99025BSY 26274.27032706  .00001278  00000+0  71099-3 0  9990
2 31412  98.5613 209.2386 0078156 221.5612 137.9602 14.11210849651169
FENGYUN 1C DEB          
1 31415U 99025BTB 26256.17948472  .00001949  00000+0  72711-3 0  9995
2 31415  99.6686 243.7066 0062332  13.5582 346.7255 14.32213099667575
FENGYUN 1C DEB          
1 31416U 99025BTC 26274.45513159  .00000433  00000+0  13553-3 0  9993
2 31416  99.0160 346.1095 0133629 106.6918 254.8985 14.41180343697355
FENGYUN 1C DEB          
1 31419U 99025BTF 26272.81873999  .00004365  00000+0  63159-3 0  9990
2 31419  98.7810 115.2088 0037931   6.9232 353.2491 14.76242533693151
FENGYUN 1C DEB          
1 31420U 99025BTG 26273.41498189  .00000627  00000+0  18339-3 0  9990
2 31420  97.5231 142.4622 0134890 148.9659  25.2255 14.41624641691951
FENGYUN 1C DEB          
1 31422U 99025BTJ 26274.46997635  .00000219  00000+0  14805-3 0  9999
2 31422  98.7762 268.8951 0033917 190.0211 322.4135 14.09934059997862
FENGYUN 1C DEB          
1 31423U 99025BTK 26273.16756619  .00000119  00000+0  71348-4 0  9996
2 31423  98.6160 252.2482 0037555  69.5383 290.9822 14.23141805 10539
FENGYUN 1C DEB          
1 31424U 99025BTL 26274.03188088  .00000172  00000+0  11885-3 0  9991
2 31424  98.4471 305.0950 0093046 353.9282   6.0754 14.08559573672852
FENGYUN 1C DEB          
1 31426U 99025BTN 26274.36861453  .00000727  00000+0  39612-3 0  9997
2 31426  98.6074  55.7368 0320655  98.5220 294.0551 13.91661991976412
FENGYUN 1C DEB          
1 31427U 99025BTP 26273.31331912  .00005695  00000+0  10636-2 0  9997
2 31427  98.6870  41.9090 0028819 196.8339 163.1908 14.65097936 11434
FENGYUN 1C DEB          
1 31428U 99025BTQ 26274.47861744  .00001266  00000+0  38106-3 0  9990
2 31428  99.0632 268.9209 0062894   9.0916 141.8212 14.43401040 16927
FENGYUN 1C DEB          
1 31429U 99025BTR 26273.36601017  .00000959  00000+0  43987-3 0  9994
2 31429  98.6599 323.0094 0012807 297.8778 121.4613 14.23588864   900
FENGYUN 1C DEB          
1 31430U 99025BTS 26274.43730649  .00001065  00000+0  45671-3 0  9990
2 31430  98.7197 341.4962 0025793 266.6757 158.3800 14.26746334  2904
FENGYUN 1C DEB          
1 31431U 99025BTT 26270.08902761  .00001661  00000+0  98986-3 0  9993
2 31431  98.5193 145.7151 0134054   3.4672 356.7394 14.04189932985776
FENGYUN 1C DEB          
1 31433U 99025BTV 26274.25786649  .00002016  00000+0  78971-3 0  9990
2 31433  98.3937 171.3920 0093072 250.6302 236.7597 14.28152926997247
FENGYUN 1C DEB          
1 31435U 99025BTX 26274.35838968  .00000244  00000+0  62853-4 0  9999
2 31435  99.0386 114.4401 0148466  18.6885 341.9681 14.53890965 25642
FENGYUN 1C DEB          
1 31437U 99025BTZ 26274.21168236  .00002760  00000+0  78397-3 0  9994
2 31437  98.8581  12.5530 0014795 105.8242 254.4581 14.46191555  7190
FENGYUN 1C DEB          
1 31439U 99025BUB 26273.81010507  .00000692  00000+0  49327-3 0  9991
2 31439  98.9204 275.6542 0138199  78.2830  46.5292 13.96128702673074
FENGYUN 1C DEB          
1 31440U 99025BUC 26273.21487978  .00002263  00000+0  73729-3 0  9996
2 31440  98.7421  11.3504 0039134 196.2543 163.7391 14.39274486  4540
FENGYUN 1C DEB          
1 31441U 99025BUD 26274.55762252  .00032386  00000+0  22051-2 0  9996
2 31441  99.2795 193.4811 0059836 123.4494 237.2468 15.04746802684503
FENGYUN 1C DEB          
1 31442U 99025BUE 26272.48238068  .00000509  00000+0  18951-3 0  9997
2 31442  98.5179 359.3992 0077823 229.2628 130.1783 14.34492455 15283
FENGYUN 1C DEB          
1 31443U 99025BUF 26274.11879659  .00001794  00000+0  37240-3 0  9996
2 31443  99.2301  46.2412 0182460 305.9698  52.4691 14.51781635711806
FENGYUN 1C DEB          
1 31444U 99025BUG 26271.69102902  .00008430  00000+0  11263-2 0  9997
2 31444  98.9425 248.6563 0048657 245.4539 114.1593 14.78999203 16936
FENGYUN 1C DEB          
1 31447U 99025BUK 26272.90154697  .00000388  00000+0  14564-3 0  9995
2 31447  98.9570 325.5391 0229107 235.9192 122.0053 14.24324428689964
FENGYUN 1C DEB          
1 31448U 99025BUL 26273.25570896  .00000795  00000+0  32672-3 0  9990
2 31448  98.4954 281.8502 0059854  68.6891 292.0667 14.28669664684659
FENGYUN 1C DEB          
1 31449U 99025BUM 26272.40233822  .00000267  00000+0  99379-4 0  9994
2 31449  98.5159 332.1508 0145623 127.2820 234.1745 14.34027968 17788
FENGYUN 1C DEB          
1 31451U 99025BUP 26273.97672549  .00000280  00000+0  16950-3 0  9991
2 31451  98.7301 314.7036 0032391 100.9793  17.4773 14.13952357   701
FENGYUN 1C DEB          
1 31452U 99025BUQ 26273.22610210  .00000327  00000+0  18762-3 0  9992
2 31452  98.6857 257.2012 0040701  16.2099 344.0367 14.15535261  3270
FENGYUN 1C DEB          
1 31455U 99025BUT 26272.16656080  .00000288  00000+0  14701-3 0  9997
2 31455  98.6030 253.2672 0216166 302.4455  55.5976 14.11729388  1987
FENGYUN 1C DEB          
1 31456U 99025BUU 26274.12656585  .00001334  00000+0  39428-3 0  9992
2 31456  98.5900  23.5998 0067858 155.5740 204.8690 14.43826926 16763
FENGYUN 1C DEB          
1 31459U 99025BUX 26274.00440225  .00002218  00000+0  59462-3 0  9996
2 31459  98.1579 176.4371 0091298 322.6137  36.8725 14.46710300687801
FENGYUN 1C DEB          
1 31462U 99025BVA 26274.30212260  .00000264  00000+0  16240-3 0  9995
2 31462  98.6761 288.9938 0033446  91.8287 283.1581 14.13318211999883
FENGYUN 1C DEB          
1 31463U 99025BVB 26273.27114639  .00000455  00000+0  13298-3 0  9994
2 31463  99.0949 276.7867 0209827 264.6210  93.1007 14.37744911689083
FENGYUN 1C DEB          
1 31464U 99025BVC 26274.36646225  .00000235  00000+0  14855-3 0  9993
2 31464  98.7574 320.1883 0044759 131.0883 291.3509 14.12743628988112
FENGYUN 1C DEB          
1 31466U 99025BVE 26271.08227603  .00000111  00000+0  51903-4 0  9995
2 31466  99.1094 213.9810 0298377 205.0861 153.5564 14.18791581  3777
FENGYUN 1C DEB          
1 31467U 99025BVF 26270.38364378  .00002181  00000+0  13353-2 0  9993
2 31467  98.5803 126.3283 0150902 274.2471  84.1464 14.01345031 37880
FENGYUN 1C DEB          
1 31468U 99025BVG 26272.22286160  .00001248  00000+0  29787-3 0  9993
2 31468  98.1857 263.6391 0164208 359.2322   0.8595 14.47584045715731
FENGYUN 1C DEB          
1 31471U 99025BVK 26266.41118479  .00001915  00000+0  87923-3 0  9995
2 31471  97.9547 125.4365 0143750 245.0201 113.5987 14.16948407680067
FENGYUN 1C DEB          
1 31473U 99025BVM 26274.33790777  .00001603  00000+0  60601-3 0  9992
2 31473  98.5219 306.9997 0063132 230.8230 192.5948 14.31525145737051
FENGYUN 1C DEB          
1 31474U 99025BVN 26273.99061638  .00001125  00000+0  62699-3 0  9999
2 31474  99.1305 329.9567 0070915 108.6287 252.2601 14.11777918990926
FENGYUN 1C DEB          
1 31475U 99025BVP 26271.97127328  .00001668  00000+0  42873-3 0  9999
2 31475  98.9129 177.6859 0207161 330.0304  28.9152 14.39672844  1807
FENGYUN 1C DEB          
1 31476U 99025BVQ 26272.90596457  .00001328  00000+0  59545-3 0  9994
2 31476  98.8833 354.0822 0050348  55.1729 305.4170 14.23550646998401
FENGYUN 1C DEB          
1 31477U 99025BVR 26272.95044141  .00000084  00000+0  78568-4 0  9993
2 31477  98.9108 261.2095 0108646 297.5978  61.4188 14.03107895994879
FENGYUN 1C DEB          
1 31480U 99025BVU 26274.30084297  .00002727  00000+0  13409-2 0  9991
2 31480  98.3293 101.3996 0337423 126.4820 236.7936 13.92609137974643
FENGYUN 1C DEB          
1 31482U 99025BVW 26273.82503564  .00000812  00000+0  27740-3 0  9999
2 31482  98.3885 274.9156 0089399 129.1321 353.8529 14.36657972 13157
FENGYUN 1C DEB          
1 31483U 99025BVX 26274.46479565  .00002928  00000+0  13421-2 0  9994
2 31483 102.5122 347.6945 0120964 211.2343 161.9092 14.18831195988543
FENGYUN 1C DEB          
1 31484U 99025BVY 26274.40095754  .00007747  00000+0  15014-2 0  9997
2 31484 101.8056 337.0316 0066411  74.0796 286.7697 14.62325102685018
FENGYUN 1C DEB          
1 31485U 99025BVZ 26273.20980608  .00002542  00000+0  25960-2 0  9995
2 31485 102.7026 180.2999 0446343  47.8171 315.9962 13.41435717943514
FENGYUN 1C DEB          
1 31487U 99025BWB 26274.55406652  .00000855  00000+0  60725-3 0  9992
2 31487 102.4015 190.0461 0118612 319.7403 216.6489 13.98752107985040
FENGYUN 1C DEB          
1 31491U 99025BWE 26272.02180417  .00001698  00000+0  82855-3 0  9999
2 31491  99.3000 199.4497 0048691 165.6406 194.6164 14.18881232678426
FENGYUN 1C DEB          
1 31492U 99025BWF 26274.01245489  .00009248  00000+0  11223-2 0  9991
2 31492  98.8559 113.9079 0048509 167.5793 192.6625 14.82972338  8016
FENGYUN 1C DEB          
1 31493U 99025BWG 26274.13679699  .00000407  00000+0  33018-3 0  9994
2 31493 100.1588 253.1105 0117613 125.5424 235.6767 13.93580079639384
FENGYUN 1C DEB          
1 31495U 99025BWJ 26270.93362905  .00001778  00000+0  69515-3 0  9992
2 31495  99.0945 162.4788 0027538  59.4840 300.9055 14.30704849675247
FENGYUN 1C DEB          
1 31497U 99025BWL 26274.18413488  .00000156  00000+0  55857-4 0  9992
2 31497  98.4007 256.5964 0166992 184.0393 237.2496 14.39589770 16982
FENGYUN 1C DEB          
1 31498U 99025BWM 26274.28797995  .00001371  00000+0  11687-2 0  9993
2 31498  98.5008 220.0869 0219435  73.7903 288.7275 13.78165155967628
FENGYUN 1C DEB          
1 31499U 99025BWN 26260.14806821  .00004247  00000+0  20112-2 0  9991
2 31499  97.6594  30.3135 0252940 108.8621 254.0159 14.04585281662740
FENGYUN 1C DEB          
1 31502U 99025BWR 26274.23539070  .00001684  00000+0  85462-3 0  9992
2 31502  99.0832  14.9393 0071096 124.9496 235.8382 14.16073743647128
FENGYUN 1C DEB          
1 31503U 99025BWS 26274.01985959  .00001042  00000+0  47530-3 0  9992
2 31503 100.0782 187.4532 0049909  94.6724 266.0153 14.23603805684042
FENGYUN 1C DEB          
1 31507U 99025BWW 26274.33830257  .00000683  00000+0  16265-3 0  9992
2 31507  98.1648 304.3534 0113735 255.0915 116.9488 14.53172453 22661
FENGYUN 1C DEB          
1 31508U 99025BWX 26273.31971005  .00006328  00000+0  10466-2 0  9995
2 31508  98.6439  42.2890 0029859 138.6028 221.7447 14.70420534 11913
FENGYUN 1C DEB          
1 31509U 99025BWY 26274.29461407  .00001393  00000+0  89037-3 0  9992
2 31509  99.0403  32.8490 0192938 136.9067 224.7384 13.96328928980430
FENGYUN 1C DEB          
1 31510U 99025BWZ 26273.26977512  .00000471  00000+0  21760-3 0  9994
2 31510  98.5653 270.2284 0036632 198.1103 175.3413 14.25135609  5573
FENGYUN 1C DEB          
1 31511U 99025BXA 26274.29934864  .00000736  00000+0  29016-3 0  9998
2 31511  99.0804  99.7417 0107219  99.9291 261.4012 14.29125696999782
FENGYUN 1C DEB          
1 31512U 99025BXB 26274.51495612  .00001117  00000+0  29765-3 0  9992
2 31512  98.7827 184.9692 0142186 352.1146 182.7316 14.44831974697283
FENGYUN 1C DEB          
1 31513U 99025BXC 26273.12128072  .00002003  00000+0  71371-3 0  9997
2 31513  98.8653  22.0125 0025006 352.7058   7.3759 14.35238476770456
FENGYUN 1C DEB          
1 31514U 99025BXD 26274.22201357  .00001719  00000+0  77794-3 0  9996
2 31514  99.2389 193.8657 0055600   6.9619 353.2317 14.22614247734812
FENGYUN 1C DEB          
1 31515U 99025BXE 26274.50425187  .00000707  00000+0  40969-3 0  9997
2 31515  98.8892   3.1727 0053767  38.7817 321.7194 14.11334697624922
FENGYUN 1C DEB          
1 31516U 99025BXF 26274.12223641  .00000399  00000+0  16612-3 0  9992
2 31516  98.8623  37.7214 0149035 111.6506  60.7673 14.25914372  6328
FENGYUN 1C DEB          
1 31519U 99025BXJ 26273.21625503  .00000424  00000+0  20070-3 0  9999
2 31519  98.5892 267.7045 0053334 114.2778 246.3985 14.23894664689121
FENGYUN 1C DEB          
1 31522U 99025BXM 26271.81882121  .00000775  00000+0  50809-3 0  9990
2 31522  98.6968 282.8589 0044178 106.5864 254.0162 14.04430220990678
FENGYUN 1C DEB          
1 31523U 99025BXN 26272.36390341 -.00000015  00000+0  14710-4 0  9990
2 31523  98.7155 318.2837 0038381   3.9273  56.8196 14.13883844   920
FENGYUN 1C DEB          
1 31524U 99025BXP 26269.57626368  .00000713  00000+0  31695-3 0  9995
2 31524  99.2446 162.8626 0277814  43.2144  71.3257 14.07640080672009
FENGYUN 1C DEB          
1 31527U 99025BXS 26272.57730504  .00000385  00000+0  58444-3 0  9996
2 31527  98.9310  41.8609 0447791 310.8499  45.4608 13.23636777940379
FENGYUN 1C DEB          
1 31531U 99025BXW 26273.34594149  .00001285  00000+0  32059-3 0  9994
2 31531  98.3502 315.1154 0241253 115.9161 246.7105 14.37165814681216
FENGYUN 1C DEB          
1 31533U 99025BXY 26273.95682243  .00000330  00000+0  14850-3 0  9995
2 31533  98.9338 178.2004 0063895 221.5825 138.0487 14.28071358702936
FENGYUN 1C DEB          
1 31535U 99025BYA 26258.79680097  .00000914  00000+0  35999-3 0  9992
2 31535  98.0197  91.8140 0088198  58.3933 302.5821 14.29125973758870
FENGYUN 1C DEB          
1 31536U 99025BYB 26273.50046843  .00005039  00000+0  63104-3 0  9996
2 31536  98.2188 182.8280 0277197 319.0371  39.0294 14.59178720  5008
FENGYUN 1C DEB          
1 31537U 99025BYC 26273.23799277  .00005952  00000+0  14121-2 0  9991
2 31537  99.3162  88.9812 0328343 212.3245 145.7436 14.26346440974306
FENGYUN 1C DEB          
1 31540U 99025BYF 26274.27904811  .00002092  00000+0  29974-3 0  9997
2 31540  99.0675 109.7528 0170058 120.2437 241.5723 14.68434115 25764
FENGYUN 1C DEB          
1 31541U 99025BYG 26273.71922929  .00001690  00000+0  26748-3 0  9995
2 31541  99.0074  91.2181 0074915  55.1220 305.6997 14.72001050 27073
FENGYUN 1C DEB          
1 31542U 99025BYH 26273.37517503  .00001247  00000+0  55437-3 0  9991
2 31542  98.7075 329.7601 0047001  84.4062 276.2475 14.24117424   909
FENGYUN 1C DEB          
1 31544U 99025BYK 26274.11778011  .00000599  00000+0  33048-3 0  9992
2 31544  98.7995 326.6456 0033227 156.5512 203.7185 14.14988418998910
FENGYUN 1C DEB          
1 31546U 99025BYM 26274.08576105  .00001187  00000+0  57884-3 0  9998
2 31546  98.2235 325.7788 0140937  11.5619 348.8737 14.14718224989209
FENGYUN 1C DEB          
1 31547U 99025BYN 26274.40616475  .00001500  00000+0  65586-3 0  9997
2 31547  99.0687 332.5942 0053865 134.2156 226.3464 14.24620203681824
FENGYUN 1C DEB          
1 31550U 99025BYR 26273.93063632  .00000769  00000+0  20381-3 0  9999
2 31550  98.3233 270.6250 0189564 111.1576 250.9987 14.41341254696629
FENGYUN 1C DEB          
1 31552U 99025BYT 26252.10421689  .00008118  00000+0  19523-2 0  9998
2 31552  98.6255  24.9037 0078417 281.8050  77.4356 14.51730318997920
FENGYUN 1C DEB          
1 31553U 99025BYU 26273.16403907  .00001810  00000+0  68477-3 0  9996
2 31553  98.9877 343.1987 0027404 329.7368  59.0763 14.32322410    10
FENGYUN 1C DEB          
1 31554U 99025BYV 26274.22687288  .00005469  00000+0  11903-2 0  9996
2 31554  98.9179  72.6573 0034732 212.9723 146.9308 14.58053959691116
FENGYUN 1C DEB          
1 31555U 99025BYW 26269.18135237  .00006025  00000+0  14337-2 0  9991
2 31555  99.1256 249.9110 0149563  62.5483 299.0826 14.47602465  7175
FENGYUN 1C DEB          
1 31557U 99025BYY 26266.17999945  .00000529  00000+0  14980-3 0  9991
2 31557  98.3296 246.2193 0169435 133.5724 227.9676 14.41497575651963
FENGYUN 1C DEB          
1 31558U 99025BYZ 26273.99581083  .00000297  00000+0  87123-4 0  9992
2 31558  98.7664 181.4534 0211462 114.7296 312.1884 14.39163565 16373
FENGYUN 1C DEB          
1 31559U 99025BZA 26274.20193603  .00002574  00000+0  45659-3 0  9992
2 31559  98.8856 256.7356 0053248  12.8996  51.0587 14.67334736 18380
FENGYUN 1C DEB          
1 31560U 99025BZB 26274.35012866  .00000011  00000+0  22714-4 0  9993
2 31560  98.5544 306.9546 0120797 179.1885 180.9511 14.21292485  7741
FENGYUN 1C DEB          
1 31561U 99025BZC 26274.48443608  .00000222  00000+0  16693-3 0  9992
2 31561  98.7366 263.4451 0057701  83.7002  68.1014 14.03099727992835
FENGYUN 1C DEB          
1 31562U 99025BZD 26273.72716151  .00001234  00000+0  37280-3 0  9994
2 31562  99.2824  95.7495 0056470 144.1371 216.3629 14.43513590 11843
FENGYUN 1C DEB          
1 31563U 99025BZE 26274.24172543  .00001598  00000+0  27092-3 0  9997
2 31563  98.9749  99.6728 0109069 257.1778 101.7219 14.67138659 28156
FENGYUN 1C DEB          
1 31565U 99025BZG 26274.07357960  .00004607  00000+0  13404-2 0  9993
2 31565 100.7143 225.0822 0050384 291.8283  67.7544 14.44174668685661
FENGYUN 1C DEB          
1 31566U 99025BZH 26274.45708490  .00002352  00000+0  75372-3 0  9992
2 31566  98.9340 350.7068 0025041 208.4513 281.2934 14.40338661  5987
FENGYUN 1C DEB          
1 31567U 99025BZJ 26272.17268581  .00002616  00000+0  17364-2 0  9991
2 31567 102.3179 239.4767 0181390 329.1700  29.8896 13.95108976714563
FENGYUN 1C DEB          
1 31568U 99025BZK 26274.15420575  .00001317  00000+0  79695-3 0  9998
2 31568 102.0464 255.8865 0122899 113.0405 248.3765 14.05541332986855
FENGYUN 1C DEB          
1 31569U 99025BZL 26274.24010314  .00002115  00000+0  13636-2 0  9994
2 31569 102.6070 183.7933 0175984  28.3155 121.7672 13.97488469977620
FENGYUN 1C DEB          
1 31570U 99025BZM 26274.27935302  .00004653  00000+0  16653-2 0  9993
2 31570 102.5731  84.9460 0140413 209.0138 150.3172 14.29483224675415
FENGYUN 1C DEB          
1 31608U 99025BZN 26274.11376421  .00004968  00000+0  43594-3 0  9993
2 31608  98.4129  54.5268 0135135 168.1461 192.2991 14.90313980 29639
FENGYUN 1C DEB          
1 31609U 99025BZP 26267.07627392  .00002702  00000+0  12963-2 0  9996
2 31609  99.2014 310.4275 0092252 231.3943 157.8497 14.17637391701251
FENGYUN 1C DEB          
1 31613U 99025BZT 26273.89123633  .00000642  00000+0  56797-3 0  9992
2 31613  98.4506  67.9476 0342080  52.2539 310.9087 13.64290949957444
FENGYUN 1C DEB          
1 31615U 99025BZV 26274.47075021  .00004854  00000+0  13195-2 0  9999
2 31615  99.1431 349.9304 0156212 178.4168 181.7546 14.41027161694872
FENGYUN 1C DEB          
1 31618U 99025BZY 26273.30071280  .00000419  00000+0  19015-3 0  9997
2 31618  99.4797  82.0486 0156192 222.8619 136.0295 14.21482485744064
FENGYUN 1C DEB          
1 31619U 99025BZZ 26274.41634953  .00113083  00000+0  36535-2 0  9990
2 31619  99.0329 162.7054 0040128  59.9243 300.5962 15.30854209678920
FENGYUN 1C DEB          
1 31620U 99025CAA 26274.07982885  .00002628  00000+0  83751-3 0  9999
2 31620  98.8823  13.5381 0019983 250.2251 109.6781 14.40576798700493
FENGYUN 1C DEB          
1 31622U 99025CAC 26274.02388123  .00002602  00000+0  83815-3 0  9994
2 31622  98.8202  21.7591 0016412 193.3210 224.6449 14.40076987999759
FENGYUN 1C DEB          
1 31623U 99025CAD 26271.70014749  .00000238  00000+0  21625-3 0  9991
2 31623  97.6339  73.6204 0192646 276.8910  81.0368 13.82828156619272
FENGYUN 1C DEB          
1 31625U 99025CAF 26274.09708424  .00000536  00000+0  11725-3 0  9999
2 31625  98.8068  20.9788 0147603 204.5839 282.9934 14.55897770 26181
FENGYUN 1C DEB          
1 31627U 99025CAH 26271.39221624  .00001597  00000+0  54440-3 0  9992
2 31627  98.5055 321.0263 0049401  13.8763 346.3769 14.37110710689259
FENGYUN 1C DEB          
1 31628U 99025CAJ 26274.15807313  .00001202  00000+0  95771-3 0  9990
2 31628 102.2672 224.5624 0164420 241.6389 116.8093 13.88082642973556
FENGYUN 1C DEB          
1 31629U 99025CAK 26274.29004785  .00002205  00000+0  10724-2 0  9996
2 31629 102.1341  69.8900 0101570   9.9624 350.3521 14.17224323985876
FENGYUN 1C DEB          
1 31630U 99025CAL 26274.26555813  .00008864  00000+0  34430-3 0  9996
2 31630  98.0973 104.8185 0134933  81.6111 280.0391 15.18194049 29993
FENGYUN 1C DEB          
1 31631U 99025CAM 26266.13626842  .00145447  00000+0  47146-2 0  9991
2 31631  99.3014 235.5089 0029029 119.6130 240.8003 15.30982185682215
FENGYUN 1C DEB          
1 31633U 99025CAP 26268.24606579  .00000969  00000+0  59273-3 0  9996
2 31633  98.7072 276.8953 0067167  85.9877 274.8967 14.07024617611128
FENGYUN 1C DEB          
1 31634U 99025CAQ 26273.87806312  .00000379  00000+0  30500-3 0  9996
2 31634  99.3305 329.0893 0092124  86.7320 274.4375 13.94891359605966
FENGYUN 1C DEB          
1 31639U 99025CAV 26274.29214416  .00000097  00000+0  10843-3 0  9991
2 31639  98.7684 206.1017 0162041  70.9778  81.1240 13.85268441977387
FENGYUN 1C DEB          
1 31642U 99025CAY 26274.46530939  .00000368  00000+0  13643-3 0  9997
2 31642  98.4855 356.3635 0120311 108.6454 252.7838 14.33892282 11801
FENGYUN 1C DEB          
1 31644U 99025CBA 26270.99487650  .00004759  00000+0  66209-3 0  9998
2 31644  98.6479 183.4326 0147605 359.4087  60.4901 14.71077069752937
FENGYUN 1C DEB          
1 31646U 99025CBC 26273.26839371  .00000420  00000+0  23946-3 0  9996
2 31646  98.6706 293.0745 0034504 102.2518 258.2523 14.14590381673125
FENGYUN 1C DEB          
1 31647U 99025CBD 26274.35189695  .00005024  00000+0  10654-2 0  9991
2 31647  98.0471 317.4197 0086606 255.0277 104.1322 14.57260216128398
FENGYUN 1C DEB          
1 31648U 99025CBE 26272.07971460  .00003503  00000+0  17212-2 0  9995
2 31648 102.7946 225.8416 0040190 175.1158 185.0401 14.18387071760106
FENGYUN 1C DEB          
1 31655U 99025CBM 26273.67075498  .00002450  00000+0  22869-2 0  9990
2 31655  99.2752 212.2311 0287535 102.1629  17.1147 13.65810134637020
FENGYUN 1C DEB          
1 31656U 99025CBN 26274.52418485  .00002670  00000+0  69163-3 0  9996
2 31656  99.1961 294.5114 0019179 258.9295 255.3251 14.50661272  6756
FENGYUN 1C DEB          
1 31657U 99025CBP 26272.25649879  .00001011  00000+0  68008-3 0  9993
2 31657 102.2119 276.8822 0146032  68.4181 293.2461 13.99181289669255
FENGYUN 1C DEB          
1 31658U 99025CBQ 26274.44559117  .00002987  00000+0  16590-2 0  9993
2 31658  98.1458  97.0041 0212218 212.7874 145.9977 14.01024825739129
FENGYUN 1C DEB          
1 31660U 99025CBS 26273.80845807  .00000741  00000+0  29949-3 0  9998
2 31660  98.5155 272.5950 0101961  44.5899 316.3428 14.27902714120836
FENGYUN 1C DEB          
1 31661U 99025CBT 26273.19693332  .00001487  00000+0  61665-3 0  9994
2 31661  98.8494   0.4629 0057955 102.5813 288.1478 14.27140458998687
FENGYUN 1C DEB          
1 31663U 99025CBV 26273.64753306  .00001887  00000+0  20395-3 0  9993
2 31663  98.8452 214.4956 0187688  38.6455 322.8013 14.77762294 35834
FENGYUN 1C DEB          
1 31664U 99025CBW 26273.91959746  .00000355  00000+0  20685-3 0  9991
2 31664  98.7747 263.1932 0125296  51.1939 310.0342 14.10677173  1037
FENGYUN 1C DEB          
1 31665U 99025CBX 26272.02346974  .00000999  00000+0  78930-3 0  9996
2 31665  98.4311 291.2383 0188303 110.7359 251.4091 13.85548126972100
FENGYUN 1C DEB          
1 31666U 99025CBY 26273.95685407  .00019358  00000+0  14192-2 0  9995
2 31666  98.6628  97.6278 0015210 281.8658  78.0858 15.03481680 16020
FENGYUN 1C DEB          
1 31667U 99025CBZ 26273.85126894  .00000239  00000+0  12366-3 0  9995
2 31667  99.0492 139.8946 0050625 331.2685  28.5705 14.23791358601494
FENGYUN 1C DEB          
1 31670U 99025CCC 26264.79161752  .00001163  00000+0  10533-2 0  9994
2 31670  98.4140 110.7541 0243283 259.6856  97.6788 13.72944545661953
FENGYUN 1C DEB          
1 31672U 99025CCE 26272.34196653  .00002869  00000+0  64335-3 0  9998
2 31672  98.9387 124.5525 0100022 184.0909 175.9479 14.54425859690919
FENGYUN 1C DEB          
1 31673U 99025CCF 26274.41385670  .00000228  00000+0  96144-4 0  9999
2 31673  99.3461 137.0863 0123660 285.7890  72.9684 14.32290314690807
FENGYUN 1C DEB          
1 31674U 99025CCG 26273.44217988  .00004316  00000+0  95962-3 0  9996
2 31674  98.9169 334.2532 0024307 125.4712 234.8757 14.57374748688564
FENGYUN 1C DEB          
1 31678U 99025CCL 26274.09985980  .00004559  00000+0  67600-3 0  9993
2 31678  98.8257  44.5828 0245774 216.7916 141.6196 14.57206580 10713
FENGYUN 1C DEB          
1 31680U 99025CCN 26273.80278289  .00036778  00000+0  62394-3 0  9994
2 31680  99.8404 124.8065 0042003  32.4100 327.9711 15.50413763 46598
FENGYUN 1C DEB          
1 31685U 99025CCT 26274.27841137  .00000119  00000+0  91711-4 0  9995
2 31685  98.7094 294.3553 0017614 118.1838 242.1115 14.09746291992113
FENGYUN 1C DEB          
1 31686U 99025CCU 26274.47675471  .00003820  00000+0  30991-3 0  9998
2 31686  98.1215 352.7739 0265899 231.8033 139.7412 14.76602032 21255
FENGYUN 1C DEB          
1 31688U 99025CCW 26274.42526452  .00000086  00000+0  81981-4 0  9996
2 31688  98.9248 328.0894 0075184  49.2910 311.4755 14.02424149993808
FENGYUN 1C DEB          
1 31691U 99025CCZ 26274.48327749  .00002163  00000+0  86310-3 0  9992
2 31691  98.8773  10.4826 0059553 112.2509 248.5002 14.28595644682883
FENGYUN 1C DEB          
1 31692U 99025CDA 26249.29174249  .00002928  00000+0  13178-2 0  9999
2 31692  99.1806 260.6533 0086755  43.7634 317.0375 14.21123170620061
FENGYUN 1C DEB          
1 31695U 99025CDD 26271.55199359  .00003975  00000+0  43719-3 0  9993
2 31695  98.2559   7.6537 0160610  21.8538 338.9422 14.79230366702497
FENGYUN 1C DEB          
1 31715U 99025CDN 26273.86033386  .00001525  00000+0  30196-3 0  9993
2 31715  99.2685 139.2293 0181359 326.4163  32.5639 14.54257710659609
FENGYUN 1C DEB          
1 31716U 99025CDP 26267.15947454  .00001431  00000+0  85175-3 0  9992
2 31716  98.5346 154.4633 0130440   7.5877 145.1734 14.04722494981254
FENGYUN 1C DEB          
1 31717U 99025CDQ 26271.45791725  .00003251  00000+0  14134-2 0  9997
2 31717  96.9295 353.2125 0157249 226.8649 131.9294 14.18157979987530
FENGYUN 1C DEB          
1 31720U 99025CDT 26268.60372329  .00005950  00000+0  83274-3 0  9999
2 31720  99.0581 218.5517 0093211 312.8334  46.5065 14.75042746 24457
FENGYUN 1C DEB          
1 31721U 99025CDU 26274.24862655  .00000227  00000+0  20149-3 0  9997
2 31721  99.8079 266.5566 0317032 147.9637 286.4429 13.74132248714032
FENGYUN 1C DEB          
1 31724U 99025CDX 26273.95509671  .00007011  00000+0  14104-2 0  9994
2 31724  97.8588 266.6276 0140210  53.6929 307.7123 14.55767755687355
FENGYUN 1C DEB          
1 31725U 99025CDY 26264.76369685  .00000573  00000+0  97256-3 0  9999
2 31725  99.1806  76.0565 0687268  58.5390 308.1030 12.79871829901019
FENGYUN 1C DEB          
1 31726U 99025CDZ 26272.34876429  .00000664  00000+0  29286-3 0  9991
2 31726  98.6866 291.8856 0231584 247.6149 183.3157 14.13414892681504
FENGYUN 1C DEB          
1 31727U 99025CEA 26273.31354833  .00002567  00000+0  81894-3 0  9997
2 31727  98.8780  40.2048 0032110 195.9683 193.8379 14.40348221758625
FENGYUN 1C DEB          
1 31731U 99025CEE 26271.17865668  .00002671  00000+0  81407-3 0  9993
2 31731  99.2921 349.9181 0009707 328.2225  31.8375 14.42904428    17
FENGYUN 1C DEB          
1 31732U 99025CEF 26273.31197960  .00000275  00000+0  16959-3 0  9993
2 31732  98.5440 299.9890 0041236 132.0212 228.4483 14.12556631684464
FENGYUN 1C DEB          
1 31734U 99025CEH 26273.73403430  .00000355  00000+0  14748-3 0  9996
2 31734  98.5170 263.9938 0101654 227.1840 132.0764 14.29555560  5809
FENGYUN 1C DEB          
1 31735U 99025CEJ 26274.03702053  .00001357  00000+0  40192-3 0  9999
2 31735  98.5920  24.6309 0059807 126.1213 234.5534 14.43987927  8742
FENGYUN 1C DEB          
1 31736U 99025CEK 26272.82441311  .00000101  00000+0  75347-4 0  9999
2 31736  98.6878 271.5890 0012806 127.8638 232.3696 14.14333366681798
FENGYUN 1C DEB          
1 31737U 99025CEL 26273.85216292  .00001409  00000+0  20448-3 0  9995
2 31737  97.8880 303.2265 0144447 161.5194  11.7049 14.70675847 24912
FENGYUN 1C DEB          
1 31738U 99025CEM 26273.41809006  .00000736  00000+0  47014-3 0  9999
2 31738  99.3403 345.4417 0303852  40.6887 321.6544 13.86155448662974
FENGYUN 1C DEB          
1 31739U 99025CEN 26273.86623413  .00000046  00000+0  39696-4 0  9997
2 31739  98.7067 329.8700 0126426 318.0154  41.1384 14.19332593996302
FENGYUN 1C DEB          
1 31740U 99025CEP 26274.09485432  .00001561  00000+0  47056-3 0  9993
2 31740  99.8102 134.8297 0024060 307.4310 205.0033 14.44102434692928
FENGYUN 1C DEB          
1 31741U 99025CEQ 26273.62916060  .00001410  00000+0  45727-3 0  9994
2 31741  99.0784 217.3943 0172363 302.6197  55.8450 14.32625972 63977
FENGYUN 1C DEB          
1 31742U 99025CER 26274.44779506  .00000729  00000+0  23556-3 0  9996
2 31742  98.8828 151.0166 0074799 181.2783 178.8225 14.40728504  8587
FENGYUN 1C DEB          
1 31743U 99025CES 26273.66554575  .00002179  00000+0  79743-3 0  9997
2 31743  99.1563 222.6643 0038743  89.0034  35.3739 14.33609811998201
FENGYUN 1C DEB          
1 31744U 99025CET 26273.63812578  .00002548  00000+0  76311-3 0  9993
2 31744  99.3249  44.7601 0302493 298.5891  58.5155 14.20617282987547
FENGYUN 1C DEB          
1 31746U 99025CEV 26274.38092138  .00013591  00000+0  13178-2 0  9991
2 31746  98.6044  65.0424 0016689 344.2232  15.8463 14.92719587 12019
FENGYUN 1C DEB          
1 31752U 99025CFB 26269.02525413  .00001622  00000+0  74663-3 0  9999
2 31752  98.9574 338.9719 0351414 264.9347  91.1624 13.94622712975938
FENGYUN 1C DEB          
1 31753U 99025CFC 26274.33267676  .00000210  00000+0  10660-3 0  9993
2 31753  98.6014 304.3336 0159176  50.5133  12.9873 14.18947411  1570
FENGYUN 1C DEB          
1 31754U 99025CFD 26273.92595787  .00001457  00000+0  43470-3 0  9994
2 31754  99.0650 262.4091 0050270  72.7127 287.9554 14.43934181 11702
FENGYUN 1C DEB          
1 31755U 99025CFE 26273.80798906  .00000220  00000+0  13096-3 0  9998
2 31755  98.8054 263.6902 0187188 277.8439 206.2375 14.08652642677832
FENGYUN 1C DEB          
1 31756U 99025CFF 26273.73759946  .00002844  00000+0  72492-3 0  9991
2 31756  99.3683  84.4596 0039014  14.8745 345.3584 14.51062923649413
FENGYUN 1C DEB          
1 31757U 99025CFG 26273.76222844  .00000236  00000+0  13250-3 0  9997
2 31757  98.7497 292.4278 0216024 339.7602  19.5100 14.08159907679910
FENGYUN 1C DEB          
1 31758U 99025CFH 26272.94526997  .00004685  00000+0  72182-3 0  9994
2 31758  98.0621 273.2148 0290589 277.1255  79.6986 14.49332660984094
FENGYUN 1C DEB          
1 31760U 99025CFK 26274.55598811  .00000712  00000+0  28503-3 0  9995
2 31760  99.2701  36.0102 0052429  74.5797 286.1167 14.31026798  3016
FENGYUN 1C DEB          
1 31761U 99025CFL 26274.34395358  .00001688  00000+0  39599-3 0  9994
2 31761  98.6003 130.0135 0461252 154.8994 207.5391 14.06394920622206
FENGYUN 1C DEB          
1 31763U 99025CFN 26273.17948034  .00000232  00000+0  16261-3 0  9996
2 31763  98.5143 346.3530 0544240  34.0201  20.4362 13.50972368949402
FENGYUN 1C DEB          
1 31766U 99025CFR 26273.80417148 -.00000150  00000+0 -64658-4 0  9991
2 31766  98.8311 268.8398 0073921 191.3382 168.6124 14.05411240681889
FENGYUN 1C DEB          
1 31767U 99025CFS 26274.02458134  .00000144  00000+0  11517-3 0  9993
2 31767  98.7934 300.2058 0040276 331.4735  58.7895 14.05095357989309
FENGYUN 1C DEB          
1 31768U 99025CFT 26274.56596159  .00010700  00000+0  11971-2 0  9995
2 31768  99.0371  29.8313 0022735 139.5404 286.0940 14.86943705 12017
FENGYUN 1C DEB          
1 31769U 99025CFU 26270.25225442  .00006826  00000+0  20536-2 0  9993
2 31769  98.4362 276.9660 0063235 311.3114  48.2642 14.41761118682847
FENGYUN 1C DEB          
1 31772U 99025CFX 26273.17259378  .00001194  00000+0  60807-3 0  9995
2 31772  98.4653 179.8750 0136881 359.8601   0.2512 14.12808741749975
FENGYUN 1C DEB          
1 31773U 99025CFY 26263.80679021  .00006714  00000+0  88810-3 0  9993
2 31773  98.9484 290.3158 0034618  18.4965 341.7493 14.79927445693380
FENGYUN 1C DEB          
1 31774U 99025CFZ 26270.95538466  .00001497  00000+0  68667-3 0  9996
2 31774  98.7464 317.6021 0059748  98.8284 261.9665 14.21849182671137
FENGYUN 1C DEB          
1 31776U 99025CGB 26271.43342772  .00001570  00000+0  74990-3 0  9993
2 31776  99.0558 342.8137 0053965 228.0830 194.0547 14.19935404989906
FENGYUN 1C DEB          
1 31779U 99025CGE 26273.32789265  .00000939  00000+0  23088-3 0  9998
2 31779  99.3184 224.7135 0212266  47.5319 314.3595 14.42375362 11587
FENGYUN 1C DEB          
1 31780U 99025CGF 26273.99855322  .00001194  00000+0  17607-3 0  9995
2 31780  99.3002 112.4096 0146112 235.4940 123.2393 14.70841138 27806
FENGYUN 1C DEB          
1 31781U 99025CGG 26274.32430328  .00003149  00000+0  13447-2 0  9998
2 31781  99.5000 109.3467 0190797 176.6957 183.5525 14.16502525724866
FENGYUN 1C DEB          
1 31782U 99025CGH 26272.96337865  .00000548  00000+0  19497-3 0  9991
2 31782  98.9301  89.4990 0078150 219.0502 295.2697 14.36865348  8514
FENGYUN 1C DEB          
1 31783U 99025CGJ 26274.47524477  .00000412  00000+0  24895-3 0  9995
2 31783  98.6079 275.0958 0101831 298.9008 215.3031 14.09316084933432
FENGYUN 1C DEB          
1 31788U 99025CGP 26274.50250182  .00001158  00000+0  10689-2 0  9996
2 31788 102.5517 136.5486 0458134 161.4406 318.6866 13.46513084945438
FENGYUN 1C DEB          
1 31804U 99025CGS 26262.65991053  .00001526  00000+0  75637-3 0  9991
2 31804  98.3038  55.8153 0136738  55.1843 306.2107 14.13758610676295
FENGYUN 1C DEB          
1 31805U 99025CGT 26271.14791130  .00006513  00000+0  16588-2 0  9990
2 31805  98.3890 239.3977 0433269  54.5873 309.4964 14.06882289664284
FENGYUN 1C DEB          
1 31807U 99025CGV 26274.18167051  .00000980  00000+0  23173-3 0  9999
2 31807  99.1120  74.7113 0102463   4.4731 355.7354 14.53639993695522
FENGYUN 1C DEB          
1 31808U 99025CGW 26272.40974095  .00009784  00000+0  16675-2 0  9996
2 31808  99.1969 138.0127 0035905 337.6075  22.3557 14.68832685618550
FENGYUN 1C DEB          
1 31810U 99025CGY 26272.29771522  .00001388  00000+0  29992-3 0  9995
2 31810  98.2578 285.8188 0208931 334.7202  24.3878 14.47306308686152
FENGYUN 1C DEB          
1 31813U 99025CHB 26272.17548715  .00001585  00000+0  37141-3 0  9995
2 31813  99.4317  31.1048 0134569 192.9076 166.8659 14.50912545 14608
FENGYUN 1C DEB          
1 31814U 99025CHC 26268.41464960  .00000361  00000+0  40659-3 0  9996
2 31814  99.5404 319.7818 0229637 199.0754 160.1684 13.66740798657152
FENGYUN 1C DEB          
1 31815U 99025CHD 26274.19145397  .00000009  00000+0  29160-4 0  9993
2 31815  98.7972 258.7372 0057725 273.9796  85.4778 14.10332897996613
FENGYUN 1C DEB          
1 31816U 99025CHE 26274.26717947  .00000579  00000+0  43560-3 0  9999
2 31816  99.0003  25.9971 0119904  74.4441 316.3769 13.94878787977711
FENGYUN 1C DEB          
1 31817U 99025CHF 26274.29767778  .00002141  00000+0  36516-3 0  9990
2 31817  98.9131 301.5846 0056819 249.9716 109.5364 14.69173976756972
FENGYUN 1C DEB          
1 31819U 99025CHH 26271.79813226  .00000359  00000+0  14747-3 0  9995
2 31819  98.4960 261.0704 0086552 183.3180 176.7440 14.30649554  8244
FENGYUN 1C DEB          
1 31820U 99025CHJ 26274.07040055  .00005245  00000+0  35294-3 0  9992
2 31820  98.9331 132.3475 0135117 144.9578 216.0626 15.00053178 25897
FENGYUN 1C DEB          
1 31821U 99025CHK 26274.10558585  .00006869  00000+0  13753-2 0  9997
2 31821  98.1450 153.6952 0186569 199.0523 160.3631 14.51621259978908
FENGYUN 1C DEB          
1 31823U 99025CHM 26274.11032849  .00002726  00000+0  44660-3 0  9990
2 31823  99.5190  52.8358 0035405  48.3784 312.0442 14.71418855 10083
FENGYUN 1C DEB          
1 31825U 99025CHP 26274.25657672  .00000416  00000+0  18072-3 0  9996
2 31825  98.6024 271.6332 0163935 208.8666 150.3369 14.22311890997796
FENGYUN 1C DEB          
1 31826U 99025CHQ 26274.24487480  .00000442  00000+0  21174-3 0  9990
2 31826  98.6484 263.2607 0124763  65.7708   2.4905 14.19735328999643
FENGYUN 1C DEB          
1 31829U 99025CHT 26274.39604279  .00000234  00000+0  20174-3 0  9994
2 31829  98.8690  74.6753 0169441  87.0832 304.5491 13.88939370982107
FENGYUN 1C DEB          
1 31830U 99025CHU 26274.24019806  .00001311  00000+0  10602-2 0  9997
2 31830  99.1692  17.8797 0183752 251.2430 136.7919 13.84515196967860
FENGYUN 1C DEB          
1 31834U 99025CHY 26273.83409398  .00000258  00000+0  16970-3 0  9998
2 31834  98.3385 115.4418 0160885 330.6857  28.5357 14.03459135678074
FENGYUN 1C DEB          
1 31836U 99025CJA 26274.35759310  .00002169  00000+0  11392-2 0  9995
2 31836  98.6264 232.8710 0114140   5.0091 355.2195 14.11854888655304
FENGYUN 1C DEB          
1 31837U 99025CJB 26271.97483297  .00005619  00000+0  58618-3 0  9995
2 31837  98.0801 356.9936 0085815 151.6356 208.9571 14.87444383 26607
FENGYUN 1C DEB          
1 31838U 99025CJC 26260.36564037  .00000768  00000+0  36602-3 0  9998
2 31838  98.6929 312.1734 0037168  11.4679  46.7143 14.21816087685352
FENGYUN 1C DEB          
1 31841U 99025CJF 26271.18479148  .00003713  00000+0  15219-2 0  9995
2 31841  98.4481  65.0747 0302657 203.9721 332.0131 14.05751163634031
FENGYUN 1C DEB          
1 31843U 99025CJH 26272.00629546  .00003924  00000+0  24205-2 0  9997
2 31843  99.2920 193.5128 0630885 356.7279   2.9817 13.36365453685702
FENGYUN 1C DEB          
1 31844U 99025CJJ 26274.08564851  .00000683  00000+0  32709-3 0  9993
2 31844 100.2968 315.5439 0101294 270.4760  88.4805 14.20623286994820
FENGYUN 1C DEB          
1 31847U 99025CJM 26249.99639915  .00002310  00000+0  11720-2 0  9990
2 31847  98.9955 330.2529 0083591 197.7192 162.1061 14.15200738607546
FENGYUN 1C DEB          
1 31851U 99025CJR 26272.35366662  .00001666  00000+0  13017-2 0  9991
2 31851  98.7782 113.9035 0196048 214.1938 144.6465 13.84922016654886
FENGYUN 1C DEB          
1 31854U 99025CJU 26273.22474252  .00000542  00000+0  36504-3 0  9995
2 31854  98.8547 273.5458 0072755  48.3944 312.3427 14.03390694733606
FENGYUN 1C DEB          
1 31857U 99025CJX 26270.54849536  .00000971  00000+0  92950-3 0  9994
2 31857  96.1906 200.3998 0304129 197.3004 161.7603 13.62876650655623
FENGYUN 1C DEB          
1 31861U 99025CKB 26271.95817738  .00000845  00000+0  96880-3 0  9990
2 31861 102.3289 167.7241 0492046 295.5463  59.5563 13.31393677706282
FENGYUN 1C DEB          
1 31877U 99025CKC 26273.12045882  .00004761  00000+0  27916-3 0  9996
2 31877  99.0046  36.4906 0090560  45.0050 315.8467 15.08968878 34256
FENGYUN 1C DEB          
1 31878U 99025CKD 26274.21259821  .00004841  00000+0  45876-3 0  9992
2 31878  99.4650 259.2756 0076681  38.1394 322.5212 14.92017027 24167
FENGYUN 1C DEB          
1 31879U 99025CKE 26274.02095753  .00000519  00000+0  13434-3 0  9997
2 31879  99.6862 197.8432 0206176 268.0024  89.7541 14.43651586674260
FENGYUN 1C DEB          
1 31880U 99025CKF 26273.80028680  .00000430  00000+0  36536-3 0  9999
2 31880 100.0429 104.3582 0127524 104.7623 256.7703 13.89862353670365
FENGYUN 1C DEB          
1 31882U 99025CKH 26268.50880828  .00000755  00000+0  42176-3 0  9999
2 31882  98.9210 195.1441 0036569 129.9698 230.4695 14.13555678626874
FENGYUN 1C DEB          
1 31883U 99025CKJ 26274.08422214  .00001605  00000+0  25003-3 0  9996
2 31883  99.0451 226.4762 0117679 245.7430 113.1443 14.70180271 22561
FENGYUN 1C DEB          
1 31887U 99025CKN 26274.24059430  .00003144  00000+0  64716-3 0  9998
2 31887  99.5221  13.8586 0022241 204.7670 155.2461 14.61266928  8709
FENGYUN 1C DEB          
1 31888U 99025CKP 26272.32518213  .00002660  00000+0  91820-3 0  9993
2 31888  99.1652 221.4957 0019758  84.9060 275.4378 14.36647526998061
FENGYUN 1C DEB          
1 31890U 99025CKR 26268.23694901  .00000203  00000+0  13506-3 0  9996
2 31890  98.7151 275.9596 0072989 149.7215 210.8203 14.10245544681901
FENGYUN 1C DEB          
1 31891U 99025CKS 26272.97275502  .00000276  00000+0  32210-3 0  9998
2 31891  99.3927 284.6504 0224510 151.5215 209.8413 13.66464048963878
FENGYUN 1C DEB          
1 31892U 99025CKT 26273.34244008  .00001033  00000+0  26242-3 0  9998
2 31892  99.2918 114.0543 0196501 150.5714 210.6710 14.42351292691080
FENGYUN 1C DEB          
1 31893U 99025CKU 26273.82614792  .00000424  00000+0  74529-4 0  9998
2 31893  99.1030 267.3899 0173368 151.6834 329.6316 14.64717630 26678
FENGYUN 1C DEB          
1 31895U 99025CKW 26272.81600852  .00001316  00000+0  11475-2 0  9990
2 31895  99.0760 293.5749 0224462 177.9078 182.3066 13.76714076659005
FENGYUN 1C DEB          
1 31898U 99025CKZ 26271.94021753  .00003289  00000+0  46415-3 0  9997
2 31898  98.6700 160.7033 0138909  32.4070 328.5571 14.71539803699766
FENGYUN 1C DEB          
1 31899U 99025CLA 26270.25830896  .00001574  00000+0  12898-2 0  9999
2 31899 102.0845  59.5515 0183366 184.7392 175.2022 13.84262457715557
FENGYUN 1C DEB          
1 31901U 99025CLC 26274.08242288  .00000251  00000+0  20292-3 0  9999
2 31901  98.6367 220.8966 0132454 100.5020 261.1097 13.94281451674815
FENGYUN 1C DEB          
1 31902U 99025CLD 26274.41978416  .00000449  00000+0  18310-3 0  9993
2 31902  98.5401 250.3939 0179991  16.6524 134.6355 14.23684853689559
FENGYUN 1C DEB          
1 31903U 99025CLE 26274.54658456  .00001014  00000+0  19217-3 0  9993
2 31903  99.2729 303.4508 0124987 228.1456 130.9021 14.62208127 16565
FENGYUN 1C DEB          
1 31905U 99025CLG 26273.84636524  .00000975  00000+0  29915-3 0  9990
2 31905  99.1743 272.4890 0192831 324.8347  34.0233 14.34167131  7889
FENGYUN 1C DEB          
1 31906U 99025CLH 26273.33123214  .00001239  00000+0  52183-3 0  9999
2 31906  98.7066  49.3388 0051819 349.9541  39.7163 14.26845843992858
FENGYUN 1C DEB          
1 31910U 99025CLM 26273.72490198  .00002288  00000+0  44337-3 0  9992
2 31910  97.6598 273.3317 0220170 328.1098  30.6923 14.49867972685974
FENGYUN 1C DEB          
1 31913U 99025CLQ 26270.01527018  .00001724  00000+0  11598-2 0  9992
2 31913  99.2909 197.0782 0190379 250.4898 107.5613 13.93640552598997
FENGYUN 1C DEB          
1 31914U 99025CLR 26274.45144073  .00000340  00000+0  74148-4 0  9996
2 31914  98.9852 165.7589 0179996 262.5686  95.5027 14.56134404727329
FENGYUN 1C DEB          
1 31915U 99025CLS 26273.76484917  .00000702  00000+0  35195-3 0  9994
2 31915  98.6191 287.6978 0101379 150.4041 210.2924 14.17010118682424
FENGYUN 1C DEB          
1 31916U 99025CLT 26273.11909817  .00001624  00000+0  53166-3 0  9997
2 31916  99.3327  25.9616 0141066 333.5489  25.8540 14.34578776687026
FENGYUN 1C DEB          
1 31917U 99025CLU 26273.22276801  .00000527  00000+0  15314-3 0  9994
2 31917  98.3805 263.8017 0188588 138.7847 288.5300 14.38512318  5477
FENGYUN 1C DEB          
1 31919U 99025CLW 26274.27192336  .00000448  00000+0  13101-3 0  9996
2 31919  99.1377  83.7361 0102099  58.4787  66.6733 14.46480768 13103
FENGYUN 1C DEB          
1 31921U 99025CLY 26273.15876258  .00000813  00000+0  76375-3 0  9995
2 31921  99.3186 164.5465 0199868 219.6735 138.9648 13.75923212963135
FENGYUN 1C DEB          
1 31922U 99025CLZ 26273.52371954  .00001074  00000+0  85334-3 0  9995
2 31922  98.8294 253.5844 0158726 313.0814 175.6274 13.87663350970627
FENGYUN 1C DEB          
1 31923U 99025CMA 26274.13055147  .00000667  00000+0  76390-3 0  9996
2 31923  98.4218 330.8160 0297982 261.1980  95.5314 13.55458489675958
FENGYUN 1C DEB          
1 31924U 99025CMB 26274.31484621  .00000499  00000+0  51694-3 0  9993
2 31924  98.4211  37.8948 0269246  41.7309 320.4036 13.64810670954572
FENGYUN 1C DEB          
1 31926U 99025CMD 26273.27815846  .00002495  00000+0  91051-3 0  9995
2 31926  98.9601  23.0211 0039093 127.9229 232.5498 14.33563851994016
FENGYUN 1C DEB          
1 31929U 99025CME 26269.65894831  .00000841  00000+0  29884-3 0  9994
2 31929  98.8291  49.9749 0071874 286.7293  72.6013 14.35655727747764
FENGYUN 1C DEB          
1 31931U 99025CMG 26274.41628167  .00000122  00000+0  15908-3 0  9998
2 31931  97.8112 165.2247 0420840 228.5066 127.9231 13.42980564691509
FENGYUN 1C DEB          
1 31937U 99025CMN 26271.12081710  .00004484  00000+0  46362-3 0  9999
2 31937  99.2743  50.0923 0152776 112.9720 248.7689 14.82465014703513
FENGYUN 1C DEB          
1 31938U 99025CMP 26274.17871520  .00003693  00000+0  25438-3 0  9996
2 31938  98.8980 351.4703 0142773 196.8849 162.7593 14.98711033 35053
FENGYUN 1C DEB          
1 31944U 99025CMV 26273.69177535  .00000529  00000+0  28113-3 0  9992
2 31944  99.2376  74.5660 0150065 266.0871 106.3461 14.12459787670310
FENGYUN 1C DEB          
1 31945U 99025CMW 26274.19122663  .00001547  00000+0  70091-3 0  9994
2 31945  98.9517 359.8427 0061131 168.7708 191.4849 14.22455990993514
FENGYUN 1C DEB          
1 31946U 99025CMX 26269.44525395  .00001680  00000+0  81996-3 0  9990
2 31946  98.8848 334.6578 0080242 307.5788  51.8118 14.17749784680831
FENGYUN 1C DEB          
1 31948U 99025CMZ 26274.21927543  .00001718  00000+0  68309-3 0  9999
2 31948  99.3785   1.8809 0022611 258.5377 129.6256 14.30038660992061
FENGYUN 1C DEB          
1 31949U 99025CNA 26273.22913181  .00000321  00000+0  16569-3 0  9993
2 31949  98.5749 252.9997 0127011  92.9132 268.6587 14.17291945996336
FENGYUN 1C DEB          
1 31952U 99025CND 26273.34202137  .00001237  00000+0  27779-3 0  9994
2 31952  98.9910  56.2916 0113412 130.8195 230.2902 14.54673047 14369
FENGYUN 1C DEB          
1 31955U 99025CNG 26274.26374462  .00004170  00000+0  72054-3 0  9995
2 31955  99.2623 193.7983 0043471   9.9009 142.3815 14.68453307  8454
FENGYUN 1C DEB          
1 31959U 99025CNL 26274.38151649  .00003655  00000+0  92876-3 0  9993
2 31959  98.4965 152.8251 0028790 350.8131   9.2533 14.51107454685925
FENGYUN 1C DEB          
1 31964U 99025CNR 26272.34738855  .00005951  00000+0  11221-2 0  9998
2 31964  98.7168  56.4521 0027412 213.9572 145.9875 14.64677387717560
FENGYUN 1C DEB          
1 31966U 99025CNT 26274.26737391  .00002225  00000+0  35459-3 0  9998
2 31966  99.0362 102.6656 0082384  90.0439 271.0205 14.70926298700396
FENGYUN 1C DEB          
1 31972U 99025CNZ 26274.41088649  .00000021  00000+0  39197-4 0  9993
2 31972  99.1726 326.1317 0075594 297.3970  75.8394 14.07651658990780
FENGYUN 1C DEB          
1 31974U 99025CPB 26274.48780345  .00001968  00000+0  72655-3 0  9990
2 31974  98.3769 280.1540 0069781 153.2079 207.2737 14.32172461736090
FENGYUN 1C DEB          
1 31977U 99025CPE 26270.17124005  .00002112  00000+0  14552-2 0  9993
2 31977  98.2129  41.8982 0272193 151.8084 209.8118 13.83807218662007
FENGYUN 1C DEB          
1 31978U 99025CPF 26274.29635859  .00000539  00000+0  57517-3 0  9995
2 31978  98.4055  34.6022 0261904 355.5366   4.3448 13.63789416955777
FENGYUN 1C DEB          
1 31979U 99025CPG 26270.10422626  .00002450  00000+0  21924-2 0  9994
2 31979  99.3760   0.6870 0262964 251.1524 106.0940 13.70854339618610
FENGYUN 1C DEB          
1 31980U 99025CPH 26267.27039311  .00000327  00000+0  43227-3 0  9997
2 31980  97.5839 284.2315 0428574  99.7723 265.2070 13.32390214934721
FENGYUN 1C DEB          
1 31984U 99025CPM 26264.22654397  .00000390  00000+0  18653-3 0  9995
2 31984  98.5634 265.8333 0063984 125.4871 235.2301 14.23363060983914
FENGYUN 1C DEB          
1 31985U 99025CPN 26274.46770217  .00000295  00000+0  13080-3 0  9996
2 31985  98.1870 161.1075 0152064 106.3933 255.4025 14.23340071997749
FENGYUN 1C DEB          
1 31986U 99025CPP 26272.15469388  .00000409  00000+0  22054-3 0  9993
2 31986  99.7505 242.9371 0124291  75.6459 285.8473 14.14999427706850
FENGYUN 1C DEB          
1 31987U 99025CPQ 26274.48733662  .00001559  00000+0  43827-3 0  9999
2 31987  99.0583 272.6041 0050902   9.2657 141.8898 14.46731667  5943
FENGYUN 1C DEB          
1 31988U 99025CPR 26274.39658542  .00001647  00000+0  74483-3 0  9993
2 31988  98.1145 325.5024 0061634 149.7822 210.6935 14.22242627683109
FENGYUN 1C DEB          
1 31989U 99025CPS 26274.44092882  .00000228  00000+0  19518-3 0  9991
2 31989  99.1781 339.0341 0115449 223.0176 149.3546 13.93967396977950
FENGYUN 1C DEB          
1 31990U 99025CPT 26274.50935538  .00000100  00000+0  15641-3 0  9996
2 31990  99.1481 282.0255 0260169 154.5525 357.3922 13.57332682667438
FENGYUN 1C DEB          
1 31991U 99025CPU 26273.81880877  .00000037  00000+0  92591-4 0  9994
2 31991 100.4649 129.1286 0244770  53.4922 308.8493 13.61355362660616
FENGYUN 1C DEB          
1 31992U 99025CPV 26257.53474262  .00000620  00000+0  70559-3 0  9990
2 31992  99.1884 190.6366 0541980  81.3101 284.8998 13.23342726575229
FENGYUN 1C DEB          
1 31993U 99025CPW 26273.64191121  .00001276  00000+0  17845-2 0  9997
2 31993  99.2255 220.3651 0418997 144.4209 218.5634 13.28217408928172
FENGYUN 1C DEB          
1 31994U 99025CPX 26274.40333315 -.00000055  00000+0 -10665-4 0  9997
2 31994  98.5660 252.8159 0162526  52.4143 309.1654 13.95872839608798
FENGYUN 1C DEB          
1 31996U 99025CPZ 26254.01614681  .00001628  00000+0  16894-2 0  9995
2 31996  99.2977 178.6083 0292454 144.7704 217.3160 13.59849519583874
FENGYUN 1C DEB          
1 31997U 99025CQA 26274.17258638  .00001110  00000+0  11740-2 0  9992
2 31997 102.5089  43.9064 0284084 332.5591  26.0779 13.61663169656624
FENGYUN 1C DEB          
1 32086U 99025CQC 26273.39557068  .00000898  00000+0  78138-3 0  9991
2 32086  99.2630 322.6904 0297375  95.0820 268.4336 13.70037722657735
FENGYUN 1C DEB          
1 32088U 99025CQE 26272.07053244  .00003039  00000+0  38830-2 0  9998
2 32088 102.4003 199.5706 0468953  93.3517 272.1336 13.25994009636914
FENGYUN 1C DEB          
1 32089U 99025CQF 26273.72469711  .00000630  00000+0  32920-3 0  9991
2 32089  98.6589 275.4096 0111454   9.7722 350.5584 14.14683427673438
FENGYUN 1C DEB          
1 32093U 99025CQK 26273.34909847  .00000458  00000+0  16096-3 0  9997
2 32093  98.8846 141.7680 0077560 212.3459 147.2959 14.38218360  5941
FENGYUN 1C DEB          
1 32094U 99025CQL 26267.42008174  .00000332  00000+0  20719-3 0  9991
2 32094  98.7672 255.6261 0034603 176.5822 183.5592 14.11060046983931
FENGYUN 1C DEB          
1 32095U 99025CQM 26274.30386731  .00000251  00000+0  14388-3 0  9990
2 32095  98.6313 286.1302 0077351 333.4022  26.3193 14.16334118989588
FENGYUN 1C DEB          
1 32096U 99025CQN 26272.82290744  .00000468  00000+0  37826-3 0  9996
2 32096  99.0481 299.5944 0135959  71.4487 290.1387 13.90865618969076
FENGYUN 1C DEB          
1 32098U 99025CQQ 26268.23581460  .00000678  00000+0  27752-3 0  9996
2 32098  98.6326 258.8177 0194514  11.5369 349.0173 14.20708529682950
FENGYUN 1C DEB          
1 32101U 99025CQT 26274.45162049  .00001767  00000+0  10965-2 0  9997
2 32101  99.0203 175.9462 0117367 145.0343 215.8602 14.03040213972854
FENGYUN 1C DEB          
1 32105U 99025CQX 26250.04864581  .00002194  00000+0  25577-2 0  9990
2 32105 103.4615 334.6214 0398173 236.3239 119.9308 13.41255234633075
FENGYUN 1C DEB          
1 32106U 99025CQY 26272.98046829  .00002830  00000+0  10413-2 0  9995
2 32106 101.4652 340.5008 0099557 349.8741  10.0425 14.31116938735536
FENGYUN 1C DEB          
1 32109U 99025CRB 26273.45224000  .00000440  00000+0  13629-3 0  9998
2 32109  98.3203 148.1804 0204418 161.5865 199.2863 14.34642957690704
FENGYUN 1C DEB          
1 32110U 99025CRC 26272.33664222  .00001604  00000+0  62946-3 0  9999
2 32110  99.5445 114.4610 0031745 259.7654 276.0601 14.30735921685411
FENGYUN 1C DEB          
1 32111U 99025CRD 26272.93979848  .00000279  00000+0  11122-3 0  9996
2 32111  98.4558 270.0385 0120786  63.6778 327.3445 14.31871009  1974
FENGYUN 1C DEB          
1 32113U 99025CRF 26274.32340067  .00000812  00000+0  49933-3 0  9992
2 32113  98.9980 307.5752 0237509 144.5279 217.1941 13.95183559669658
FENGYUN 1C DEB          
1 32114U 99025CRG 26266.34673395  .00008355  00000+0  98410-3 0  9993
2 32114  99.9432  96.0936 0039358 194.1162 165.8949 14.84595269699430
FENGYUN 1C DEB          
1 32117U 99025CRK 26274.56758890  .00001024  00000+0  45382-3 0  9999
2 32117  98.5880 318.7969 0025793 318.7919  41.1313 14.25053255989664
FENGYUN 1C DEB          
1 32119U 99025CRM 26273.53290023  .00000554  00000+0  37481-3 0  9994
2 32119  99.8588 165.6755 0086219 345.9174  13.9587 14.03433487978205
FENGYUN 1C DEB          
1 32123U 99025CRR 26274.38106689  .00000484  00000+0  90697-4 0  9998
2 32123  98.9482 111.3780 0159561 116.4039   4.8150 14.62230701756502
FENGYUN 1C DEB          
1 32125U 99025CRT 26274.33097411  .00005024  00000+0  58454-3 0  9996
2 32125  99.0679 294.4120 0155787 131.7860 229.6780 14.77448599748344
FENGYUN 1C DEB          
1 32126U 99025CRU 26274.33556993  .00000368  00000+0  44566-3 0  9997
2 32126  99.0807 133.8199 0278689 224.8090 133.0240 13.57277710656839
FENGYUN 1C DEB          
1 32127U 99025CRV 26272.65478967  .00000961  00000+0  10172-2 0  9999
2 32127  99.2659 217.5995 0281890 326.6882  31.6792 13.60983127643762
FENGYUN 1C DEB          
1 32128U 99025CRW 26274.37228970  .00000217  00000+0  10172-3 0  9993
2 32128  98.9958 319.5262 0396194 139.4465 223.6942 13.94861894670642
FENGYUN 1C DEB          
1 32129U 99025CRX 26274.34856292  .00002857  00000+0  10616-2 0  9999
2 32129  99.0747  50.0042 0065365 264.1389 123.6707 14.31803896984105
FENGYUN 1C DEB          
1 32130U 99025CRY 26274.29596388  .00000610  00000+0  20847-3 0  9995
2 32130  98.9224  96.7516 0081758 186.3217 173.6944 14.38243206  4322
FENGYUN 1C DEB          
1 32132U 99025CSA 26273.90448317  .00002270  00000+0  52928-3 0  9991
2 32132  98.3545 332.8388 0077185  88.4335 272.5701 14.53944607750404
FENGYUN 1C DEB          
1 32133U 99025CSB 26274.20968240  .00000158  00000+0  96148-4 0  9994
2 32133  98.4462 266.0689 0034884 336.5035  23.4546 14.18275578991209
FENGYUN 1C DEB          
1 32134U 99025CSC 26272.25050065  .00000706  00000+0  24010-3 0  9992
2 32134  98.6013 273.5708 0257829 139.7155 287.4439 14.22508480992762
FENGYUN 1C DEB          
1 32136U 99025CSE 26270.21621723  .00001196  00000+0  39232-3 0  9999
2 32136  98.2813 262.9395 0066928  27.8092 332.6649 14.38827409692379
FENGYUN 1C DEB          
1 32137U 99025CSF 26273.15538729  .00006850  00000+0  59102-3 0  9999
2 32137  98.4783  63.1804 0171127 174.9799 185.3183 14.86960880710540
FENGYUN 1C DEB          
1 32141U 99025CSK 26274.21485284  .00000697  00000+0  45601-3 0  9991
2 32141  98.7536 270.6779 0074654 108.1380 252.7936 14.03998033990479
FENGYUN 1C DEB          
1 32143U 99025CSM 26274.17037902  .00000187  00000+0  10616-3 0  9990
2 32143  98.6325 247.5680 0103129 347.2752  12.5824 14.18183506   724
FENGYUN 1C DEB          
1 32146U 99025CSQ 26273.98913685  .00004798  00000+0  83284-3 0  9995
2 32146  98.9041 109.1628 0055119 258.5874 100.9134 14.67754394993555
FENGYUN 1C DEB          
1 32150U 99025CSU 26273.42483543  .00000343  00000+0  68906-4 0  9991
2 32150  99.1573 332.8200 0168722 261.4087  96.7963 14.61216421 19445
FENGYUN 1C DEB          
1 32152U 99025CSW 26272.74273541  .00002332  00000+0  48594-3 0  9992
2 32152  98.7794  95.0360 0053176  30.9269 329.5043 14.60161187668554
FENGYUN 1C DEB          
1 32153U 99025CSX 26273.87026742  .00000344  00000+0  80344-4 0  9998
2 32153  98.7384 133.0002 0207479  59.7256 302.4291 14.49258112 14505
FENGYUN 1C DEB          
1 32155U 99025CSZ 26271.06578098  .00000688  00000+0  25791-3 0  9990
2 32155  98.9730 215.8396 0070389 113.7507 247.1079 14.33619194743677
FENGYUN 1C DEB          
1 32156U 99025CTA 26272.33647515  .00000357  00000+0  14591-3 0  9992
2 32156  99.3599 109.8113 0080543 300.4036  58.9203 14.32405537689804
FENGYUN 1C DEB          
1 32160U 99025CTE 26273.28721071  .00000735  00000+0  24783-3 0  9996
2 32160  98.9114  85.7908 0080681 217.5673 141.9860 14.38366959    66
FENGYUN 1C DEB          
1 32161U 99025CTF 26272.53766635 -.00000084  00000+0 -25201-4 0  9995
2 32161  98.8402  13.2375 0135048 189.4314 170.4313 14.02107707675048
FENGYUN 1C DEB          
1 32162U 99025CTG 26274.52290558  .00002593  00000+0  48396-3 0  9997
2 32162  99.4369   7.2243 0044391   6.5927 353.5847 14.65430024992020
FENGYUN 1C DEB          
1 32163U 99025CTH 26272.92044849  .00001069  00000+0  32081-3 0  9991
2 32163  99.5278 318.7056 0049126 263.2369  96.3227 14.44501579651786
FENGYUN 1C DEB          
1 32165U 99025CTK 26273.57091843  .00001406  00000+0  82049-3 0  9995
2 32165  98.6239 189.6927 0139122  37.1863 323.8844 14.05229829672306
FENGYUN 1C DEB          
1 32167U 99025CTM 26273.74192953  .00000405  00000+0  14775-3 0  9999
2 32167  98.4936 266.6685 0161025 274.1517  84.1278 14.31547298668522
FENGYUN 1C DEB          
1 32168U 99025CTN 26272.23224320  .00002798  00000+0  18848-2 0  9998
2 32168 101.6569  57.3893 0247906 242.5768 114.9968 13.87939116675078
FENGYUN 1C DEB          
1 32169U 99025CTP 26274.04202593  .00011954  00000+0  15058-2 0  9992
2 32169  98.5370 124.3728 0027166 282.9468  76.8710 14.81911657  9262
FENGYUN 1C DEB          
1 32171U 99025CTR 26273.18651397  .00001610  00000+0  14363-2 0  9995
2 32171 102.8064 254.6426 0479343  93.6079 285.0840 13.44364410645305
FENGYUN 1C DEB          
1 32174U 99025CTU 26262.88215395  .00000211  00000+0  10975-3 0  9999
2 32174  98.5680 320.8543 0151206 155.1763 205.6786 14.18215751680905
FENGYUN 1C DEB          
1 32175U 99025CTV 26272.19527419  .00001486  00000+0  10116-2 0  9999
2 32175  98.8418 253.9430 0144798 242.4049 116.2347 13.96557057638922
FENGYUN 1C DEB          
1 32176U 99025CTW 26270.48646422  .00019346  00000+0  16313-2 0  9995
2 32176  99.3759   0.9284 0023888 198.9599 161.0731 14.98013020657842
FENGYUN 1C DEB          
1 32177U 99025CTX 26274.34923039  .00002091  00000+0  44918-3 0  9999
2 32177  99.0272 313.7118 0047393 235.2316 124.4416 14.59124082753028
FENGYUN 1C DEB          
1 32178U 99025CTY 26273.95320392  .00001041  00000+0  45669-3 0  9997
2 32178 100.2871 329.8454 0093010 238.2632 120.9452 14.24151666681617
FENGYUN 1C DEB          
1 32179U 99025CTZ 26274.39409878 -.00000191  00000+0 -86300-4 0  9999
2 32179  98.8703 321.8366 0146266  93.4972 281.6755 14.03847432698347
FENGYUN 1C DEB          
1 32180U 99025CUA 26274.38734094  .00000002  00000+0  40558-4 0  9995
2 32180  99.5463 323.8793 0136974 159.1749 267.1902 13.82384404983119
FENGYUN 1C DEB          
1 32181U 99025CUB 26274.38219434  .00001843  00000+0  39884-3 0  9995
2 32181  99.4997  63.4826 0070118 291.3496  96.9878 14.58261350  9780
FENGYUN 1C DEB          
1 32183U 99025CUD 26274.56901757  .00000608  00000+0  36125-3 0  9996
2 32183  98.6812 321.2073 0041011 309.4453  50.3092 14.10683896768923
FENGYUN 1C DEB          
1 32185U 99025CUF 26260.24681657  .00542407  00000+0  41905-2 0  9991
2 32185  98.8526 164.7507 0045149 142.8403 217.5994 15.69049923992683
FENGYUN 1C DEB          
1 32186U 99025CUG 26274.44347574  .00000504  00000+0  42073-3 0  9991
2 32186  99.5842 332.7831 0273679 156.4097 218.7566 13.77088728666387
FENGYUN 1C DEB          
1 32187U 99025CUH 26274.17169977  .00000198  00000+0  28284-3 0  9998
2 32187  99.4790 345.0602 0293786 133.1212 260.1702 13.50661605702065
FENGYUN 1C DEB          
1 32191U 99025CUM 26270.40098271  .00001783  00000+0  72244-3 0  9999
2 32191  98.6827 329.3034 0091865  67.3447 293.7416 14.26680634686150
FENGYUN 1C DEB          
1 32192U 99025CUN 26273.86122695  .00000175  00000+0  17180-3 0  9993
2 32192  98.6167 125.7344 0182499  89.5867 272.6198 13.82704444967495
FENGYUN 1C DEB          
1 32195U 99025CUR 26272.80411300  .00000438  00000+0  27213-3 0  9993
2 32195  98.7797 272.5443 0068735 196.7024 163.1882 14.08907112680808
FENGYUN 1C DEB          
1 32197U 99025CUT 26270.53794089  .00000548  00000+0  18759-3 0  9998
2 32197  98.8959 192.6061 0161901 104.3233  69.3340 14.33246787985597
FENGYUN 1C DEB          
1 32198U 99025CUU 26274.18305773  .00001531  00000+0  84477-3 0  9995
2 32198  98.3592  45.1618 0095524 174.4387 185.7869 14.10530288610660
FENGYUN 1C DEB          
1 32200U 99025CUW 26273.08732060  .00001023  00000+0  53000-3 0  9994
2 32200  98.7652 322.8979 0040691 176.8432 183.3007 14.16666797984878
FENGYUN 1C DEB          
1 32203U 99025CUZ 26270.15857119  .00093871  00000+0  63635-3 0  9992
2 32203  96.9671 160.1087 0076866  99.0438 261.9534 15.70608240795788
FENGYUN 1C DEB          
1 32205U 99025CVB 26272.28373228  .00000121  00000+0  85922-4 0  9994
2 32205  98.6851 272.8805 0010978 174.4678 197.6757 14.14073474986049
FENGYUN 1C DEB          
1 32207U 99025CVD 26273.28439006  .00000474  00000+0  16151-3 0  9992
2 32207  99.8798 281.3312 0084655  22.3350 348.8358 14.40177135685033
FENGYUN 1C DEB          
1 32209U 99025CVF 26272.04061416  .00001188  00000+0  14219-2 0  9998
2 32209  99.4321 208.3511 0332784  19.9881 341.3940 13.47920482938867
FENGYUN 1C DEB          
1 32210U 99025CVG 26251.94314257  .00001211  00000+0  66544-3 0  9996
2 32210  98.8485 302.2426 0071895 126.1174 234.6681 14.12265717651999
FENGYUN 1C DEB          
1 32212U 99025CVJ 26274.34616337  .00000686  00000+0  20789-3 0  9997
2 32212  99.5967  50.9971 0134761 309.4455  78.1306 14.41215423  2464
FENGYUN 1C DEB          
1 32214U 99025CVL 26273.01049280  .00001904  00000+0  13247-2 0  9993
2 32214  99.0304 296.3128 0174379 325.8934  62.0862 13.92938658664740
FENGYUN 1C DEB          
1 32218U 99025CVQ 26273.08319421  .00001768  00000+0  38999-3 0  9991
2 32218  98.7877 128.2881 0058933 259.4436 252.8783 14.57695106  4604
FENGYUN 1C DEB          
1 32221U 99025CVT 26273.70070331  .00000352  00000+0  75459-4 0  9999
2 32221  98.6031  78.5997 0143776 326.5535  32.6644 14.59474540 14453
FENGYUN 1C DEB          
1 32222U 99025CVU 26273.18712918  .00014713  00000+0  18925-2 0  9995
2 32222  99.0986 261.3935 0038220  44.4537 315.9728 14.80734599688462
FENGYUN 1C DEB          
1 32223U 99025CVV 26271.47501453  .00001829  00000+0  83110-3 0  9999
2 32223  98.8274 355.7843 0047323 202.4742 220.2794 14.22458238683414
FENGYUN 1C DEB          
1 32224U 99025CVW 26274.36056100  .00000355  00000+0  13879-3 0  9993
2 32224  99.0203 242.4389 0074685 291.4072  67.9155 14.34477627999189
FENGYUN 1C DEB          
1 32225U 99025CVX 26273.43203562  .00000154  00000+0  10366-3 0  9992
2 32225  99.0540 331.0253 0072782 105.1689 255.7547 14.13249342722364
FENGYUN 1C DEB          
1 32230U 99025CWC 26273.45322606  .00004961  00000+0  97246-3 0  9993
2 32230  98.8889  88.5416 0045846 275.1910 113.5929 14.62596466649262
FENGYUN 1C DEB          
1 32234U 99025CWG 26274.51362700  .00000878  00000+0  63267-3 0  9993
2 32234  98.5139 107.0990 0134270 242.6855 116.0584 13.95024029972903
FENGYUN 1C DEB          
1 32241U 99025CWP 26273.88434251  .00001665  00000+0  58611-3 0  9993
2 32241  99.0552 320.3186 0143211  97.6470 264.1002 14.30673920979984
FENGYUN 1C DEB          
1 32242U 99025CWQ 26262.82355764  .00000891  00000+0  72387-3 0  9993
2 32242  97.2579 114.8119 0158491 246.3262 112.1198 13.86182772668156
FENGYUN 1C DEB          
1 32243U 99025CWR 26273.27331282  .00001837  00000+0  82444-3 0  9990
2 32243  98.2574 277.6383 0264754  11.9430 348.7857 14.06586820976849
FENGYUN 1C DEB          
1 32245U 99025CWT 26274.35748458  .00002921  00000+0  35560-3 0  9991
2 32245  98.6291 137.5541 0089896 130.6025 230.3051 14.81466249704332
FENGYUN 1C DEB          
1 32303U 99025CWU 26272.15873698  .00003765  00000+0  15018-2 0  9999
2 32303  97.8120  39.9922 0088902 168.9294 191.3872 14.26870222663730
FENGYUN 1C DEB          
1 32304U 99025CWV 26273.22874623  .00001769  00000+0  43442-3 0  9993
2 32304  99.4225 267.6835 0050243  80.7450 279.9420 14.53092897605035
FENGYUN 1C DEB          
1 32308U 99025CWZ 26273.00840318  .00001039  00000+0  61508-3 0  9990
2 32308  97.7596 289.7383 0105246 297.5897  61.4617 14.06736356695057
FENGYUN 1C DEB          
1 32311U 99025CXC 26269.59340803  .00000392  00000+0  57314-3 0  9998
2 32311 101.7253 199.9642 0399094 169.4344 191.5476 13.34209678111757
FENGYUN 1C DEB          
1 32314U 99025CXF 26272.35167150  .00003166  00000+0  32514-3 0  9998
2 32314  98.8902  54.0260 0135039 316.3499  42.7092 14.84754815 16967
FENGYUN 1C DEB          
1 32315U 99025CXG 26273.32128682  .00000025  00000+0  78055-4 0  9996
2 32315 100.8371  95.5685 0228824 119.3201 243.1011 13.66250268650706
FENGYUN 1C DEB          
1 32316U 99025CXH 26273.44718387  .00001613  00000+0  39142-3 0  9994
2 32316  99.5066 344.1534 0028409 179.9721 310.8390 14.54346357    56
FENGYUN 1C DEB          
1 32320U 99025CXM 26274.06114378  .00001368  00000+0  46932-3 0  9990
2 32320 100.3524 195.2241 0054837 310.0603  49.5775 14.37462024663714
FENGYUN 1C DEB          
1 32322U 99025CXP 26273.32647303  .00000352  00000+0  46296-3 0  9994
2 32322  98.3434 107.9825 0418952  81.2627 283.5706 13.34566792642685
FENGYUN 1C DEB          
1 32323U 99025CXQ 26274.31930631  .00001452  00000+0  94049-3 0  9995
2 32323  98.5844  43.4029 0152152 114.6872 247.0221 13.98636482643573
FENGYUN 1C DEB          
1 32324U 99025CXR 26273.56530340  .00000503  00000+0  31221-3 0  9994
2 32324  99.5533  37.4271 0049050 298.2208  61.4012 14.09604380681096
FENGYUN 1C DEB          
1 32326U 99025CXT 26273.68361983  .00000492  00000+0  35526-3 0  9993
2 32326  98.4832 174.4294 0386387  79.2978 285.1424 13.69690775671788
FENGYUN 1C DEB          
1 32331U 99025CXY 26273.98711753  .00023305  00000+0  21311-2 0  9990
2 32331  99.1679 290.0950 0008902 287.3319  72.6923 14.94983329649530
FENGYUN 1C DEB          
1 32332U 99025CXZ 26274.40642963  .00000976  00000+0  50823-3 0  9995
2 32332  99.1109 331.9483 0283161 228.6012 129.0498 13.98383558971257
FENGYUN 1C DEB          
1 32334U 99025CYB 26273.39661384  .00000699  00000+0  47889-3 0  9992
2 32334  99.2189 336.4012 0068457 197.7348 162.1426 14.01970053980260
FENGYUN 1C DEB          
1 32340U 99025CYH 26273.35385834  .00005192  00000+0  65195-3 0  9991
2 32340  98.9643 317.6499 0030882  97.4708 263.0012 14.82320860 14674
FENGYUN 1C DEB          
1 32342U 99025CYK 26274.50158517  .00000045  00000+0  46307-4 0  9994
2 32342  98.6708 279.1180 0006897 222.2254 289.5860 14.13498271978531
FENGYUN 1C DEB          
1 32343U 99025CYL 26273.91419109  .00000442  00000+0  20231-3 0  9994
2 32343  98.6389 258.4232 0151115   4.0394 356.1965 14.20275200688606
FENGYUN 1C DEB          
1 32350U 99025CYT 26274.07724158  .00001828  00000+0  27625-3 0  9996
2 32350  98.1937 318.5537 0261299 114.5281 248.3397 14.54989136 17560
FENGYUN 1C DEB          
1 32352U 99025CYV 26271.05650644  .00000824  00000+0  24433-3 0  9990
2 32352  98.7868 204.3080 0121856  30.0456 330.7651 14.41966147694389
FENGYUN 1C DEB          
1 32353U 99025CYW 26274.32825325  .00001615  00000+0  94984-3 0  9991
2 32353  98.9366  91.2209 0122636 101.1210 260.3775 14.05727463673025
FENGYUN 1C DEB          
1 32356U 99025CYZ 26271.87784594  .00002151  00000+0  12843-2 0  9992
2 32356 102.4953 246.8573 0124440  30.9230 329.9177 14.05180906724603
FENGYUN 1C DEB          
1 32357U 99025CZA 26268.29057962  .00003646  00000+0  17947-2 0  9997
2 32357  98.8324 290.6266 0483252 147.7103 277.1200 13.70873143707116
FENGYUN 1C DEB          
1 32360U 99025CZD 26249.68419743  .00002553  00000+0  14026-2 0  9993
2 32360  98.1275  42.0242 0221996 268.0714  89.5018 14.00775602685652
FENGYUN 1C DEB          
1 32361U 99025CZE 26274.17995670  .00003028  00000+0  70785-3 0  9997
2 32361  98.8414 354.3063 0043331 235.8186 123.8898 14.54908108  5905
FENGYUN 1C DEB          
1 32362U 99025CZF 26274.39284600  .00001363  00000+0  13314-2 0  9990
2 32362  99.8555 255.5587 0266208 261.6974  95.3906 13.66588812951257
FENGYUN 1C DEB          
1 32366U 99025CZK 26274.43744218  .00001240  00000+0  59793-3 0  9991
2 32366  96.7719 331.6808 0132995 108.7764 252.7898 14.15262228973421
FENGYUN 1C DEB          
1 32372U 99025CZR 26273.70771070  .00000628  00000+0  70658-3 0  9995
2 32372  97.3052  78.0529 0454233   0.3842 359.7559 13.36148559640383
FENGYUN 1C DEB          
1 32409U 99025CZV 26274.42953968  .00003202  00000+0  38756-3 0  9998
2 32409  99.5554 139.4220 0034967 331.8863 153.5144 14.84203923631716
FENGYUN 1C DEB          
1 32411U 99025CZX 26274.52644325  .00000255  00000+0  15617-3 0  9992
2 32411  98.4170 179.1258 0121927 259.5106  99.2308 14.10180545699403
FENGYUN 1C DEB          
1 32414U 99025DAA 26274.45073021  .00001263  00000+0  61170-3 0  9991
2 32414  98.8395 349.6323 0045501 237.0860 122.5935 14.19750710978847
FENGYUN 1C DEB          
1 32416U 99025DAC 26265.56371577  .00000512  00000+0  56889-3 0  9999
2 32416 100.7830  30.5357 0237415 290.1292  67.4448 13.65952861655057
FENGYUN 1C DEB          
1 32418U 99025DAE 26272.36508047  .00002744  00000+0  14050-2 0  9993
2 32418  98.1815 119.9304 0221325 293.0998  64.6981 14.04384689670660
FENGYUN 1C DEB          
1 32419U 99025DAF 26273.49798111  .00000394  00000+0  17001-3 0  9991
2 32419  97.9464 180.5900 0279706 262.8350  94.0948 14.10576087676833
FENGYUN 1C DEB          
1 32422U 99025DAJ 26274.55192464  .00000977  00000+0  48315-3 0  9991
2 32422  97.8618   9.5494 0298743 177.7749 182.4829 13.98403828672252
FENGYUN 1C DEB          
1 32425U 99025DAM 26271.44333121  .00000660  00000+0  26022-3 0  9996
2 32425  96.7239 354.5088 0232582 144.4427 217.2507 14.17400489736384
FENGYUN 1C DEB          
1 32429U 99025DAR 26264.39151075  .00007730  00000+0  14993-2 0  9990
2 32429  99.0797 124.3012 0030783  96.2147 264.2561 14.63249075995916
FENGYUN 1C DEB          
1 32430U 99025DAS 26272.75368226  .00001481  00000+0  10400-2 0  9995
2 32430  98.6819 275.4474 0366953 215.4758 142.1482 13.71730694951910
FENGYUN 1C DEB          
1 32432U 99025DAU 26274.36217696  .00003124  00000+0  59494-3 0  9993
2 32432  98.1450 308.5584 0166597 120.2571 241.5235 14.56200271749491
FENGYUN 1C DEB          
1 32440U 99025DBC 26270.79396042  .00001770  00000+0  16320-2 0  9993
2 32440  99.1325 113.6168 0322301  63.5059 299.8759 13.62837875642213
FENGYUN 1C DEB          
1 32447U 99025DBK 26272.75818540  .00000234  00000+0  19648-3 0  9991
2 32447  98.9205 284.9703 0078547 320.6705  38.8769 13.96150258719392
FENGYUN 1C DEB          
1 32451U 99025DBP 26274.25540943  .00001578  00000+0  11894-2 0  9998
2 32451  99.9875 279.0265 0183667 147.1650 214.1075 13.88237696658215
FENGYUN 1C DEB          
1 32453U 99025DBR 26274.05732527  .00000531  00000+0  35738-3 0  9991
2 32453  99.3673 197.0914 0097915 123.2464 237.8131 14.02840768975264
FENGYUN 1C DEB          
1 32455U 99025DBT 26274.51110557  .00001625  00000+0  10182-2 0  9997
2 32455 101.7240 189.5903 0231551 140.0243 221.8213 13.94217314684936
FENGYUN 1C DEB          
1 32456U 99025DBU 26264.88156438  .00000742  00000+0  10522-2 0  9992
2 32456 103.6610 145.5530 0378232   7.2573 353.3809 13.36184490643970
FENGYUN 1C DEB          
1 32457U 99025DBV 26268.33184134  .00000589  00000+0  84549-3 0  9991
2 32457 100.1010 308.0214 0415773   8.0247 352.7264 13.29722285577595
FENGYUN 1C DEB          
1 32458U 99025DBW 26267.94940957  .00004956  00000+0  90575-3 0  9999
2 32458  99.0225 320.4632 0037549 213.3962 146.4870 14.65979108719787
FENGYUN 1C DEB          
1 32459U 99025DBX 26273.81824284  .00001282  00000+0  29783-3 0  9999
2 32459  98.2920 285.8494 0210577  21.5476 339.4417 14.44014948987646
FENGYUN 1C DEB          
1 32460U 99025DBY 26274.09700497  .00000504  00000+0  37844-3 0  9994
2 32460  98.0435  24.7191 0184157  27.9661 333.1251 13.90371089693150
FENGYUN 1C DEB          
1 32461U 99025DBZ 26272.29602264  .00000696  00000+0  64556-3 0  9990
2 32461  98.3222  95.1482 0232681  53.7905 120.8302 13.73521819712820
FENGYUN 1C DEB          
1 32464U 99025DCC 26273.80417704  .00007668  00000+0  54523-3 0  9993
2 32464  97.3362 285.7960 0094507 327.0640  32.4718 15.01338389651632
FENGYUN 1C DEB          
1 33502U 99025DCF 26274.38366368  .00002672  00000+0  11273-2 0  9994
2 33502  99.0363 229.9035 0080102  33.6704 117.1641 14.24800966911191
FENGYUN 1C DEB          
1 33599U 99025DCG 26269.30083437  .00060261  00000+0  13709-2 0  9993
2 33599  96.5643 308.8700 0072556 343.6657  16.2253 15.39982120703930
FENGYUN 1C DEB          
1 33601U 99025DCJ 26274.36104532  .00000764  00000+0  41462-3 0  9999
2 33601  98.3442  53.4156 0155199  26.4245 334.4736 14.09022790947994
FENGYUN 1C DEB          
1 33603U 99025DCL 26274.15545353  .00000618  00000+0  60939-4 0  9997
2 33603  98.8399 244.0801 0214456 225.5678 132.7810 14.81247867 31845
FENGYUN 1C DEB          
1 33605U 99025DCN 26272.79298674  .00000572  00000+0  35465-3 0  9992
2 33605  98.7128 266.5163 0055764 334.0715 152.7629 14.08243085639143
FENGYUN 1C DEB          
1 33612U 99025DCV 26267.10761983  .00001750  00000+0  10462-2 0  9995
2 33612  98.6141 226.7600 0111928  25.2154 335.4421 14.05287028606809
FENGYUN 1C DEB          
1 33613U 99025DCW 26268.45251116  .00003365  00000+0  11720-2 0  9999
2 33613  98.6810 346.7288 0027684 319.5445  40.3682 14.35837430686210
FENGYUN 1C DEB          
1 33618U 99025DDB 26274.53318550  .00001527  00000+0  25049-3 0  9994
2 33618  98.5283  16.9149 0157112 310.4773  48.2821 14.64534810 10620
FENGYUN 1C DEB          
1 33619U 99025DDC 26274.15182770  .00001497  00000+0  73177-3 0  9997
2 33619  98.8444 347.7708 0049239 287.9640  71.6172 14.18870823677691
FENGYUN 1C DEB          
1 33621U 99025DDE 26273.81974947  .00000803  00000+0  26387-3 0  9998
2 33621  98.1214 106.4448 0283158 157.4102 203.9834 14.20333596683895
FENGYUN 1C DEB          
1 33623U 99025DDG 26272.53924994  .00005047  00000+0  14395-2 0  9995
2 33623  98.2063  22.7634 0051341 120.4359 240.1919 14.44836317655170
FENGYUN 1C DEB          
1 33625U 99025DDJ 26272.30990422  .00002092  00000+0  29255-3 0  9990
2 33625  98.6466  41.4634 0213888 315.0024  43.4017 14.64381320656397
FENGYUN 1C DEB          
1 33630U 99025DDP 26272.03918305  .00000379  00000+0  18870-3 0  9993
2 33630  98.6285  14.9060 0132901 312.2017  46.7938 14.18143689685255
FENGYUN 1C DEB          
1 33633U 99025DDS 26274.25506019  .00001762  00000+0  80085-3 0  9991
2 33633  99.0602  20.6049 0079533  36.2380 353.6741 14.21464034948645
FENGYUN 1C DEB          
1 33636U 99025DDV 26274.29088910  .00000781  00000+0  30327-3 0  9997
2 33636  98.4553 287.3417 0064651 312.7374  60.4677 14.31494584742521
FENGYUN 1C DEB          
1 33637U 99025DDW 26272.38030566  .00001560  00000+0  50647-3 0  9993
2 33637  98.4664 318.4657 0079640   4.7212 355.4709 14.38471108690147
FENGYUN 1C DEB          
1 33638U 99025DDX 26273.85888192  .00000340  00000+0  33827-3 0  9999
2 33638  98.4414 134.4566 0260785 212.5726 145.9103 13.69924867649149
FENGYUN 1C DEB          
1 33639U 99025DDY 26274.54231447  .00002904  00000+0  85409-3 0  9993
2 33639  98.7135  16.6293 0048999 135.3599 225.1552 14.43799911648031
FENGYUN 1C DEB          
1 33640U 99025DDZ 26271.67389365  .00001331  00000+0  36232-3 0  9992
2 33640  98.8737 232.4872 0089794  12.5453 347.7943 14.46930731965347
FENGYUN 1C DEB          
1 33646U 99025DEF 26265.52199329  .00001893  00000+0  11347-2 0  9996
2 33646  98.5941 170.7711 0111575  82.6628 278.7205 14.05031161760316
FENGYUN 1C DEB          
1 33647U 99025DEG 26269.33594735  .00001470  00000+0  95878-3 0  9993
2 33647  98.1950  96.0523 0244211  14.8798 345.9386 13.90104584668398
FENGYUN 1C DEB          
1 33648U 99025DEH 26273.27531766  .00000108  00000+0  80304-4 0  9993
2 33648  98.7333 269.1018 0069790  66.9866 293.8648 14.11897121684900
FENGYUN 1C DEB          
1 33650U 99025DEK 26272.21060580  .00001082  00000+0  83339-3 0  9992
2 33650  99.0180  72.8150 0149449   8.9600 351.4173 13.90039871728432
FENGYUN 1C DEB          
1 33651U 99025DEL 26272.34411690  .00000132  00000+0  76523-4 0  9992
2 33651  98.6176 316.2376 0115639 294.0311  64.8798 14.20537677683977
FENGYUN 1C DEB          
1 33655U 99025DEQ 26273.55513619  .00019231  00000+0  10433-2 0  9990
2 33655  98.8014  24.8857 0032061 119.5904 240.8525 15.14175888  9439
FENGYUN 1C DEB          
1 33656U 99025DER 26272.70532613  .00000384  00000+0  18185-3 0  9994
2 33656  98.5987 263.6740 0087957 265.5536  93.5590 14.23197706668479
FENGYUN 1C DEB          
1 33658U 99025DET 26273.21584920  .00001438  00000+0  14339-2 0  9998
2 33658  99.5833  66.7429 0280777 157.0123 204.3875 13.63610613621107
FENGYUN 1C DEB          
1 33660U 99025DEV 26272.00875406  .00000292  00000+0  24676-3 0  9992
2 33660  98.6354 168.8322 0110077 165.9607 208.9635 13.92024280951026
FENGYUN 1C DEB          
1 33661U 99025DEW 26274.57198575  .00000813  00000+0  75230-3 0  9993
2 33661  98.3870 131.0986 0231199  85.8088 307.2319 13.73401151684768
FENGYUN 1C DEB          
1 33663U 99025DEY 26273.30949460  .00010339  00000+0  13726-2 0  9997
2 33663  98.8854 296.0986 0059789 183.5856 176.4932 14.78765869684909
FENGYUN 1C DEB          
1 33664U 99025DEZ 26271.33302633  .00000475  00000+0  29004-3 0  9991
2 33664  98.7426  53.6731 0162183 307.0941  51.5495 14.04313110948031
FENGYUN 1C DEB          
1 33665U 99025DFA 26273.15798072  .00000602  00000+0  16441-3 0  9993
2 33665  99.0515  35.3814 0448576 358.6369   1.3545 14.05229034966821
FENGYUN 1C DEB          
1 33673U 99025DFJ 26272.14007073  .00000350  00000+0  27537-3 0  9992
2 33673  99.3140 327.5334 0105529 154.3811 233.6689 13.95932007939537
FENGYUN 1C DEB          
1 33674U 99025DFK 26273.55055157  .00000968  00000+0  85327-3 0  9991
2 33674  98.5913 301.0496 0209824 174.5176 185.8345 13.77838556923820
FENGYUN 1C DEB          
1 33676U 99025DFM 26273.07653368  .00000114  00000+0  47560-4 0  9999
2 33676  99.0632 318.0944 0202560 297.3173  60.7517 14.35808124694913
FENGYUN 1C DEB          
1 33678U 99025DFP 26272.48772587  .00000792  00000+0  17526-3 0  9990
2 33678  99.0214   2.8521 0203384  87.9819 274.4648 14.48369575993035
FENGYUN 1C DEB          
1 33679U 99025DFQ 26274.32063862  .00015026  00000+0  60413-3 0  9994
2 33679  99.3487  50.5366 0107727  62.5539 298.6595 15.19790462985436
FENGYUN 1C DEB          
1 33682U 99025DFT 26274.16837205  .00001706  00000+0  70132-3 0  9999
2 33682  99.4027 348.0020 0025849 326.8149  33.1408 14.28303792958700
FENGYUN 1C DEB          
1 33684U 99025DFV 26274.23357953  .00007902  00000+0  58118-3 0  9990
2 33684  99.0411  10.3297 0267003 145.0727 216.8328 14.79389103973055
FENGYUN 1C DEB          
1 33687U 99025DFY 26274.47376274  .00017202  00000+0  41499-3 0  9994
2 33687  98.9627 345.4248 0077176  61.7010 299.1989 15.38204382759816
FENGYUN 1C DEB          
1 33688U 99025DFZ 26274.10581341  .00004005  00000+0  10184-2 0  9991
2 33688  99.3618  51.6338 0049417 119.8532 240.7584 14.50611236957141
FENGYUN 1C DEB          
1 33689U 99025DGA 26270.36432962  .00001820  00000+0  51015-3 0  9991
2 33689  99.5487 319.1351 0046706  28.2561  33.0087 14.46887281737022
FENGYUN 1C DEB          
1 33690U 99025DGB 26273.27872177  .00003029  00000+0  69889-3 0  9993
2 33690  98.6183  24.9833 0029617 235.9841 123.8541 14.55781900974569
FENGYUN 1C DEB          
1 33691U 99025DGC 26272.79089277  .00002302  00000+0  96799-3 0  9994
2 33691  99.1513 271.9943 0064685 313.2652  46.3139 14.25752564946330
FENGYUN 1C DEB          
1 33693U 99025DGE 26273.92834009  .00000700  00000+0  68648-3 0  9995
2 33693  99.2373  85.6863 0222446 314.1018  44.2012 13.72045022922375
FENGYUN 1C DEB          
1 33697U 99025DGJ 26272.11399900  .00001820  00000+0  93385-3 0  9995
2 33697  99.0146  20.4175 0072176 156.4340 204.0167 14.15331747973188
FENGYUN 1C DEB          
1 33698U 99025DGK 26274.30579181  .00000601  00000+0  13238-3 0  9995
2 33698  99.6458 284.5640 0137228  69.6328 291.9547 14.56497831998942
FENGYUN 1C DEB          
1 33701U 99025DGN 26263.05594173  .00001440  00000+0  87510-3 0  9994
2 33701  98.6767 209.2566 0131883 118.1767 243.2795 14.03496561944507
FENGYUN 1C DEB          
1 33710U 99025DGX 26271.07490544  .00000935  00000+0  52288-3 0  9994
2 33710  98.9852  15.3836 0054433  52.3943 308.2153 14.12524291717400
FENGYUN 1C DEB          
1 33711U 99025DGY 26273.44482961  .00000586  00000+0  40153-3 0  9992
2 33711  99.1597 333.1642 0096591 325.3093  47.2550 14.01471836960175
FENGYUN 1C DEB          
1 33716U 99025DHD 26274.08393943  .00000127  00000+0  60998-4 0  9990
2 33716  98.8910 211.9809 0092362 221.1500 138.2694 14.32888686693443
FENGYUN 1C DEB          
1 33718U 99025DHF 26267.52943907  .00002310  00000+0  12958-2 0  9991
2 33718  99.6639  19.3815 0097545 254.7401 104.2967 14.09366060732103
FENGYUN 1C DEB          
1 33719U 99025DHG 26274.13679259  .00001095  00000+0  48973-3 0  9999
2 33719  98.7481 338.0499 0027937 313.8105  75.6093 14.24475365961756
FENGYUN 1C DEB          
1 33720U 99025DHH 26272.81631805  .00000796  00000+0  24543-3 0  9993
2 33720  98.2530 270.8353 0078262 266.5570  92.6666 14.42318454975505
FENGYUN 1C DEB          
1 33722U 99025DHK 26274.47877099  .00000601  00000+0  25545-3 0  9994
2 33722  98.5655 285.5708 0158622 121.8777 239.7948 14.22080063963072
FENGYUN 1C DEB          
1 33723U 99025DHL 26273.50782802  .00002017  00000+0  10128-2 0  9998
2 33723  99.1469   6.1546 0098552 228.0066 197.0343 14.15240904677482
FENGYUN 1C DEB          
1 33724U 99025DHM 26270.89711988  .00000502  00000+0  25451-3 0  9998
2 33724  98.6010 278.1133 0028509  68.8127  48.4117 14.20122228980653
FENGYUN 1C DEB          
1 33726U 99025DHP 26271.61358457  .00000466  00000+0  22297-3 0  9993
2 33726  98.6712  32.1265 0190367 281.2330  89.6829 14.14781755960303
FENGYUN 1C DEB          
1 33728U 99025DHR 26274.22165496  .00002079  00000+0  15940-3 0  9993
2 33728  98.9591  16.4058 0139542 353.1482   6.7824 14.95896474 26697
FENGYUN 1C DEB          
1 33730U 99025DHT 26263.47872898  .00004852  00000+0  85326-3 0  9998
2 33730  99.0349 354.4498 0036830 223.0474 136.7846 14.67724681998075
FENGYUN 1C DEB          
1 33731U 99025DHU 26273.37995055  .00000766  00000+0  55024-3 0  9992
2 33731  99.4274 307.6845 0127338 344.8623  14.8742 13.96413268945187
FENGYUN 1C DEB          
1 33733U 99025DHW 26273.24258995  .00003233  00000+0  11141-2 0  9998
2 33733  99.0972  18.2894 0072181  42.9358 347.5683 14.35189130946245
FENGYUN 1C DEB          
1 33737U 99025DJA 26273.43119170  .00001387  00000+0  84075-3 0  9999
2 33737  98.3460  88.4163 0126983 175.7714 245.7409 14.03895233928329
FENGYUN 1C DEB          
1 33738U 99025DJB 26274.65850236  .00000397  00000+0  25764-3 0  9990
2 33738  99.1143 339.2094 0189750 294.2613 220.1742 14.00044893933343
FENGYUN 1C DEB          
1 33740U 99025DJD 26274.28494092  .00000070  00000+0  60933-4 0  9992
2 33740  98.6813 283.1589 0002310  63.9415 296.1995 14.12457346942760
FENGYUN 1C DEB          
1 33741U 99025DJE 26271.17656222  .00002329  00000+0  12063-2 0  9991
2 33741  98.5550 176.3619 0127598 345.0951  14.6475 14.11712196609447
FENGYUN 1C DEB          
1 33745U 99025DJJ 26274.10059591  .00001293  00000+0  57693-3 0  9995
2 33745  99.0944 326.1569 0054487 151.1290 209.2921 14.23807623701603
FENGYUN 1C DEB          
1 33747U 99025DJL 26271.23875374  .00002742  00000+0  12722-2 0  9996
2 33747  99.0978  18.2220 0087554 117.7072 243.3019 14.19543389942371
FENGYUN 1C DEB          
1 33748U 99025DJM 26274.42143774  .00001125  00000+0  41920-3 0  9990
2 33748  98.5576 327.4976 0035902  97.4777 263.0489 14.33535873955851
FENGYUN 1C DEB          
1 35088U 99025DJQ 26265.93712894  .00005398  00000+0  19455-2 0  9993
2 35088  94.6266 310.2584 0248234  35.2131 326.5176 14.18055613628202
FENGYUN 1C DEB          
1 35089U 99025DJR 26273.25426218  .00000454  00000+0  23221-3 0  9995
2 35089  98.5576 278.4615 0026383 299.9190  59.9367 14.20156916650129
FENGYUN 1C DEB          
1 35090U 99025DJS 26274.04777681  .00001240  00000+0  60858-3 0  9999
2 35090  99.1839 302.1558 0054065 266.8821  92.6166 14.18991344703942
FENGYUN 1C DEB          
1 35091U 99025DJT 26274.31621356  .00004978  00000+0  85155-3 0  9995
2 35091  98.6057  37.1518 0043297 103.8789 256.7237 14.68721054942130
FENGYUN 1C DEB          
1 35102U 99025DKE 26273.28101156  .00000594  00000+0  24484-3 0  9992
2 35102  98.4775 280.6708 0058594 314.1126  45.5244 14.29510284690772
FENGYUN 1C DEB          
1 35104U 99025DKG 26273.26813301  .00000386  00000+0  19765-3 0  9999
2 35104  98.5984 276.9532 0031083  21.0349 351.3475 14.20759816939064
FENGYUN 1C DEB          
1 35105U 99025DKH 26273.23429399  .00000406  00000+0  12040-3 0  9999
2 35105  98.9644 275.4608 0109572 264.6222  94.2460 14.46015386987058
FENGYUN 1C DEB          
1 35108U 99025DKL 26269.23030025  .00000285  00000+0  18105-3 0  9994
2 35108  98.8157 262.5497 0133224 333.0405  26.3885 14.07207326932812
FENGYUN 1C DEB          
1 35109U 99025DKM 26273.90736156  .00000225  00000+0  11049-3 0  9996
2 35109  98.6405 261.5366 0150830 268.5500  89.8396 14.21202537683090
FENGYUN 1C DEB          
1 35111U 99025DKP 26272.07620607  .00000437  00000+0  26769-3 0  9999
2 35111  99.4567  11.0086 0022860 135.1918 225.1102 14.11360203682397
FENGYUN 1C DEB          
1 35116U 99025DKU 26273.35592365  .00000960  00000+0  41240-3 0  9997
2 35116  98.6342 320.3874 0056267 278.2475  81.2327 14.26190902641152
FENGYUN 1C DEB          
1 35121U 99025DKZ 26273.80661789  .00000016  00000+0  30802-4 0  9995
2 35121  98.2689 116.9530 0157171 346.2603  13.4313 14.04917404651929
FENGYUN 1C DEB          
1 35122U 99025DLA 26274.48975766  .00000246  00000+0  15038-3 0  9992
2 35122  98.6582 289.1165 0025631  45.2390 315.0863 14.14411876680057
FENGYUN 1C DEB          
1 35123U 99025DLB 26271.99963827  .00000452  00000+0  21180-3 0  9995
2 35123  99.1172 110.8384 0048980 326.1646  33.6410 14.24778239652060
FENGYUN 1C DEB          
1 35125U 99025DLD 26274.24467301  .00001421  00000+0  50753-3 0  9999
2 35125  98.2149 275.7653 0052198 137.9193 222.6020 14.34771786354749
FENGYUN 1C DEB          
1 35128U 99025DLG 26273.87542063  .00003872  00000+0  11086-2 0  9996
2 35128  98.3318 148.3236 0080839 183.8913 176.1659 14.43665868671797
FENGYUN 1C DEB          
1 35135U 99025DLP 26267.46695962  .00000588  00000+0  27026-3 0  9992
2 35135  98.5644 273.4143 0081476 172.7584 187.4792 14.23060529918872
FENGYUN 1C DEB          
1 35139U 99025DLT 26269.22952720  .00000425  00000+0  20864-3 0  9993
2 35139  98.5880 271.5463 0068335 182.9998 177.0780 14.21503427682375
FENGYUN 1C DEB          
1 35140U 99025DLU 26271.71328142  .00000101  00000+0  45274-4 0  9991
2 35140  98.4797 246.6424 0289834 201.3999 157.4858 14.21608560913985
FENGYUN 1C DEB          
1 35142U 99025DLW 26274.45332315  .00000106  00000+0  11378-3 0  9996
2 35142  99.0669 264.1811 0108720 139.0463  12.9752 13.90649868897579
FENGYUN 1C DEB          
1 35144U 99025DLY 26272.32825624  .00005629  00000+0  10363-2 0  9999
2 35144  98.7153  48.5913 0025000 185.4705 174.6227 14.65809938694628
FENGYUN 1C DEB          
1 35147U 99025DMB 26274.18481791  .00004371  00000+0  55041-3 0  9997
2 35147  99.4862  44.1335 0025289  24.3714 335.8684 14.82483093786265
FENGYUN 1C DEB          
1 35152U 99025DMG 26273.77866518  .00000439  00000+0  43143-3 0  9992
2 35152  99.8176 110.9383 0193906 339.6170  19.7316 13.76855968662111
FENGYUN 1C DEB          
1 35153U 99025DMH 26274.07750697  .00001225  00000+0  15375-3 0  9997
2 35153  98.8883 199.5593 0164226 247.7170 110.6553 14.75481269 15131
FENGYUN 1C DEB          
1 35154U 99025DMJ 26272.19533794  .00000369  00000+0  17161-3 0  9999
2 35154  99.4594  57.6007 0177226 304.8459  53.6157 14.19390393686978
FENGYUN 1C DEB          
1 35155U 99025DMK 26263.27320720  .00000673  00000+0  33593-3 0  9997
2 35155  98.4950 268.6554 0024660 339.7224  20.2971 14.19910085767087
FENGYUN 1C DEB          
1 35156U 99025DML 26271.40253293  .00000316  00000+0  19860-3 0  9997
2 35156  98.7807 255.8089 0037339  50.1928 310.2520 14.10926093681281
FENGYUN 1C DEB          
1 35159U 99025DMP 26273.23846134  .00002579  00000+0  69572-3 0  9993
2 35159  98.8320   6.0648 0009754  21.3986   5.8435 14.48761831656974
FENGYUN 1C DEB          
1 35160U 99025DMQ 26269.64270429  .00000740  00000+0  22642-3 0  9998
2 35160  99.1892  47.6097 0175904 118.9574 242.9374 14.36600653690649
FENGYUN 1C DEB          
1 35165U 99025DMV 26273.23573503  .00002442  00000+0  84747-3 0  9997
2 35165  98.8790  18.3512 0019534 276.9499  82.9464 14.36414914939024
FENGYUN 1C DEB          
1 35167U 99025DMX 26270.73662947  .00001187  00000+0  34418-3 0  9997
2 35167  98.4679 261.8689 0228554  68.7351 293.8074 14.32108621741556
FENGYUN 1C DEB          
1 35168U 99025DMY 26272.88654485  .00000262  00000+0  14224-3 0  9990
2 35168  98.2375 148.6331 0125346   4.7951 355.4393 14.15805104620438
FENGYUN 1C DEB          
1 35169U 99025DMZ 26270.55717742  .00002741  00000+0  49895-3 0  9995
2 35169  99.1055 187.5890 0147238 311.4952  47.3684 14.60294249699932
FENGYUN 1C DEB          
1 35171U 99025DNB 26274.14707668  .00001587  00000+0  10965-2 0  9995
2 35171  99.0265  64.3674 0136132 236.7972 122.0077 13.96237391926372
FENGYUN 1C DEB          
1 35173U 99025DND 26258.43993967  .00000918  00000+0  91756-3 0  9995
2 35173  99.7768 325.3884 0486095 259.1064  95.5023 13.38194111695296
FENGYUN 1C DEB          
1 35174U 99025DNE 26274.35542335  .00020567  00000+0  81829-3 0  9996
2 35174  98.9572 303.2438 0098399 297.4259  61.6989 15.20880774945820
FENGYUN 1C DEB          
1 35175U 99025DNF 26270.81920781  .00000380  00000+0  18912-3 0  9993
2 35175  98.5747 275.9358 0058141 160.4522 199.8903 14.21692898653420
FENGYUN 1C DEB          
1 35176U 99025DNG 26270.21430520  .00000419  00000+0  22508-3 0  9994
2 35176  98.5828 251.6339 0052601 306.6093  53.0250 14.17350814950142
FENGYUN 1C DEB          
1 35180U 99025DNL 26272.71536128  .00001844  00000+0  79128-3 0  9990
2 35180  99.7483  86.2628 0480652 340.1441  18.1549 13.78268808 40387
FENGYUN 1C DEB          
1 35191U 99025DNX 26274.19433748 -.00000007  00000+0  26970-4 0  9999
2 35191  99.0482 253.2592 0103249 132.9713 228.0161 13.91334430919680
FENGYUN 1C DEB          
1 35194U 99025DPA 26274.16988297  .00002006  00000+0  37335-3 0  9999
2 35194  98.9494  26.2561 0108956 260.2305  98.6576 14.62671505696623
FENGYUN 1C DEB          
1 35195U 99025DPB 26274.17093158  .00001876  00000+0  39347-3 0  9993
2 35195  98.9974  36.4510 0098949 260.1049  98.8967 14.58067806951851
FENGYUN 1C DEB          
1 35196U 99025DPC 26273.51870072  .00000669  00000+0  26407-3 0  9991
2 35196  98.5280 283.6663 0211750 211.6137 302.0001 14.20776358932765
FENGYUN 1C DEB          
1 35199U 99025DPF 26245.60586769  .00001380  00000+0  92867-3 0  9994
2 35199  98.4541  18.8838 0116002 190.5784 169.2939 13.98908271958739
FENGYUN 1C DEB          
1 35200U 99025DPG 26274.33235516  .00000233  00000+0  32989-3 0  9995
2 35200  98.9045 222.4078 0353219  43.5519 105.3150 13.42127213698286
FENGYUN 1C DEB          
1 35201U 99025DPH 26274.50372759  .00000015  00000+0  31762-4 0  9993
2 35201  98.7076 279.6585 0007547 134.4822  17.3576 14.11150880911480
FENGYUN 1C DEB          
1 35202U 99025DPJ 26274.38354191  .00000258  00000+0  39873-3 0  9999
2 35202 100.0668 320.7937 0377246  28.8542 333.2887 13.35086435608819
FENGYUN 1C DEB          
1 35203U 99025DPK 26272.26652706  .00001023  00000+0  11689-2 0  9993
2 35203 102.0834 293.0482 0515078 244.9471 109.7339 13.27396142635046
FENGYUN 1C DEB          
1 35204U 99025DPL 26273.53999278  .00002832  00000+0  69878-3 0  9996
2 35204  98.9878 127.4228 0034547 164.7227 225.9465 14.52646820951627
FENGYUN 1C DEB          
1 35207U 99025DPP 26274.29416570  .00003049  00000+0  63609-3 0  9999
2 35207  98.7019  30.7235 0051305  80.1975 280.5012 14.59888037691677
FENGYUN 1C DEB          
1 35208U 99025DPQ 26273.80732728  .00000604  00000+0  41544-3 0  9990
2 35208  98.8802 289.9686 0105918  64.3305 296.8755 14.00421296946503
FENGYUN 1C DEB          
1 35210U 99025DPS 26274.53134916  .00002724  00000+0  92570-3 0  9999
2 35210  99.0909 299.1431 0048931 104.3773  51.0821 14.36808299943236
FENGYUN 1C DEB          
1 35217U 99025DPZ 26273.20669103  .00001380  00000+0  14728-2 0  9995
2 35217 101.8858 254.0886 0299893 340.9472  18.0633 13.58607214651766
FENGYUN 1C DEB          
1 35220U 99025DQC 26274.20266026  .00001602  00000+0  70686-3 0  9990
2 35220  99.0122 356.5081 0044934 187.4454 172.6062 14.24267359673443
FENGYUN 1C DEB          
1 35223U 99025DQF 26274.54252710  .00002285  00000+0  19977-3 0  9999
2 35223  98.9739 302.1198 0122101 107.6606 253.7985 14.92463801982454
FENGYUN 1C DEB          
1 35229U 99025DQM 26272.50905970  .00010855  00000+0  16240-2 0  9993
2 35229  98.4456   5.9510 0033875  23.0378 337.2339 14.74495235687733
FENGYUN 1C DEB          
1 35231U 99025DQP 26273.37452058 -.00000017  00000+0  13549-4 0  9997
2 35231  98.6805 314.0443 0036425 333.7196  26.2129 14.14548090956258
FENGYUN 1C DEB          
1 35233U 99025DQR 26273.27933635  .00002490  00000+0  71710-3 0  9992
2 35233  98.7767  26.2427 0040657 111.5646 278.4673 14.45183713953833
FENGYUN 1C DEB          
1 35234U 99025DQS 26274.53896769  .00002233  00000+0  37153-3 0  9997
2 35234  98.0434 302.3510 0097299  56.5467 304.4994 14.67974709986482
FENGYUN 1C DEB          
1 35236U 99025DQU 26263.58442415  .00001254  00000+0  34638-3 0  9994
2 35236  98.8254 206.9452 0085325  66.4156 294.5967 14.46513079 16342
FENGYUN 1C DEB          
1 35239U 99025DQX 26274.40745100  .00000484  00000+0  50690-3 0  9997
2 35239  99.2981  69.7752 0221633 327.3406  31.4196 13.69903042621370
FENGYUN 1C DEB          
1 35240U 99025DQY 26274.41451558  .00001697  00000+0  73359-3 0  9995
2 35240  99.3650 260.7645 0047584  40.3028 320.1661 14.25280188973314
FENGYUN 1C DEB          
1 35241U 99025DQZ 26270.21188676  .00002148  00000+0  12943-2 0  9991
2 35241  98.6327 189.4466 0135790 117.8566 243.6435 14.03182910916506
FENGYUN 1C DEB          
1 35242U 99025DRA 26274.65437882  .00001111  00000+0  12830-2 0  9994
2 35242  99.9633 334.0134 0308424 182.4092 331.2030 13.53008199620876
FENGYUN 1C DEB          
1 35243U 99025DRB 26273.60356599  .00008904  00000+0  72070-3 0  9994
2 35243  98.8778  34.8429 0049474  35.5678 324.8822 14.99072483953573
FENGYUN 1C DEB          
1 35244U 99025DRC 26274.57676951  .00000257  00000+0  17522-3 0  9993
2 35244  98.8103 312.7304 0071471  55.7440 305.0471 14.07099480699392
FENGYUN 1C DEB          
1 35245U 99025DRD 26274.54447689  .00001645  00000+0  86418-3 0  9997
2 35245  99.0795   9.6615 0059795 165.3700 209.1142 14.14652576919159
FENGYUN 1C DEB          
1 35247U 99025DRF 26265.48533342  .00002008  00000+0  61252-3 0  9997
2 35247  98.6609 354.1777 0047978 285.0570  74.5313 14.42423930 40219
FENGYUN 1C DEB          
1 36142U 99025DRP 26274.53643196  .00000975  00000+0  77997-3 0  9991
2 36142  98.4191 188.5645 0207772 264.6404  93.1019 13.83476914662113
FENGYUN 1C DEB          
1 36147U 99025DRU 26273.87040866  .00000660  00000+0  63595-3 0  9997
2 36147  98.5015 304.4528 0438173 231.8221 124.2682 13.47247535639309
FENGYUN 1C DEB          
1 36148U 99025DRV 26273.75641957  .00001749  00000+0  11306-2 0  9994
2 36148  98.4126 100.7688 0275490 267.4839  89.4759 13.87092495942904
FENGYUN 1C DEB          
1 36152U 99025DRZ 26274.35066378  .00001020  00000+0  50847-3 0  9990
2 36152  98.7349 314.6780 0055603  94.4232 266.3299 14.18294270683036
FENGYUN 1C DEB          
1 36153U 99025DSA 26268.52671170  .00005591  00000+0  13435-2 0  9993
2 36153  98.5960  10.1485 0029678 254.1529 105.6394 14.53508591691258
FENGYUN 1C DEB          
1 36160U 99025DSH 26267.74314332  .00000245  00000+0  13786-3 0  9999
2 36160  98.1362  88.7048 0135355  44.6299 316.5678 14.13473461640929
FENGYUN 1C DEB          
1 36162U 99025DSK 26250.11015094  .00002350  00000+0  11146-2 0  9993
2 36162  97.6216  10.9096 0246267  66.5184 296.1663 14.05562156742880
FENGYUN 1C DEB          
1 36163U 99025DSL 26270.90141251  .00007892  00000+0  13848-2 0  9995
2 36163  99.0722 149.2939 0031888 275.0372  84.7189 14.67709462934189
FENGYUN 1C DEB          
1 36167U 99025DSQ 26270.58614580  .00002217  00000+0  55512-3 0  9994
2 36167  98.8093 196.0637 0068901  91.4384 269.4704 14.51095580714661
FENGYUN 1C DEB          
1 36173U 99025DSW 26274.07759036  .00000450  00000+0  18477-3 0  9991
2 36173  98.2464 218.4468 0147555  44.3855 316.9043 14.25608336632559
FENGYUN 1C DEB          
1 36177U 99025DTA 26270.36124010  .00001257  00000+0  60739-3 0  9995
2 36177  98.6060 304.3210 0040775  96.1555 264.4270 14.19850639281239
FENGYUN 1C DEB          
1 36180U 99025DTD 26269.89458301  .00000675  00000+0  26517-3 0  9997
2 36180  98.4217 325.9205 0207998 271.7514  85.9853 14.21428252746768
FENGYUN 1C DEB          
1 36182U 99025DTF 26274.13080896  .00001599  00000+0  55816-3 0  9992
2 36182  99.1018 222.6161 0020640 310.7933  49.1461 14.36690932921536
FENGYUN 1C DEB          
1 36184U 99025DTH 26269.75832563  .00001575  00000+0  84311-3 0  9998
2 36184  98.5627 251.0812 0126363 239.2437 119.6241 14.10500721665722
FENGYUN 1C DEB          
1 36188U 99025DTM 26274.28960520  .00005080  00000+0  89665-3 0  9993
2 36188  98.5926  32.2433 0043605 117.4898 243.0748 14.67312857923343
FENGYUN 1C DEB          
1 36196U 99025DTV 26273.81719642  .00003777  00000+0  96298-3 0  9998
2 36196  99.0663 120.5126 0026930  16.7307 343.4768 14.51019392689723
FENGYUN 1C DEB          
1 36197U 99025DTW 26261.43617588  .00002039  00000+0  79854-3 0  9999
2 36197  98.6899 335.4843 0051289  77.9731 282.7193 14.29841579656342
FENGYUN 1C DEB          
1 36198U 99025DTX 26274.50555206  .00001459  00000+0  82787-3 0  9994
2 36198  98.6019 295.7419 0095537   5.6919 354.5314 14.09181900677095
FENGYUN 1C DEB          
1 36199U 99025DTY 26272.98996682  .00000280  00000+0  11937-3 0  9992
2 36199  98.2770 285.0157 0090294 284.0418  75.0741 14.30010265691420
FENGYUN 1C DEB          
1 36200U 99025DTZ 26268.54402717  .00025127  00000+0  41702-2 0  9992
2 36200  99.3850  27.4401 0030193 217.5232 142.3862 14.69857714775594
FENGYUN 1C DEB          
1 36203U 99025DUC 26269.78333761  .00007950  00000+0  92273-3 0  9998
2 36203  99.1220 257.7733 0074665 325.4692  34.1680 14.83726404676934
FENGYUN 1C DEB          
1 36204U 99025DUD 26271.16299848  .00001737  00000+0  61169-3 0  9998
2 36204  99.3045  35.4284 0018411  45.7400 314.5291 14.36184148985803
FENGYUN 1C DEB          
1 36206U 99025DUF 26273.77793149  .00000564  00000+0  27160-3 0  9992
2 36206  98.4616 290.3413 0028896 246.4688 113.3454 14.22257184685710
FENGYUN 1C DEB          
1 36207U 99025DUG 26269.93316207  .00002098  00000+0  12372-2 0  9994
2 36207  98.5839 143.8083 0138329 232.2277 126.6296 14.04245179640087
FENGYUN 1C DEB          
1 36211U 99025DUL 26272.75135938  .00000714  00000+0  21562-3 0  9998
2 36211  98.5242 263.3548 0266010  95.5174 267.6407 14.26887935985188
FENGYUN 1C DEB          
1 36216U 99025DUR 26273.78327435  .00000281  00000+0  15329-3 0  9995
2 36216  98.5928 290.3316 0043377 253.3374 106.3039 14.19203061685149
FENGYUN 1C DEB          
1 36218U 99025DUT 26274.62543704  .00002205  00000+0  33181-3 0  9994
2 36218  99.0465 154.4291 0069922 105.1057 255.7897 14.74047008634548
FENGYUN 1C DEB          
1 36222U 99025DUX 26274.41255609  .00001840  00000+0  53100-3 0  9997
2 36222  98.4921 343.7407 0041952 271.4493  88.1893 14.45327589693552
FENGYUN 1C DEB          
1 36224U 99025DUZ 26269.35613548  .00000124  00000+0  85053-4 0  9993
2 36224  98.7409 315.4879 0113640 253.4325 105.4341 14.12882294684931
FENGYUN 1C DEB          
1 36225U 99025DVA 26273.72881652  .00059911  00000+0  14573-2 0  9998
2 36225  98.8288  90.4912 0019258  18.9995 341.1961 15.40564517712142
FENGYUN 1C DEB          
1 36226U 99025DVB 26273.88524188  .00001228  00000+0  67221-3 0  9991
2 36226  98.5895 308.9936 0093710 267.6215  91.4226 14.11503460678822
FENGYUN 1C DEB          
1 36229U 99025DVE 26272.05166815  .00001954  00000+0  11143-2 0  9998
2 36229 100.9133 197.1076 0103576  80.5629 280.7224 14.08623750673416
FENGYUN 1C DEB          
1 36230U 99025DVF 26274.43928526  .00000731  00000+0  67252-3 0  9994
2 36230  99.5142 354.3623 0213249  97.2594 265.2849 13.76236231659111
FENGYUN 1C DEB          
1 36231U 99025DVG 26273.75267397  .00000050  00000+0  50118-4 0  9999
2 36231  98.7254 245.3074 0059993 221.4428 138.2186 14.12131831896642
FENGYUN 1C DEB          
1 36232U 99025DVH 26273.72286013  .00000235  00000+0  14073-3 0  9997
2 36232  98.7351 255.1423 0116971 276.9381  81.8498 14.12794089658589
FENGYUN 1C DEB          
1 36234U 99025DVK 26274.38008265  .00000105  00000+0  17654-3 0  9997
2 36234  98.9635 319.0769 0316884   9.2193 351.4577 13.45811711918832
FENGYUN 1C DEB          
1 36236U 99025DVM 26274.34507269  .00000133  00000+0  14888-3 0  9990
2 36236  98.8178 301.4047 0148485 289.1357  69.3775 13.82137445637895
FENGYUN 1C DEB          
1 36238U 99025DVP 26274.19395259  .00000051  00000+0  50680-4 0  9999
2 36238  98.6858 242.1071 0021313 165.0109 195.1700 14.12463897911466
FENGYUN 1C DEB          
1 36244U 99025DVV 26274.29804952  .00001803  00000+0  75253-3 0  9990
2 36244  98.9413  35.5429 0050072 161.0109 199.2953 14.26825614961480
FENGYUN 1C DEB          
1 36247U 99025DVY 26273.80108501  .00000454  00000+0  14789-3 0  9994
2 36247  98.2648 279.2129 0183586 240.8204 117.4506 14.34336992744489
FENGYUN 1C DEB          
1 36255U 99025DWG 26273.69559206  .00001194  00000+0  40433-3 0  9999
2 36255  99.4531 227.6405 0064566  38.8067  86.0761 14.37728582682044
FENGYUN 1C DEB          
1 36258U 99025DWK 26274.46811955  .00000793  00000+0  10021-3 0  9994
2 36258  99.0514 344.4042 0168035 292.8069  65.5464 14.76225236951399
FENGYUN 1C DEB          
1 36259U 99025DWL 26274.38930957  .00004765  00000+0  94419-3 0  9996
2 36259  98.7974  61.6770 0003647 138.3707 250.2103 14.62770347764143
FENGYUN 1C DEB          
1 36260U 99025DWM 26274.22187081  .00000099  00000+0  72435-4 0  9994
2 36260  98.6706 273.2261 0016805 130.4694 229.7949 14.15546567919460
FENGYUN 1C DEB          
1 36261U 99025DWN 26274.04319301  .00000265  00000+0  36581-3 0  9993
2 36261 101.3587 209.9232 0354993 117.1416 246.6375 13.45688895883645
FENGYUN 1C DEB          
1 36262U 99025DWP 26273.52010980  .00000260  00000+0  12072-3 0  9991
2 36262  98.9246 166.0450 0060691 148.3590 212.1262 14.28126321936614
FENGYUN 1C DEB          
1 36263U 99025DWQ 26274.20361693  .00002568  00000+0  68824-3 0  9997
2 36263  98.9781 178.4310 0035904 106.2316 254.2831 14.48762699922169
FENGYUN 1C DEB          
1 36267U 99025DWU 26272.29406238  .00001291  00000+0  69816-3 0  9997
2 36267  98.5756 210.8582 0127490 103.0804  50.3276 14.10115805906230
FENGYUN 1C DEB          
1 36269U 99025DWW 26273.63423123  .00000646  00000+0  21184-3 0  9999
2 36269  99.1404 233.6965 0231408 157.7385 203.4041 14.28060954918813
FENGYUN 1C DEB          
1 36272U 99025DWZ 26274.42981570  .00000317  00000+0  15541-3 0  9991
2 36272  99.1009 163.5746 0167714 157.9407 202.9096 14.17694907677636
FENGYUN 1C DEB          
1 36273U 99025DXA 26264.49294843  .00000222  00000+0  13081-3 0  9990
2 36273  99.5682 160.7597 0095492 280.2018  78.8395 14.16849706702372
FENGYUN 1C DEB          
1 36274U 99025DXB 26273.07765369  .00002849  00000+0  11777-2 0  9997
2 36274  99.1338   4.1555 0059944 118.2095   5.0568 14.26558767671351
FENGYUN 1C DEB          
1 36278U 99025DXF 26274.08107727  .00000340  00000+0  18610-3 0  9999
2 36278  99.1303 205.3144 0060342 180.8726 179.2352 14.17786879976187
FENGYUN 1C DEB          
1 36279U 99025DXG 26267.72973186  .00000127  00000+0  86177-4 0  9990
2 36279  98.5956 239.6898 0061095 315.6863  43.9429 14.14861558930836
FENGYUN 1C DEB          
1 36280U 99025DXH 26274.33644539  .00000682  00000+0  40021-3 0  9997
2 36280  98.7430 300.5376 0061051 316.9461  55.7551 14.10515334904782
FENGYUN 1C DEB          
1 36281U 99025DXJ 26274.21958113  .00002243  00000+0  22474-2 0  9997
2 36281  99.2533 186.2528 0289452  78.6345 284.7164 13.61750645884963
FENGYUN 1C DEB          
1 36283U 99025DXL 26274.34242100  .00015209  00000+0  63098-3 0  9999
2 36283  99.4172 314.3153 0046673 168.8496 191.3781 15.23000505710979
FENGYUN 1C DEB          
1 36644U 99025DXN 26274.23228612  .00000342  00000+0  38522-3 0  9996
2 36644  98.4435  17.6893 0286251 131.8511 230.7451 13.59831825655425
FENGYUN 1C DEB          
1 36645U 99025DXP 26273.27088293  .00001151  00000+0  12158-2 0  9994
2 36645  98.5140  26.5400 0289952 358.4251   1.5954 13.59550357615079
FENGYUN 1C DEB          
1 36647U 99025DXR 26257.86873210  .00002460  00000+0  15836-2 0  9994
2 36647  96.1240 309.7292 0236203 213.0206 145.6024 13.90819101342488
FENGYUN 1C DEB          
1 36652U 99025DXW 26274.50558272  .00001964  00000+0  85026-3 0  9995
2 36652  98.9340   6.4288 0051216 228.4556 131.2224 14.24805057684911
FENGYUN 1C DEB          
1 36656U 99025DYA 26259.41838302  .00000704  00000+0  73895-3 0  9999
2 36656  97.4284 327.4204 0335044 138.8659 223.8268 13.55058505626050
FENGYUN 1C DEB          
1 36657U 99025DYB 26272.29982082  .00001572  00000+0  26939-3 0  9997
2 36657  99.4283 111.2260 0101059 263.9651  95.0026 14.67365892705156
FENGYUN 1C DEB          
1 36659U 99025DYD 26272.83030448  .00000356  00000+0  31735-3 0  9998
2 36659  99.8454 297.1271 0135105  28.7758 332.0765 13.87774539644623
FENGYUN 1C DEB          
1 36660U 99025DYE 26272.79973789  .00000540  00000+0  29682-3 0  9992
2 36660  98.6308 268.5631 0047911 118.3199 242.2820 14.15057308674979
FENGYUN 1C DEB          
1 36664U 99025DYJ 26273.31498517  .00000059  00000+0  43396-4 0  9990
2 36664  98.5823 293.7333 0171837 339.4696  19.9630 14.18071884678831
FENGYUN 1C DEB          
1 36668U 99025DYN 26271.24216244  .00000648  00000+0  34499-3 0  9996
2 36668  98.6077 276.8021 0052706 114.9251 245.7414 14.16014489615149
FENGYUN 1C DEB          
1 36675U 99025DYV 26272.87317520  .00002366  00000+0  65690-3 0  9999
2 36675  99.2253 298.0524 0024480 347.2634  12.7935 14.47391252714340
FENGYUN 1C DEB          
1 36676U 99025DYW 26274.53863479  .00000696  00000+0  20722-3 0  9995
2 36676  98.7518 187.5289 0094467 337.4285 198.7955 14.43972917692907
FENGYUN 1C DEB          
1 36678U 99025DYY 26267.17222848  .00000371  00000+0  12016-3 0  9995
2 36678  98.3278 245.4628 0149619 214.7849 144.3488 14.38545017690921
FENGYUN 1C DEB          
1 36679U 99025DYZ 26266.23212654  .00000354  00000+0  23814-3 0  9995
2 36679  98.8512 260.1856 0085670  18.1427 342.2766 14.05072577285433
FENGYUN 1C DEB          
1 36680U 99025DZA 26273.46175038  .00000425  00000+0  18656-3 0  9991
2 36680  98.5708 260.7979 0188961 125.8975  24.2507 14.19215602684348
FENGYUN 1C DEB          
1 36681U 99025DZB 26263.20948072  .00000587  00000+0  34906-3 0  9994
2 36681  98.7102 257.9491 0042174 270.2011  89.4328 14.10806050767268
FENGYUN 1C DEB          
1 36682U 99025DZC 26274.45592853  .00000534  00000+0  53137-3 0  9995
2 36682  98.4618 149.0185 0231478 214.7457 143.8388 13.70808217654025
FENGYUN 1C DEB          
1 36686U 99025DZG 26272.87707847  .00002284  00000+0  28281-3 0  9990
2 36686  98.9738 143.5942 0096865 217.9286 141.5074 14.80692483701568
FENGYUN 1C DEB          
1 36687U 99025DZH 26264.01735783  .00000413  00000+0  27395-3 0  9995
2 36687  98.6983 343.9599 0091177 192.0110 167.8884 14.04701927666854
FENGYUN 1C DEB          
1 36689U 99025DZK 26272.09120321  .00001249  00000+0  95096-3 0  9991
2 36689  98.4659 139.1346 0305289 233.6422 123.6203 13.75573082622032
FENGYUN 1C DEB          
1 36691U 99025DZM 26252.72167756  .00001980  00000+0  10862-2 0  9994
2 36691  98.6449 246.4800 0124939 187.1912 172.7471 14.09005351634233
FENGYUN 1C DEB          
1 36692U 99025DZN 26270.03907991  .00000578  00000+0  45265-3 0  9990
2 36692  99.9959 204.2259 0114245 330.6412  28.8359 13.93803647638217
FENGYUN 1C DEB          
1 36694U 99025DZQ 26258.36983085  .00000917  00000+0  42065-3 0  9994
2 36694  99.0454 312.9390 0101698 252.3760 106.6289 14.21213601675773
FENGYUN 1C DEB          
1 36695U 99025DZR 26272.74205786  .00000884  00000+0  18396-3 0  9991
2 36695  98.2541 250.3163 0253602 325.9043  32.6077 14.44472966937689
FENGYUN 1C DEB          
1 36696U 99025DZS 26272.30327507  .00002324  00000+0  71865-3 0  9991
2 36696  98.9792 300.9837 0023505 184.7261 175.3708 14.42136473685803
FENGYUN 1C DEB          
1 36699U 99025DZV 26273.82463284  .00000289  00000+0  13651-3 0  9992
2 36699  98.5777 266.2238 0093657   0.0094   0.1072 14.24617728774853
FENGYUN 1C DEB          
1 36701U 99025DZX 26265.42304989  .00001185  00000+0  10855-2 0  9997
2 36701 102.7531 317.3412 0255446 326.8408  31.6937 13.72580916650299
FENGYUN 1C DEB          
1 36703U 99025DZZ 26272.16084296  .00003429  00000+0  14341-2 0  9991
2 36703  97.8198  52.2918 0098194 165.2818 195.1259 14.24050044624011
FENGYUN 1C DEB          
1 36707U 99025EAD 26274.38375676  .00000720  00000+0  36815-3 0  9998
2 36707  98.7241 320.7374 0047944   3.5950 356.5561 14.18091363682263
FENGYUN 1C DEB          
1 36710U 99025EAG 26274.39867572  .00001817  00000+0  44620-3 0  9995
2 36710  98.3530 335.0495 0063539   7.5355 352.6780 14.52370088691989
FENGYUN 1C DEB          
1 36711U 99025EAH 26265.48786480  .00005664  00000+0  15006-2 0  9993
2 36711 100.7906   5.7598 0094520 135.8227 225.0554 14.46658574684084
FENGYUN 1C DEB          
1 36716U 99025EAN 26274.59619577  .00000118  00000+0  12318-3 0  9995
2 36716  99.2291 195.7013 0148598 160.2639 200.4352 13.88573990669959
FENGYUN 1C DEB          
1 36719U 99025EAR 26271.24154775  .00001814  00000+0  61218-3 0  9998
2 36719  98.5542  55.6571 0080247 330.2958  29.3684 14.36368271685058
FENGYUN 1C DEB          
1 36724U 99025EAW 26274.65273284  .00001589  00000+0  63440-3 0  9997
2 36724  99.4526 334.7920 0100757  86.1684  67.1348 14.27290868616481
FENGYUN 1C DEB          
1 36729U 99025EBB 26273.18084447  .00000147  00000+0  10555-3 0  9998
2 36729  98.7397 251.3964 0046519 148.6078 211.7885 14.10559451913607
FENGYUN 1C DEB          
1 36733U 99025EBF 26274.44509247  .00002087  00000+0  11142-2 0  9990
2 36733  99.3245 275.8104 0125610  33.5493 327.3552 14.10459580694626
FENGYUN 1C DEB          
1 36734U 99025EBG 26272.39282427  .00001701  00000+0  70413-3 0  9990
2 36734  99.0375 334.0553 0035322 105.4726 255.0359 14.27678087868798
FENGYUN 1C DEB          
1 36736U 99025EBJ 26274.49046005  .00001475  00000+0  61113-3 0  9990
2 36736  98.7912 354.3348 0057441  10.5333 349.7036 14.27235875927890
FENGYUN 1C DEB          
1 36743U 99025EBR 26271.95212627  .00001660  00000+0  64479-3 0  9995
2 36743  98.6323 323.1686 0046441 238.8961 120.7661 14.30649633648854
FENGYUN 1C DEB          
1 36986U 99025EBS 26255.68234757  .00002160  00000+0  10716-2 0  9994
2 36986  99.1334 333.5018 0085848 189.0604 170.9024 14.16367449856206
FENGYUN 1C DEB          
1 36987U 99025EBT 26274.51453141  .00000672  00000+0  88154-3 0  9996
2 36987 100.7969 183.2575 0319933  72.1854 291.3903 13.46240434648166
FENGYUN 1C DEB          
1 36990U 99025EBW 26273.36814249  .00000275  00000+0  32051-3 0  9996
2 36990  96.5669 131.1395 0288552 304.8700  52.5626 13.57227993868438
FENGYUN 1C DEB          
1 36994U 99025ECA 26274.10197082 -.00000004  00000+0  27615-4 0  9994
2 36994  98.6795 221.7694 0114660 208.7789 150.7014 13.90879065849712
FENGYUN 1C DEB          
1 36995U 99025ECB 26271.83924183  .00000174  00000+0  13121-3 0  9995
2 36995  98.3003 131.7175 0038768 204.4043 155.5292 14.04924837676304
FENGYUN 1C DEB          
1 36996U 99025ECC 26272.15780288  .00001744  00000+0  71148-3 0  9995
2 36996  98.2590  46.5285 0250772 230.4490 308.6367 14.12948165637913
FENGYUN 1C DEB          
1 37003U 99025ECK 26273.86390225  .00000747  00000+0  54651-3 0  9994
2 37003  98.8282 290.9375 0097119  76.4065  46.7284 13.96678324647346
FENGYUN 1C DEB          
1 37006U 99025ECN 26270.60362082  .00001586  00000+0  27920-3 0  9997
2 37006  99.2809 193.9052 0251349 108.7545 254.1097 14.50716726693003
FENGYUN 1C DEB          
1 37008U 99025ECQ 26274.57831100  .00000975  00000+0  58351-3 0  9994
2 37008  99.1619  42.4122 0059352 159.4815 200.8757 14.08673926644365
FENGYUN 1C DEB          
1 37012U 99025ECU 26272.34353187  .00001747  00000+0  10446-2 0  9996
2 37012  98.5336 116.7859 0186912 245.3602 112.7995 14.00030077630235
FENGYUN 1C DEB          
1 37017U 99025ECZ 26273.63059782  .00001155  00000+0  22970-3 0  9997
2 37017  98.8197 232.9562 0271011 213.7537 144.6140 14.43644739653695
FENGYUN 1C DEB          
1 37018U 99025EDA 26273.83853088  .00006829  00000+0  14686-2 0  9998
2 37018  98.4968 133.1658 0185178 115.9711 246.0689 14.48658324677489
FENGYUN 1C DEB          
1 37019U 99025EDB 26271.48230115  .00002050  00000+0  60956-3 0  9992
2 37019  98.5703 358.9759 0167645 186.0989 173.8159 14.36442734689184
FENGYUN 1C DEB          
1 37021U 99025EDD 26273.83150508  .00001087  00000+0  34509-3 0  9997
2 37021  98.3754 286.1671 0175456 103.5900  69.7388 14.33463310742370
FENGYUN 1C DEB          
1 37028U 99025EDL 26274.58890652  .00001816  00000+0  79532-3 0  9993
2 37028  99.2417 202.2404 0035006 348.8876  11.1525 14.24759876646437
FENGYUN 1C DEB          
1 37036U 99025EDU 26266.23364254  .00000320  00000+0  21537-3 0  9990
2 37036  98.7363 252.6143 0122871 337.9324  21.6580 14.03854183677393
FENGYUN 1C DEB          
1 37042U 99025EEA 26272.22656736  .00011440  00000+0  13088-2 0  9998
2 37042  98.6103  57.8666 0044571 185.4154 174.6583 14.85454525770979
FENGYUN 1C DEB          
1 37044U 99025EEC 26271.51447621  .00002574  00000+0  11333-2 0  9991
2 37044  98.9641   5.2347 0497778 112.3920 253.0744 13.73715654878334
FENGYUN 1C DEB          
1 37046U 99025EEE 26274.24822034  .00000771  00000+0  33879-3 0  9998
2 37046  98.5358 285.7830 0049368 171.7774 188.4227 14.25690565683481
FENGYUN 1C DEB          
1 37047U 99025EEF 26271.37018149  .00002087  00000+0  15280-2 0  9991
2 37047  99.1242 321.3045 0232999 157.2171 203.9529 13.84849293660908
FENGYUN 1C DEB          
1 37048U 99025EEG 26273.38663576  .00000161  00000+0  19506-3 0  9992
2 37048  98.8568 115.1867 0253754 105.5415  15.7587 13.65329037661492
FENGYUN 1C DEB          
1 37049U 99025EEH 26264.83191210  .00002652  00000+0  77831-3 0  9996
2 37049  99.2526 284.5254 0033799  78.7099 281.7885 14.44435708678212
FENGYUN 1C DEB          
1 37053U 99025EEM 26274.59047661  .00002540  00000+0  57127-3 0  9997
2 37053  99.1629  53.4359 0039376  10.8595  50.2171 14.57003730692981
FENGYUN 1C DEB          
1 37054U 99025EEN 26273.75156889  .00000319  00000+0  16250-3 0  9992
2 37054  98.5815 251.8028 0099651 341.8881  17.8755 14.19791071685727
FENGYUN 1C DEB          
1 37056U 99025EEQ 26274.36403147  .00000664  00000+0  11660-3 0  9997
2 37056  98.9492 321.2577 0264496 345.0365  14.3108 14.51493752696557
FENGYUN 1C DEB          
1 37057U 99025EER 26273.83661250  .00000359  00000+0  20640-3 0  9999
2 37057  98.9147 285.0058 0284329  54.2393 308.4854 13.96469680676748
FENGYUN 1C DEB          
1 37060U 99025EEU 26274.42248494  .00000069  00000+0  73933-4 0  9992
2 37060  99.0512 334.8416 0078812 260.2564  98.9694 14.00931980668048
FENGYUN 1C DEB          
1 37061U 99025EEV 26273.27543835  .00001645  00000+0  83564-3 0  9993
2 37061  98.0562 276.2138 0797035   1.8352 358.5410 13.15637683119862
FENGYUN 1C DEB          
1 37064U 99025EEY 26270.25032498  .00003984  00000+0  18203-2 0  9994
2 37064  98.9081  68.2776 0099372 358.2184   1.8623 14.19478644856247
FENGYUN 1C DEB          
1 37065U 99025EEZ 26273.98308875  .00001221  00000+0  12881-2 0  9991
2 37065 103.2832 196.8702 0297699 329.3685  29.0350 13.60303749261748
FENGYUN 1C DEB          
1 37067U 99025EFB 26267.14646178  .00007337  00000+0  42758-2 0  9995
2 37067  99.5055 226.6692 0141300  48.9839 312.3444 14.03930495614090
FENGYUN 1C DEB          
1 37069U 99025EFD 26274.36005904  .00000878  00000+0  10012-2 0  9996
2 37069  95.8435 126.6002 0418508 187.2247 172.2739 13.39101433916235
FENGYUN 1C DEB          
1 37077U 99025EFM 26270.06951227  .00000872  00000+0  26792-3 0  9993
2 37077  99.0212   6.3703 0095097 195.2363 164.5957 14.41820167891095
FENGYUN 1C DEB          
1 37079U 99025EFP 26271.19788760  .00008412  00000+0  14397-2 0  9995
2 37079  98.8685  73.4883 0009708 325.7391  34.3185 14.69075296688543
FENGYUN 1C DEB          
1 37081U 99025EFR 26274.19989909  .00010375  00000+0  33775-2 0  9991
2 37081  98.6799  66.1685 0247984 226.6412 131.3868 14.22887586627228
FENGYUN 1C DEB          
1 37400U 99025EFS 26271.93228558  .00000299  00000+0  24335-3 0  9998
2 37400  98.8416  88.7610 0401272  96.2520 268.4480 13.63960079841494
FENGYUN 1C DEB          
1 37404U 99025EFW 26272.77123836  .00000697  00000+0  26979-3 0  9996
2 37404  98.4596 273.3465 0044316  23.2582 151.5370 14.32553368869062
FENGYUN 1C DEB          
1 37406U 99025EFY 26272.40875206  .00001024  00000+0  59839-3 0  9999
2 37406  98.4175 129.1470 0147750 162.3007 323.6089 14.05040689673131
FENGYUN 1C DEB          
1 37415U 99025EGH 26273.45727191  .00000177  00000+0  25141-3 0  9991
2 37415  98.9839 359.1469 0285053 157.6196 203.7673 13.52251293662648
FENGYUN 1C DEB          
1 37417U 99025EGK 26269.78240729  .00000245  00000+0  16565-3 0  9997
2 37417  98.8173 260.3949 0078952 169.1724 191.1168 14.07658404724025
FENGYUN 1C DEB          
1 37418U 99025EGL 26269.30263750  .00000624  00000+0  15526-2 0  9991
2 37418  98.6056  70.4680 1072381 110.9727 260.9322 11.95476929529208
FENGYUN 1C DEB          
1 37421U 99025EGP 26274.24369113  .00000284  00000+0  35385-3 0  9992
2 37421  98.9106 199.6645 0408201  70.6995 293.7810 13.40766671648653
FENGYUN 1C DEB          
1 37422U 99025EGQ 26270.19470614  .00006199  00000+0  16343-2 0  9995
2 37422  98.8626  43.8337 0025841 243.0094 116.8459 14.49152603670045
FENGYUN 1C DEB          
1 37423U 99025EGR 26271.93005407  .00000709  00000+0  43584-3 0  9992
2 37423  98.7601 318.9649 0048575  63.5437 297.0704 14.08168142676934
FENGYUN 1C DEB          
1 37424U 99025EGS 26270.48007509  .00001397  00000+0  54429-3 0  9991
2 37424  97.2082 350.2967 0213773 138.2586 223.5128 14.19075990726674
FENGYUN 1C DEB          
1 37427U 99025EGV 26274.25098214  .00002753  00000+0  15876-3 0  9996
2 37427  98.6415  93.4764 0168296  55.6182 306.0826 15.02198438647092
FENGYUN 1C DEB          
1 37428U 99025EGW 26273.78246912  .00002604  00000+0  86826-3 0  9992
2 37428  97.6978 110.9805 0053047 293.4059  66.1557 14.37480076676286
FENGYUN 1C DEB          
1 37429U 99025EGX 26274.18470731  .00000418  00000+0  24903-3 0  9995
2 37429  98.6638 258.2408 0102001 248.4618 110.5656 14.10035537672078
FENGYUN 1C DEB          
1 37430U 99025EGY 26273.04615565  .00001857  00000+0  72135-3 0  9995
2 37430  98.7506 353.9212 0016400 291.7284  68.2153 14.31050311658657
FENGYUN 1C DEB          
1 37432U 99025EHA 26274.28341364  .00001492  00000+0  28671-3 0  9998
2 37432  98.1753 286.2989 0179692 102.2765 259.8616 14.55298578126296
FENGYUN 1C DEB          
1 37433U 99025EHB 26260.24096496  .00004474  00000+0  21127-2 0  9994
2 37433  98.0901  77.4206 0206811 131.1496 230.7728 14.09562841276552
FENGYUN 1C DEB          
1 37435U 99025EHD 26272.89866885  .00001063  00000+0  48326-3 0  9999
2 37435  98.6242 308.5874 0039209 247.2142 112.4892 14.23473453930808
FENGYUN 1C DEB          
1 37436U 99025EHE 26270.37066015  .00000676  00000+0  42580-3 0  9993
2 37436  98.9015 325.6911 0059388  61.6671 299.0471 14.06773517680562
FENGYUN 1C DEB          
1 37437U 99025EHF 26272.78936406  .00000494  00000+0  24062-3 0  9994
2 37437  98.6075 261.0743 0110411 288.5681 193.9626 14.19409437681193
FENGYUN 1C DEB          
1 37438U 99025EHG 26273.37133263  .00000585  00000+0  31618-3 0  9997
2 37438  98.7125 311.3210 0029943 108.7814 251.6613 14.16124414642628
FENGYUN 1C DEB          
1 37439U 99025EHH 26261.51850877  .00001501  00000+0  72466-3 0  9993
2 37439  99.0275 354.6627 0053093  21.9117  45.6313 14.19466710652299
FENGYUN 1C DEB          
1 37441U 99025EHK 26273.69962970  .00000422  00000+0  63441-3 0  9990
2 37441  99.1470  86.8158 0507669  78.1710 287.5866 13.14735519860087
FENGYUN 1C DEB          
1 37444U 99025EHN 26266.55354865  .00002772  00000+0  50754-3 0  9991
2 37444  99.0804  13.8854 0238089 216.5933 141.8792 14.50110963692764
FENGYUN 1C DEB          
1 37445U 99025EHP 26270.06736496  .00001179  00000+0  42610-3 0  9999
2 37445  99.2506   5.1789 0167870 184.3417 175.6315 14.28110121685540
FENGYUN 1C DEB          
1 37447U 99025EHR 26271.39893317  .00000818  00000+0  41010-3 0  9996
2 37447  98.7576 333.0201 0040584 119.6736 240.8490 14.18920717675673
FENGYUN 1C DEB          
1 37448U 99025EHS 26274.42535977  .00000901  00000+0  55013-3 0  9990
2 37448  99.2995 343.5901 0301250 352.4735   7.1953 13.88347935664356
FENGYUN 1C DEB          
1 37453U 99025EHX 26271.91640006  .00001417  00000+0  10756-2 0  9994
2 37453  97.6315 153.7019 0356103 170.8812 189.9041 13.68904697935930
FENGYUN 1C DEB          
1 37457U 99025EJB 26273.47263912  .00001895  00000+0  82041-3 0  9995
2 37457  99.0868 356.5584 0059381 318.2935  41.3723 14.24645076642226
FENGYUN 1C DEB          
1 37460U 99025EJE 26273.95436701  .00003074  00000+0  76381-3 0  9991
2 37460  98.3906  93.4898 0052945 117.0986 243.5624 14.51670185867246
FENGYUN 1C DEB          
1 37461U 99025EJF 26266.41523305  .00001235  00000+0  22042-2 0  9993
2 37461  99.8605 125.8343 0662351  61.8362 304.8027 12.79839941556750
FENGYUN 1C DEB          
1 37464U 99025EJJ 26273.80885053  .00001215  00000+0  11012-2 0  9991
2 37464 102.7143 282.4420 0449282 196.6302 161.9665 13.48727800648576
FENGYUN 1C DEB          
1 37474U 99025EJU 26269.51195531  .00009610  00000+0  11258-2 0  9999
2 37474  99.1291 158.6108 0120753 318.3947  40.8120 14.80126265666266
FENGYUN 1C DEB          
1 37476U 99025EJW 26264.04461324  .00000494  00000+0  13313-2 0  9995
2 37476  98.9480 204.5044 1076578  36.8004 330.2258 11.91565231708058
FENGYUN 1C DEB          
1 37477U 99025EJX 26272.23135475  .00001027  00000+0  49525-3 0  9999
2 37477  98.6098 274.0330 0037294 348.7641  11.2700 14.20440598860379
FENGYUN 1C DEB          
1 37478U 99025EJY 26273.69478214  .00000864  00000+0  13777-2 0  9999
2 37478  99.6588 231.4568 0549247   6.6582 354.1456 13.03916695603654
FENGYUN 1C DEB          
1 37588U 99025EKG 26268.33164534  .00001601  00000+0  82345-3 0  9991
2 37588  98.1297 295.1904 0080533 305.3143 119.1147 14.14869197623046
FENGYUN 1C DEB          
1 37589U 99025EKH 26272.96856068  .00002555  00000+0  13743-2 0  9990
2 37589  99.0670 182.8359 0111433 165.7125 194.7241 14.10627523866875
FENGYUN 1C DEB          
1 37591U 99025EKK 26273.70912130  .00006987  00000+0  13325-2 0  9998
2 37591  98.4056 228.4887 0058692 168.5034 313.5857 14.63207886707219
FENGYUN 1C DEB          
1 37593U 99025EKM 26263.50911144  .00002091  00000+0  61991-3 0  9996
2 37593  98.9956 159.2397 0147598   8.6743 116.0457 14.38373591901696
FENGYUN 1C DEB          
1 37594U 99025EKN 26271.87678322  .00000240  00000+0  15058-3 0  9991
2 37594  98.7077 297.9267 0086124 165.3614 195.0082 14.11354122818542
FENGYUN 1C DEB          
1 37595U 99025EKP 26274.64827729  .00014555  00000+0  16050-2 0  9993
2 37595  99.0376 165.6861 0016764 156.0909 232.8206 14.87527393669386
FENGYUN 1C DEB          
1 37600U 99025EKU 26274.19800547  .00002228  00000+0  12356-2 0  9998
2 37600  98.9255  62.3422 0347418 338.1083  20.5531 13.85762981925347
FENGYUN 1C DEB          
1 37682U 99025EKX 26270.90633638  .00001180  00000+0  11014-2 0  9994
2 37682  98.5860 252.3981 0225304 307.0948  50.9797 13.72966029664009
FENGYUN 1C DEB          
1 37683U 99025EKY 26271.42263979  .00001262  00000+0  10096-2 0  9990
2 37683  97.9814 133.9191 0581487 106.1125  17.5823 13.32982559330989
FENGYUN 1C DEB          
1 37686U 99025ELB 26273.23351032  .00000244  00000+0  35173-3 0  9995
2 37686  99.0240 263.4088 0396297  38.9914 336.1060 13.35580856645184
FENGYUN 1C DEB          
1 37687U 99025ELC 26270.25561552  .00003697  00000+0  20564-2 0  9997
2 37687  98.1877 275.3578 0325006 280.9070 138.4814 13.88094723872531
FENGYUN 1C DEB          
1 37689U 99025ELE 26274.13353318  .00003590  00000+0  87916-3 0  9996
2 37689  98.9076 337.4016 0019850  85.8836 274.4627 14.53033261620535
FENGYUN 1C DEB          
1 37690U 99025ELF 26273.34532672  .00000860  00000+0  43717-3 0  9990
2 37690  98.7370 315.0513 0041618 177.7152 242.1644 14.18019098678970
FENGYUN 1C DEB          
1 37691U 99025ELG 26274.57405755  .00011136  00000+0  12387-2 0  9994
2 37691  98.3547 187.7542 0246733 315.8477  42.3263 14.67667975899169
FENGYUN 1C DEB          
1 37693U 99025ELJ 26274.46257733  .00000664  00000+0  39835-3 0  9997
2 37693  98.7060 269.0790 0071135 329.0248 184.8584 14.09024647662704
FENGYUN 1C DEB          
1 37694U 99025ELK 26274.34378853  .00001682  00000+0  75143-3 0  9995
2 37694  98.1826 324.3685 0143103 320.3991  99.5577 14.18576476558509
FENGYUN 1C DEB          
1 37695U 99025ELL 26273.78592638  .00000551  00000+0  34588-3 0  9994
2 37695  98.1882 278.0826 0459536 198.3868 338.9760 13.65814843932379
FENGYUN 1C DEB          
1 37701U 99025ELS 26254.10929778  .00004268  00000+0  21716-2 0  9993
2 37701  97.6462   6.2448 0247992 143.3018 343.5032 14.01548162798759
FENGYUN 1C DEB          
1 37704U 99025ELV 26272.39658972  .00000866  00000+0  81803-3 0  9996
2 37704  98.3398  72.2122 0240417 118.1139 274.6626 13.71181360663471
FENGYUN 1C DEB          
1 37707U 99025ELY 26270.45656058  .00001346  00000+0  27232-3 0  9997
2 37707 100.1971 344.2711 0139746 263.6478 108.1645 14.57785655897713
FENGYUN 1C DEB          
1 37712U 99025EMD 26274.20178551  .00000672  00000+0  23361-3 0  9997
2 37712  98.8572  65.9741 0078348 209.4981 325.6503 14.37151862681609
FENGYUN 1C DEB          
1 37714U 99025EMF 26267.56772978  .00003021  00000+0  10677-2 0  9999
2 37714  98.9053  32.3114 0045686 324.3464  35.4670 14.34839967616054
FENGYUN 1C DEB          
1 37715U 99025EMG 26269.83652956  .00000556  00000+0  41511-3 0  9997
2 37715  98.9573 274.5706 0114466  41.1492  80.2517 13.95785023618225
FENGYUN 1C DEB          
1 37716U 99025EMH 26273.02276829  .00001545  00000+0  60484-3 0  9994
2 37716  98.6614 338.2064 0033314  78.9763  40.8338 14.30604837647335
FENGYUN 1C DEB          
1 37717U 99025EMJ 26273.82246706  .00018391  00000+0  97425-3 0  9996
2 37717  98.7498 272.9493 0034578 218.6179 264.1042 15.14958544937913
FENGYUN 1C DEB          
1 37719U 99025EML 26268.01492105  .00002215  00000+0  48214-3 0  9999
2 37719  99.4750 338.7416 0044170 126.0880 357.4140 14.58620450 44092
FENGYUN 1C DEB          
1 37899U 99025EMY 26270.38026201  .00001915  00000+0  15396-2 0  9991
2 37899  98.7872 109.4790 0204057 276.8957  80.9024 13.82532291596583
FENGYUN 1C DEB          
1 37900U 99025EMZ 26272.24033226  .00002269  00000+0  11952-2 0  9993
2 37900 102.3085  95.5587 0207863 240.2080 117.8260 14.05143698638925
FENGYUN 1C DEB          
1 37902U 99025ENB 26274.48541648  .00001274  00000+0  14134-2 0  9995
2 37902  98.6707 104.2101 0318542 271.3236  85.1436 13.53609679669362
FENGYUN 1C DEB          
1 37906U 99025ENF 26269.39746280  .00000289  00000+0  28708-3 0  9990
2 37906  99.5698 319.4859 0162088 352.5761  20.0402 13.81089231634261
FENGYUN 1C DEB          
1 37907U 99025ENG 26272.17282995  .00002332  00000+0  97723-3 0  9993
2 37907  99.0896  40.2544 0057328  72.3681 288.3748 14.26122559874095
FENGYUN 1C DEB          
1 37908U 99025ENH 26271.88803734  .00000685  00000+0  23869-3 0  9990
2 37908  99.1181 326.5158 0073473  30.3749 330.1663 14.37322119682289
FENGYUN 1C DEB          
1 37911U 99025ENL 26262.05610300  .00001223  00000+0  81532-3 0  9998
2 37911  99.2883 349.8327 0137640  63.6673 297.8551 13.98595706806262
FENGYUN 1C DEB          
1 37912U 99025ENM 26274.40759253  .00001967  00000+0  10304-2 0  9995
2 37912  99.2410 257.0086 0089173 322.3682  37.1272 14.13503284814209
FENGYUN 1C DEB          
1 37914U 99025ENP 26269.24685730  .00001270  00000+0  64086-3 0  9995
2 37914  99.2176 277.2456 0065719 262.9363  96.4333 14.17123519662592
FENGYUN 1C DEB          
1 37917U 99025ENS 26265.06131827  .00000966  00000+0  51834-3 0  9995
2 37917  98.9320   8.0593 0045236 326.0174  33.8104 14.14901459678297
FENGYUN 1C DEB          
1 37918U 99025ENT 26272.37554102  .00000768  00000+0  27997-3 0  9996
2 37918  99.0603 240.5141 0055147 152.3863 208.0269 14.35302415 77104
FENGYUN 1C DEB          
1 37919U 99025ENU 26265.59190164  .00000534  00000+0  23486-3 0  9997
2 37919  99.0843 218.9988 0047429 277.9268  81.6530 14.27325474689573
FENGYUN 1C DEB          
1 37920U 99025ENV 26273.18174958  .00001751  00000+0  72280-3 0  9994
2 37920  98.8278 354.9647 0054385  98.9089 291.7102 14.27275816682956
FENGYUN 1C DEB          
1 37921U 99025ENW 26271.93875306 -.00000027  00000+0  11251-4 0  9999
2 37921  98.9863 311.1700 0083600  23.8641 336.6362 13.95299032671940
FENGYUN 1C DEB          
1 37925U 99025EPA 26274.51057036  .00005013  00000+0  56435-3 0  9993
2 37925  99.0597 188.3562 0050029 135.9801 224.5412 14.86304033700248
FENGYUN 1C DEB          
1 37926U 99025EPB 26274.43525528  .00001431  00000+0  61099-3 0  9993
2 37926  98.7026 340.5215 0053010  93.5926 331.1632 14.25826100784393
FENGYUN 1C DEB          
1 37927U 99025EPC 26273.73812108  .00010903  00000+0  12278-2 0  9997
2 37927  98.8183  90.7674 0005131  62.0942 298.0790 14.86837445694366
FENGYUN 1C DEB          
1 37928U 99025EPD 26268.97633492  .00001078  00000+0  36186-3 0  9993
2 37928  98.8803 158.6539 0070134 266.5252  92.7910 14.38002013853193
FENGYUN 1C DEB          
1 38115U 99025EPL 26255.15826422  .00005235  00000+0  25992-2 0  9996
2 38115  97.6988  36.0306 0253713 169.9089 190.7314 14.02084822278483
FENGYUN 1C DEB          
1 38116U 99025EPM 26274.36326457  .00000254  00000+0  14271-3 0  9999
2 38116  98.6844 311.8267 0070897  28.4482 345.1010 14.17497779686300
FENGYUN 1C DEB          
1 38119U 99025EPQ 26272.42714520  .00004928  00000+0  18280-2 0  9994
2 38119  98.5888 341.3680 0221871 113.1489 249.3232 14.19909810581284
FENGYUN 1C DEB          
1 38121U 99025EPS 26273.74606988  .00000695  00000+0  26859-3 0  9990
2 38121  99.1474  80.8682 0203130  13.3301 347.3132 14.22920204880716
FENGYUN 1C DEB          
1 38122U 99025EPT 26271.95779478  .00001674  00000+0  37345-3 0  9997
2 38122  98.3237 272.9809 0223965 358.3467   1.6958 14.43860075719251
FENGYUN 1C DEB          
1 38124U 99025EPV 26269.93453206  .00000082  00000+0  14286-3 0  9993
2 38124  97.8110 162.8588 0355080 279.8058  76.3163 13.41053528584447
FENGYUN 1C DEB          
1 38125U 99025EPW 26274.40967045  .00000612  00000+0  87047-3 0  9997
2 38125 100.2149 343.7585 0407820 338.4031  20.0311 13.31328510857280
FENGYUN 1C DEB          
1 38130U 99025EQB 26273.04303019  .00001015  00000+0  89097-3 0  9992
2 38130  98.5889 302.4458 0206900 160.3510 200.5766 13.78224993732942
FENGYUN 1C DEB          
1 38135U 99025EQG 26267.41138899  .00000533  00000+0  19033-3 0  9990
2 38135  98.6243 325.3406 0219486 318.3172  40.1460 14.25951659651118
FENGYUN 1C DEB          
1 38136U 99025EQH 26255.35653859  .00001471  00000+0  10019-2 0  9995
2 38136  98.5608  94.3947 0140501  55.6606 305.7761 13.96688321126021
FENGYUN 1C DEB          
1 38137U 99025EQJ 26272.91178860  .00000331  00000+0  22481-3 0  9992
2 38137  98.8298 314.0274 0045030 332.8832  26.9985 14.06394925678014
FENGYUN 1C DEB          
1 38138U 99025EQK 26272.54205196  .00002759  00000+0  90190-3 0  9993
2 38138  98.8051  19.9453 0037259 190.3298 169.7127 14.38973737679822
FENGYUN 1C DEB          
1 38143U 99025EQQ 26273.97075905  .00000557  00000+0  36525-3 0  9996
2 38143  98.9934 332.9480 0056316 128.1120 232.5145 14.05391653643875
FENGYUN 1C DEB          
1 38144U 99025EQR 26269.23549019  .00001199  00000+0  12653-2 0  9991
2 38144  98.9896  75.0886 0289213 167.9526 192.8730 13.59675870649433
FENGYUN 1C DEB          
1 38146U 99025EQT 26273.61033953  .00001609  00000+0  25732-3 0  9994
2 38146  99.4917  41.3544 0192860 305.1745  65.5372 14.62079748361416
FENGYUN 1C DEB          
1 38147U 99025EQU 26261.83977997  .00000670  00000+0  30601-3 0  9999
2 38147  98.5509 273.4725 0049622 202.5374 157.3626 14.24106385643734
FENGYUN 1C DEB          
1 38148U 99025EQV 26274.52972009  .00001434  00000+0  95061-3 0  9999
2 38148  99.0616  30.2219 0153086  40.5418 320.7030 13.97489962637244
FENGYUN 1C DEB          
1 38149U 99025EQW 26274.20750174  .00000270  00000+0  12578-3 0  9991
2 38149  98.3818 258.4519 0078102  23.3470 337.1227 14.26215619746565
FENGYUN 1C DEB          
1 38155U 99025ERC 26273.52134029  .00003566  00000+0  13797-2 0  9991
2 38155  98.4357 172.6615 0097866 352.6800   7.2947 14.28074163679364
FENGYUN 1C DEB          
1 38157U 99025ERE 26269.58658036  .00002196  00000+0  68565-3 0  9995
2 38157  99.6610 209.3394 0270763  25.1478 336.2604 14.23072294803402
FENGYUN 1C DEB          
1 38158U 99025ERF 26271.86827979  .00000666  00000+0  65849-3 0  9996
2 38158  99.2640 294.3872 0214219  49.0050 312.9410 13.72312576608617
FENGYUN 1C DEB          
1 38159U 99025ERG 26266.95578332  .00000602  00000+0  40630-3 0  9998
2 38159  99.2915 170.1907 0055564 275.7881  83.6951 14.03824178871131
FENGYUN 1C DEB          
1 38163U 99025ERL 26260.89768686  .00000891  00000+0  55078-3 0  9995
2 38163  99.1025 304.2804 0076113 185.3111 174.7258 14.06527361284652
FENGYUN 1C DEB          
1 38166U 99025ERP 26274.18445374  .00003311  00000+0  11668-2 0  9997
2 38166  99.0833  36.2958 0051018 270.0449  89.4888 14.34797782679618
FENGYUN 1C DEB          
1 38168U 99025ERR 26264.50941183  .00002308  00000+0  78714-3 0  9994
2 38168  98.7928   7.5326 0038804 359.6127   0.5022 14.37000399685239
FENGYUN 1C DEB          
1 38169U 99025ERS 26274.28009238  .00004710  00000+0  62750-3 0  9999
2 38169  98.9868 286.1293 0024798 230.4177 129.4842 14.80014912655851
FENGYUN 1C DEB          
1 38172U 99025ERV 26274.52901964  .00000450  00000+0  56706-3 0  9998
2 38172 100.4278  27.1435 0279406 332.4271  26.2277 13.55014082656379
FENGYUN 1C DEB          
1 38173U 99025ERW 26272.55478131  .00002429  00000+0  69131-3 0  9999
2 38173  98.9859 191.6077 0158384 337.0033  22.4116 14.39249733648246
FENGYUN 1C DEB          
1 38491U 99025ESA 26261.23334904  .00000552  00000+0  34729-3 0  9994
2 38491  98.9391 264.6711 0224669 336.6456  22.4624 13.96695371703612
FENGYUN 1C DEB          
1 38492U 99025ESB 26273.41931653  .00001644  00000+0  98895-3 0  9999
2 38492  98.6149 331.2026 0223814  61.1361 301.2065 13.96313528600712
FENGYUN 1C DEB          
1 38493U 99025ESC 26257.56489126  .00000126  00000+0  11838-3 0  9997
2 38493  99.1107 204.4980 0425367 249.5583 105.9410 13.62581899602545
FENGYUN 1C DEB          
1 38494U 99025ESD 26256.75469486  .00004512  00000+0  15533-2 0  9993
2 38494  98.4581 192.6591 0370632 311.8111  45.1943 14.04188392110092
FENGYUN 1C DEB          
1 38495U 99025ESE 26255.23939735  .00001647  00000+0  15306-2 0  9999
2 38495  99.1556 263.7063 0249487 142.5475 219.3351 13.70425779648574
FENGYUN 1C DEB          
1 38496U 99025ESF 26274.24798277  .00000709  00000+0  40998-3 0  9990
2 38496  98.7622 281.5995 0075662 257.9463 101.3222 14.10737044851441
FENGYUN 1C DEB          
1 38498U 99025ESH 26271.71949929  .00000182  00000+0  36764-3 0  9994
2 38498  99.6971 265.5385 0555345 132.4175 232.5312 12.97055752575029
FENGYUN 1C DEB          
1 38499U 99025ESJ 26274.08883497  .00001163  00000+0  10144-2 0  9998
2 38499  98.4017 141.1464 0227314  72.4204 290.1641 13.76377469795808
FENGYUN 1C DEB          
1 38500U 99025ESK 26274.41977369  .00001749  00000+0  13656-2 0  9991
2 38500  98.6478 343.8740 0203010 155.2333 205.8736 13.84224575272628
FENGYUN 1C DEB          
1 38510U 99025ESV 26258.22741018  .00000735  00000+0  39063-3 0  9998
2 38510  98.6022 261.8471 0099013  79.3616 281.8690 14.13909907925765
FENGYUN 1C DEB          
1 38512U 99025ESX 26273.03526461  .00000695  00000+0  63727-3 0  9998
2 38512  98.3559 124.2479 0228009  39.4854 322.2668 13.74652605635713
FENGYUN 1C DEB          
1 38513U 99025ESY 26273.51838780  .00006715  00000+0  52353-3 0  9994
2 38513  97.5983 165.4272 0226072  10.6066 349.9801 14.83450353679730
FENGYUN 1C DEB          
1 38514U 99025ESZ 26265.73623801  .00002408  00000+0  82807-3 0  9998
2 38514  98.0458 274.7021 0248143 260.5971  96.7079 14.21037321920241
FENGYUN 1C DEB          
1 38516U 99025ETB 26274.21114973  .00000165  00000+0  69970-4 0  9993
2 38516  98.4723 256.8543 0109907 337.3939  22.2425 14.34255548890650
FENGYUN 1C DEB          
1 38519U 99025ETE 26270.22465766  .00001814  00000+0  13775-2 0  9994
2 38519  99.5544 257.5556 0170456 354.2972   5.6241 13.88611556887403
FENGYUN 1C DEB          
1 38717U 99025ETJ 26273.04243110  .00001521  00000+0  70673-3 0  9990
2 38717  99.1447 303.5231 0054313 243.1408 146.4614 14.21469758625632
FENGYUN 1C DEB          
1 38722U 99025ETP 26264.61173363  .00005338  00000+0  86668-3 0  9992
2 38722  99.3632  45.4779 0128752 318.1728  40.9687 14.66273462745996
FENGYUN 1C DEB          
1 38724U 99025ETR 26274.48062224  .00003594  00000+0  16381-2 0  9999
2 38724  98.7332 283.2587 0118485 312.8906  46.2369 14.18596064607703
FENGYUN 1C DEB          
1 38725U 99025ETS 26272.85290049  .00003661  00000+0  10137-2 0  9995
2 38725  98.8900  56.2829 0032576 109.7669 250.7040 14.46969284775576
FENGYUN 1C DEB          
1 38727U 99025ETU 26273.20310451  .00001554  00000+0  93567-3 0  9995
2 38727  98.6214 260.8217 0103817 119.0563 303.2234 14.05444299759257
FENGYUN 1C DEB          
1 38728U 99025ETV 26274.28801220  .00002202  00000+0  33050-3 0  9996
2 38728  99.2563 307.3800 0068692 231.0971 192.1100 14.74290331699179
FENGYUN 1C DEB          
1 38789U 99025EUD 26273.51199708  .00001014  00000+0  22743-3 0  9996
2 38789  98.8282 177.5916 0201427 229.7631 309.0306 14.47384407660641
FENGYUN 1C DEB          
1 38795U 99025EUK 26254.18828045  .00000631  00000+0  71715-3 0  9995
2 38795  98.7047 240.8924 0494194 298.5404  56.6821 13.30882081821352
FENGYUN 1C DEB          
1 38797U 99025EUM 26258.98241547  .00000015  00000+0  63788-4 0  9993
2 38797  99.4544 148.9129 0244228 232.9755 124.8819 13.61865269630560
FENGYUN 1C DEB          
1 38798U 99025EUN 26274.07734886  .00000095  00000+0  17397-3 0  9997
2 38798  98.8255   2.9514 0409169  99.1112 265.6534 13.29256645226180
FENGYUN 1C DEB          
1 38799U 99025EUP 26270.94607713  .00003094  00000+0  67117-3 0  9995
2 38799  98.3863 350.4785 0160822 186.6769 173.2284 14.51102731682300
FENGYUN 1C DEB          
1 38801U 99025EUR 26271.38621987  .00001073  00000+0  25415-3 0  9997
2 38801  98.3366 314.0258 0342435 218.9478 152.1154 14.26049377684875
FENGYUN 1C DEB          
1 38809U 99025EUZ 26270.23560693  .00000498  00000+0  20547-3 0  9995
2 38809  98.5873 276.5153 0220579 214.6379 144.0264 14.18854888732969
FENGYUN 1C DEB          
1 38813U 99025EVD 26273.83483678  .00000449  00000+0  23096-3 0  9994
2 38813  99.3447 292.5313 0006085  22.5892 337.5549 14.20702832523974
FENGYUN 1C DEB          
1 38817U 99025EVH 26262.77830660  .00000776  00000+0  84619-3 0  9997
2 38817  98.5761 103.4496 0290562  31.1984 330.6050 13.58469001696490
FENGYUN 1C DEB          
1 38818U 99025EVJ 26269.38177234  .00000694  00000+0  22394-3 0  9994
2 38818  98.2632 321.1668 0085509 313.3119 106.8907 14.40141659713877
FENGYUN 1C DEB          
1 38819U 99025EVK 26262.26662007  .00000454  00000+0  22639-3 0  9998
2 38819  98.6377 252.9618 0080963 104.9165 269.8154 14.19843171674580
FENGYUN 1C DEB          
1 38824U 99025EVQ 26272.64057127  .00002453  00000+0  11951-2 0  9993
2 38824  99.2990  63.6885 0093802 106.9317 254.2164 14.16845102732536
FENGYUN 1C DEB          
1 38827U 99025EVT 26273.77152467  .00000988  00000+0  28541-3 0  9999
2 38827  98.3680 292.6673 0214124 162.9733 197.8784 14.34252652652443
FENGYUN 1C DEB          
1 38829U 99025EVV 26272.32449003  .00000593  00000+0  35969-3 0  9990
2 38829  98.7385 284.8878 0039468 288.0805  71.6068 14.09725825682263
FENGYUN 1C DEB          
1 38832U 99025EVY 26274.37598061  .00001043  00000+0  65161-3 0  9998
2 38832  99.2434 329.5809 0084494 313.1537  46.2588 14.05371119678674
FENGYUN 1C DEB          
1 39537U 99025EWE 26264.35551864  .00001106  00000+0  90239-3 0  9992
2 39537  99.1716  48.5732 0171283 302.9200  55.5580 13.85348966631684
FENGYUN 1C DEB          
1 39540U 99025EWH 26271.33235166  .00001847  00000+0  23124-2 0  9996
2 39540 106.1827 313.0713 0399060 160.0101 275.8634 13.38006622729703
FENGYUN 1C DEB          
1 39541U 99025EWJ 26257.84422918  .00000755  00000+0  35916-3 0  9990
2 39541  98.6508 299.5339 0070297 356.0246   4.0364 14.21008442629236
FENGYUN 1C DEB          
1 39543U 99025EWL 26272.30188290  .00000645  00000+0  51228-3 0  9994
2 39543  99.0191 290.0588 0338211  97.2048 266.7673 13.70748743531656
FENGYUN 1C DEB          
1 39544U 99025EWM 26274.41179576  .00000186  00000+0  13780-3 0  9997
2 39544  98.7030 147.7399 0053044 266.4704  93.0397 14.05881370609675
FENGYUN 1C DEB          
1 40688U 99025EWU 26273.59535757  .00000245  00000+0  24001-3 0  9997
2 40688  99.0066  55.5237 0141039 325.9154  33.3004 13.84080848339543
FENGYUN 1C DEB          
1 40689U 99025EWV 26271.50363863  .00001297  00000+0  11752-2 0  9990
2 40689  99.1165 177.7123 0310802  67.8860 295.4970 13.65545170588371
FENGYUN 1C DEB          
1 40690U 99025EWW 26252.88614898  .00000048  00000+0  66179-4 0  9997
2 40690  99.3935 298.5089 0094157 132.1281 228.7930 13.95966549651587
FENGYUN 1C DEB          
1 40691U 99025EWX 26256.30782875  .00000104  00000+0  11217-3 0  9995
2 40691  99.0284 285.9282 0127677 285.5437  73.1657 13.90063343592506
FENGYUN 1C DEB          
1 40695U 99025EXB 26271.68008247  .00001404  00000+0  22108-3 0  9996
2 40695  99.4630  70.9129 0278016 191.8505 167.6055 14.51951853360728
FENGYUN 1C DEB          
1 40696U 99025EXC 26262.71897610 -.00000005  00000+0  27452-4 0  9996
2 40696  98.9832 247.5937 0078913 304.3613  55.0103 13.96868754596024
FENGYUN 1C DEB          
1 40999U 99025EXD 26257.42211043  .00000726  00000+0  47221-3 0  9998
2 40999  99.1029 328.8122 0057701 210.8778 148.8991 14.04965814854315
FENGYUN 1C DEB          
1 41003U 99025EXH 26273.63511818  .00016227  00000+0  16810-2 0  9991
2 41003  98.9692 232.3143 0055282  87.3848 273.3692 14.88986914567425
FENGYUN 1C DEB          
1 41005U 99025EXK 26270.85702073  .00001507  00000+0  84236-3 0  9992
2 41005  98.9362 286.9791 0569673  72.6549 293.6060 13.51680306562855
FENGYUN 1C DEB          
1 41006U 99025EXL 26272.16599917  .00001818  00000+0  14105-2 0  9992
2 41006 102.3672 240.1484 0183792  39.0635 322.3619 13.87007260615139
FENGYUN 1C DEB          
1 41007U 99025EXM 26272.35778341  .00001026  00000+0  82773-3 0  9992
2 41007  99.9530 322.5987 0167745   3.3907 356.8343 13.86690503614258
FENGYUN 1C DEB          
1 41008U 99025EXN 26274.21666958  .00000542  00000+0  32688-3 0  9992
2 41008  99.3574  59.7404 0501379 123.2158 241.8091 13.61553806604247
FENGYUN 1C DEB          
1 41009U 99025EXP 26272.25224672  .00003920  00000+0  91343-3 0  9994
2 41009  99.2030 280.5485 0010186 297.8949  62.1213 14.55432374632076
FENGYUN 1C DEB          
1 41011U 99025EXR 26274.46099559  .00001720  00000+0  29252-3 0  9992
2 41011  99.1326 346.8726 0303988 210.9053 147.3933 14.44639397613815
FENGYUN 1C DEB          
1 41016U 99025EXW 26273.97007015  .00001342  00000+0  66193-3 0  9993
2 41016  98.2474 332.9264 0143980  55.4635 306.0034 14.13664876641362
FENGYUN 1C DEB          
1 41018U 99025EXY 26258.07849966  .00001356  00000+0  15635-2 0  9997
2 41018  99.9536 208.6199 0304333 155.1432 206.4717 13.53112874919112
FENGYUN 1C DEB          
1 41822U 99025EXZ 26273.69767569  .00001531  00000+0  64365-3 0  9993
2 41822  98.7127 343.4228 0054501  94.0178 266.7235 14.26470561515337
FENGYUN 1C DEB          
1 41823U 99025EYA 26274.17477228  .00001403  00000+0  60820-3 0  9998
2 41823  98.6984 339.9379 0054540 101.6635 259.0672 14.25033524515211
FENGYUN 1C DEB          
1 41824U 99025EYB 26274.40599589  .00001496  00000+0  63704-3 0  9996
2 41824  98.7108 341.5886 0056761  99.7286 261.0311 14.25798904515289
FENGYUN 1C DEB          
1 41825U 99025EYC 26269.18384747  .00002164  00000+0  89657-3 0  9992
2 41825  98.7253 342.2609 0055114 106.9562 253.7669 14.26786127514458
FENGYUN 1C DEB          
1 41826U 99025EYD 26273.90662353  .00001390  00000+0  59973-3 0  9998
2 41826  98.7136 342.7085 0055227  98.0980 262.6470 14.25254068515208
FENGYUN 1C DEB          
1 41827U 99025EYE 26274.14726513  .00001551  00000+0  64419-3 0  9995
2 41827  98.7244 347.4966 0057176  87.5689 273.2035 14.27021281514994
FENGYUN 1C DEB          
1 41828U 99025EYF 26273.86593372  .00006770  00000+0  13872-2 0  9993
2 41828  98.9210  67.3896 0031310   6.4343 353.7251 14.60791000517176
FENGYUN 1C DEB          
1 41829U 99025EYG 26274.15623483  .00001541  00000+0  64332-3 0  9993
2 41829  98.7274 347.4894 0055334  90.6594 270.0927 14.26808363514755
FENGYUN 1C DEB          
1 41830U 99025EYH 26272.14566929  .00001720  00000+0  69629-3 0  9996
2 41830  98.7370 349.2300 0052822  93.3202 267.4024 14.28323077514171
FENGYUN 1C DEB          
1 41831U 99025EYJ 26274.41291413  .00001549  00000+0  65368-3 0  9997
2 41831  98.7155 344.7491 0055319  93.2008 267.5504 14.26254886514297
FENGYUN 1C DEB          
1 41832U 99025EYK 26274.40179724  .00001531  00000+0  65104-3 0  9996
2 41832  98.7096 341.5560 0055001  97.5946 263.1486 14.25887560515191
FENGYUN 1C DEB          
1 41833U 99025EYL 26274.15231337  .00001594  00000+0  65448-3 0  9998
2 41833  98.7307 348.3283 0053224  94.8374 265.8887 14.27677431515341
FENGYUN 1C DEB          
1 43213U 99025EYM 26273.14518246  .00001513  00000+0  64951-3 0  9996
2 43213  98.7151 340.6661 0054590 103.9867 256.7390 14.25425150445227
FENGYUN 1C DEB          
1 43214U 99025EYN 26274.15114515  .00001480  00000+0  63179-3 0  9994
2 43214  98.7167 342.1730 0054634 100.4096 260.3248 14.25745670445689
FENGYUN 1C DEB          
1 43358U 99025EYP 26274.21915871  .00000788  00000+0  10066-2 0  9990
2 43358  98.6926 358.6877 0364565 183.0458 176.8453 13.41054013576506
FENGYUN 1C DEB          
1 43359U 99025EYQ 26274.19394625  .00002290  00000+0  95945-3 0  9996
2 43359  99.0462   7.9607 0072972 252.5896 106.7295 14.25629571519130
FENGYUN 1C DEB          
1 45526U 99025EYR 26274.15721106  .00001764  00000+0  71931-3 0  9992
2 45526  98.7477 351.5391 0052867  93.7644 266.9584 14.27918893475473
FENGYUN 1C DEB          
1 45527U 99025EYS 26273.15288629  .00001600  00000+0  67578-3 0  9991
2 45527  98.7191 343.3673 0054558 101.6259 259.1051 14.26166532437317
FENGYUN 1C DEB          
1 46439U 99025EYU 26269.19332588  .00000422  00000+0  19364-3 0  9998
2 46439  98.5525 252.3531 0119155 291.8596  66.9945 14.22649383644505
FENGYUN 1C DEB          
1 46440U 99025EYV 26273.90478333  .00000247  00000+0  11576-3 0  9995
2 46440  98.5683 297.4433 0174818   9.6717 111.0326 14.20710541665174
FENGYUN 1C DEB          
1 46443U 99025EYY 26274.16652486  .00001582  00000+0  84405-3 0  9994
2 46443  99.2007 353.6740 0096484 255.8510 133.4794 14.12491384637223
FENGYUN 1C DEB          
1 46444U 99025EYZ 26274.23708657  .00000717  00000+0  29623-3 0  9995
2 46444  98.5207 273.8419 0083321  14.5172  46.5339 14.27832646667558
FENGYUN 1C DEB          
1 46447U 99025EZC 26271.80928717  .00000591  00000+0  20436-3 0  9992
2 46447  98.4753 264.4967 0161220 284.8314  73.5061 14.32510836833743
FENGYUN 1C DEB          
1 46448U 99025EZD 26264.01718140  .00002045  00000+0  88825-3 0  9997
2 46448  99.0701 337.9904 0063217  13.3297 346.9533 14.24250172659824
FENGYUN 1C DEB          
1 46449U 99025EZE 26273.53943662  .00000489  00000+0  20524-3 0  9996
2 46449  98.6139 305.6091 0203104 148.0170 213.3525 14.19680598617769
FENGYUN 1C DEB          
1 46450U 99025EZF 26269.80745598  .00002149  00000+0  11660-2 0  9996
2 46450  98.0640  99.9232 0179508 317.7644  40.9815 14.05444572651638
FENGYUN 1C DEB          
1 46451U 99025EZG 26274.50759451  .00003505  00000+0  13472-2 0  9993
2 46451  98.1471 276.7846 0165643  45.7274 105.2503 14.23699764611685
FENGYUN 1C DEB          
1 46468U 99025EZK 26274.06079951  .00001764  00000+0  73915-3 0  9996
2 46468  98.8802  10.6746 0044400 107.1861  18.3047 14.26784755779820
FENGYUN 1C DEB          
1 46986U 99025EZL 26258.83689327  .00001031  00000+0  27048-3 0  9995
2 46986  98.2183 280.0974 0105291  85.8800 275.4419 14.47988880674098
FENGYUN 1C DEB          
1 46987U 99025EZM 26274.36177988  .00004024  00000+0  10682-2 0  9997
2 46987  98.9202  65.0507 0031399 187.3594 172.7141 14.48957666615732
FENGYUN 1C DEB          
1 46989U 99025EZP 26265.73001459  .00002101  00000+0  16271-2 0  9993
2 46989  99.5252  74.7251 0232200 309.9549  61.0710 13.82038715749625
FENGYUN 1C DEB          
1 46990U 99025EZQ 26271.33841758  .00007887  00000+0  16095-2 0  9992
2 46990  98.2136 104.7422 0327748 280.4823 206.1504 14.32462298126656
FENGYUN 1C DEB          
1 46992U 99025EZS 26271.23455278  .00000188  00000+0  15049-3 0  9997
2 46992  98.9583 256.5102 0072549  77.4623 283.4645 14.01044488650109
FENGYUN 1C DEB          
1 46993U 99025EZT 26274.51805880  .00000308  00000+0  31452-3 0  9990
2 46993  98.7394  10.9838 0262188 243.9242 173.2028 13.69401532642644
FENGYUN 1C DEB          
1 46995U 99025EZV 26273.12064539  .00001144  00000+0  87329-3 0  9999
2 46995  98.5898 336.8267 0182575  39.8404 321.5996 13.87794834645085
FENGYUN 1C DEB          
1 46997U 99025EZX 26273.86528451  .00001155  00000+0  46955-3 0  9992
2 46997  98.5350 313.2892 0025566 194.6550 341.6640 14.29266540666224
FENGYUN 1C DEB          
1 47001U 99025FAB 26263.51864256  .00002137  00000+0  67432-3 0  9990
2 47001  99.2870 350.2641 0048962 304.7065  54.9514 14.40775837779696
FENGYUN 1C DEB          
1 47003U 99025FAD 26274.55626431  .00000288  00000+0  40713-3 0  9997
2 47003  98.8512 176.3309 0334487  41.4602 321.1399 13.42978479692362
FENGYUN 1C DEB          
1 47005U 99025FAF 26260.55943539  .00003017  00000+0  16081-2 0  9998
2 47005  99.6007  14.0846 0063196 190.1008 183.9943 14.13167418867033
FENGYUN 1C DEB          
1 47006U 99025FAG 26267.43192448  .00000126  00000+0  11591-3 0  9998
2 47006  99.1626 330.8657 0082021  14.2763 346.0691 13.98505336867609
FENGYUN 1C DEB          
1 47007U 99025FAH 26273.80808964  .00001872  00000+0  10440-2 0  9994
2 47007  98.1872 110.3332 0231499 309.9789  48.1251 13.99332703829315
FENGYUN 1C DEB          
1 47009U 99025FAK 26269.71286784  .00000020  00000+0  79909-4 0  9992
2 47009  98.9740 224.6454 0351549 261.7607  94.3520 13.37442524626587
FENGYUN 1C DEB          
1 47012U 99025FAN 26273.41296318  .00000218  00000+0  23220-3 0  9995
2 47012  98.7160 133.9394 0162769   0.9986 359.1463 13.78159060585900
FENGYUN 1C DEB          
1 47013U 99025FAP 26247.88774666  .00001549  00000+0  64570-3 0  9996
2 47013  98.0633 301.7526 0057280  95.6132 265.1586 14.26626688770521
FENGYUN 1C DEB          
1 47015U 99025FAR 26273.99170221  .00003860  00000+0  30500-3 0  9990
2 47015  98.6825   4.6628 0161890 249.7473 108.6275 14.91636822687332
FENGYUN 1C DEB          
1 47018U 99025FAU 26273.55779000  .00007358  00000+0  14356-2 0  9991
2 47018  98.9110  24.1658 0018757 187.6069 237.4797 14.63180673825699
FENGYUN 1C DEB          
1 47025U 99025FBB 26273.40368619  .00002438  00000+0  64132-3 0  9995
2 47025  99.0168 144.8027 0035329 206.4149 328.4402 14.49735011669635
FENGYUN 1C DEB          
1 47029U 99025FBF 26274.42304199  .00018917  00000+0  85726-3 0  9996
2 47029  98.9236 328.8136 0091652 103.1015 258.0462 15.17162330 74889
FENGYUN 1C DEB          
1 47036U 99025FBN 26274.35554590  .00000094  00000+0  69224-4 0  9991
2 47036  98.6842 315.6874 0067265 341.7939  31.2909 14.15323437640664
FENGYUN 1C DEB          
1 47041U 99025FBT 26272.95149896  .00042917  00000+0  12818-2 0  9995
2 47041  98.2200 330.9518 0006668 257.3080 102.7415 15.34462397756124
FENGYUN 1C DEB          
1 47042U 99025FBU 26273.60865951  .00000238  00000+0  12431-3 0  9998
2 47042  98.9787 182.2059 0053349 276.7227 205.1637 14.23120873666723
FENGYUN 1C DEB          
1 47100U 99025FBY 26274.02967049  .00002907  00000+0  65066-3 0  9998
2 47100  99.0106 121.0528 0081286 192.1547 167.7688 14.55528821310156
FENGYUN 1C DEB          
1 47101U 99025FBZ 26274.41879340  .00003319  00000+0  14264-2 0  9999
2 47101  98.8172 339.4423 0102581 296.5355  62.5335 14.22590101388176
FENGYUN 1C DEB          
1 47102U 99025FCA 26270.29036083  .00001487  00000+0  69501-3 0  9990
2 47102  98.4476 199.8243 0115917 298.4304 214.4409 14.18292943660294
FENGYUN 1C DEB          
1 47104U 99025FCC 26270.89816740  .00000222  00000+0  12562-3 0  9995
2 47104  98.8782 306.6398 0039982 226.7587 133.0249 14.19658778664759
FENGYUN 1C DEB          
1 48518U 99025FCG 26265.14757925  .00002568  00000+0  13331-2 0  9995
2 48518  99.2649 240.0512 0130799  28.2089 332.6086 14.11390403641655
FENGYUN 1C DEB          
1 49389U 99025FCJ 26262.28230283  .00002006  00000+0  12521-2 0  9994
2 49389  98.7248  84.9872 0134498 127.4246 233.9249 14.01461741267765
COSMOS 2251             
1 22675U 93036A   26274.34558901  .00000028  00000+0  19380-4 0  9993
2 22675  74.0386 141.2340 0024359 157.0319 203.1928 14.33271327739654
COSMOS 2251 DEB         
1 33757U 93036E   26274.43022453  .00000028  00000+0  19722-4 0  9994
2 33757  74.0365 149.2719 0013678  96.5020  76.9119 14.32639648921878
COSMOS 2251 DEB         
1 33758U 93036F   26274.39390323  .00001420  00000+0  34856-3 0  9995
2 33758  74.0287  22.9146 0016576  18.0183  43.1490 14.53237798925541
COSMOS 2251 DEB         
1 33760U 93036H   26274.29933203  .00000091  00000+0  40487-4 0  9998
2 33760  74.0294 104.4589 0019789 137.3178  35.9194 14.35816706923233
COSMOS 2251 DEB         
1 33761U 93036J   26274.42519365  .00000636  00000+0  19657-3 0  9992
2 33761  74.0342  68.7743 0022222  80.7045 310.1841 14.43203452924563
COSMOS 2251 DEB         
1 33762U 93036K   26274.38135035  .00000035  00000+0  22012-4 0  9999
2 33762  74.0403 134.9849 0014471 132.2409  42.8231 14.33735448922417
COSMOS 2251 DEB         
1 33764U 93036M   26274.47984082  .00000382  00000+0  12938-3 0  9995
2 33764  74.0310  91.8521 0022227 343.3231  45.9127 14.39986056923700
COSMOS 2251 DEB         
1 33765U 93036N   26274.44492985  .00019132  00000+0  61210-3 0  9999
2 33765  73.9974 277.4645 0048052 288.4318  71.1664 15.31219136940687
COSMOS 2251 DEB         
1 33766U 93036P   26274.52815711  .00000529  00000+0  18766-3 0  9993
2 33766  74.1866 322.8996 0061273  82.4466 278.3642 14.35704332919460
COSMOS 2251 DEB         
1 33768U 93036R   26274.03741628  .00000086  00000+0  95170-4 0  9999
2 33768  74.0666 107.9987 0366763 200.9525 320.9758 13.58644297872654
COSMOS 2251 DEB         
1 33779U 93036U   26273.57352045  .00004735  00000+0  68910-3 0  9996
2 33779  74.0439 321.7487 0017307 288.0081 190.1566 14.76082471928271
COSMOS 2251 DEB         
1 33782U 93036X   26274.52299041  .00000516  00000+0  16801-3 0  9997
2 33782  74.0304  95.7503 0020027  93.8464 297.2135 14.41060248923437
COSMOS 2251 DEB         
1 33785U 93036AA  26274.08697516  .00004823  00000+0  71176-3 0  9991
2 33785  73.8644 203.9635 0015395  87.3931 285.9665 14.75509507928139
COSMOS 2251 DEB         
1 33789U 93036AE  26274.51030936  .00000346  00000+0  24131-3 0  9995
2 33789  74.0629 310.3575 0240280 357.1373 154.4422 13.89123898891607
COSMOS 2251 DEB         
1 33791U 93036AG  26274.30043773  .00001095  00000+0  32440-3 0  9992
2 33791  74.1728 218.2058 0029150 321.1474 190.4062 14.44295221922749
COSMOS 2251 DEB         
1 33792U 93036AH  26274.34277978  .00000194  00000+0  20627-3 0  9996
2 33792  73.8984 237.8057 0432018 250.7398 265.7297 13.46240108863799
COSMOS 2251 DEB         
1 33793U 93036AJ  26274.56596245  .00000611  00000+0  24652-3 0  9998
2 33793  73.9824 337.3061 0076025  60.0802   9.0112 14.28502497913872
COSMOS 2251 DEB         
1 33795U 93036AL  26274.53623019  .00014171  00000+0  66319-3 0  9999
2 33795  74.0442 189.6513 0029231 200.3515 334.0103 15.19371681944492
COSMOS 2251 DEB         
1 33797U 93036AN  26274.52061240  .00000760  00000+0  16447-3 0  9998
2 33797  74.0464 197.9532 0062695 211.6461 322.2044 14.58893291932530
COSMOS 2251 DEB         
1 33798U 93036AP  26274.46005850  .00000161  00000+0  52058-4 0  9991
2 33798  74.0290 310.5454 0091265 358.9497  65.1679 14.44866112928217
COSMOS 2251 DEB         
1 33799U 93036AQ  26274.33736007  .00004589  00000+0  51652-3 0  9999
2 33799  74.0309 222.0588 0025194 224.3630 291.8006 14.86739014931501
COSMOS 2251 DEB         
1 33805U 93036AW  26274.28990557  .00000408  00000+0  92369-4 0  9990
2 33805  74.0284 114.5027 0061435 229.0704 130.5133 14.58429556934910
COSMOS 2251 DEB         
1 33811U 93036BC  26274.39467911  .00014859  00000+0  73731-3 0  9998
2 33811  73.8267  49.6181 0028560  72.0411 319.1521 15.17352856944402
COSMOS 2251 DEB         
1 33816U 93036BH  26274.59543534  .00000369  00000+0  27979-3 0  9995
2 33816  73.8960 328.8244 0266505 286.5334  70.6668 13.82154202887196
COSMOS 2251 DEB         
1 33818U 93036BK  26274.39170484  .00098978  00000+0  15078-2 0  9994
2 33818  74.0653 264.4312 0009292 219.1054 140.9491 15.54022994943393
COSMOS 2251 DEB         
1 33819U 93036BL  26274.33752267  .00001173  00000+0  41823-3 0  9993
2 33819  74.1799  40.1390 0087984 179.4220 210.5031 14.33109830916865
COSMOS 2251 DEB         
1 33821U 93036BN  26274.28352927  .00025880  00000+0  53044-3 0  9998
2 33821  74.0218 234.4658 0033854 193.7863 166.2427 15.45322385794919
COSMOS 2251 DEB         
1 33822U 93036BP  26274.37450419  .00000985  00000+0  47093-3 0  9990
2 33822  74.0691  36.3336 0152692  11.6247  47.8299 14.14465825901905
COSMOS 2251 DEB         
1 33823U 93036BQ  26274.60717801  .00000456  00000+0  27380-3 0  9998
2 33823  73.8125 355.7760 0206385  69.7586 358.0172 13.99525274897068
COSMOS 2251 DEB         
1 33825U 93036BS  26274.47502634  .00003180  00000+0  47008-3 0  9997
2 33825  73.9824 176.3555 0074887  73.1027 101.0326 14.73754679931876
COSMOS 2251 DEB         
1 33826U 93036BT  26274.31588786  .00002904  00000+0  65085-3 0  9991
2 33826  74.0635 218.1784 0082365 190.5205 323.8727 14.54997842920204
COSMOS 2251 DEB         
1 33828U 93036BV  26274.35892934  .00000670  00000+0  19861-3 0  9999
2 33828  74.0457  53.5623 0028223  54.6083 332.6073 14.45047965925397
COSMOS 2251 DEB         
1 33830U 93036BX  26274.38899992  .00002172  00000+0  28884-3 0  9990
2 33830  74.0328  14.9956 0040313  60.0455   4.4986 14.79832811937978
COSMOS 2251 DEB         
1 33832U 93036BZ  26274.31442277  .00002447  00000+0  47256-3 0  9994
2 33832  74.0561  10.0445 0024035 327.5399  88.6381 14.63830474927024
COSMOS 2251 DEB         
1 33835U 93036CC  26274.35113751  .00001756  00000+0  33046-3 0  9997
2 33835  74.0546 260.2533 0056423 238.6384 191.4905 14.64403869930708
COSMOS 2251 DEB         
1 33836U 93036CD  26274.35763177  .00004256  00000+0  51045-3 0  9998
2 33836  73.9966  39.1015 0022131 174.1000 217.4012 14.84210832684240
COSMOS 2251 DEB         
1 33837U 93036CE  26274.24617638  .00000510  00000+0  13473-3 0  9999
2 33837  74.0114 224.6354 0033586  12.2337 347.9632 14.51197454930380
COSMOS 2251 DEB         
1 33838U 93036CF  26274.10126896  .00000517  00000+0  14278-3 0  9997
2 33838  74.0374 321.9285 0026660   6.8424  19.3759 14.49056847928030
COSMOS 2251 DEB         
1 33839U 93036CG  26274.33636935  .00000414  00000+0  79254-4 0  9995
2 33839  74.0413   3.8899 0082920  40.9198  18.9883 14.65077928938642
COSMOS 2251 DEB         
1 33841U 93036CJ  26274.54012625  .00000252  00000+0  91333-4 0  9997
2 33841  74.0350  98.7877 0020010 112.5422 277.5263 14.38174337923238
COSMOS 2251 DEB         
1 33842U 93036CK  26274.38290066  .00000424  00000+0  13245-3 0  9993
2 33842  74.0344  36.1877 0045869  72.2752 288.3404 14.43196175925582
COSMOS 2251 DEB         
1 33844U 93036CM  26274.36633316  .00000459  00000+0  17040-3 0  9997
2 33844  74.0645 238.2322 0048684 190.2109 323.0658 14.34284008919206
COSMOS 2251 DEB         
1 33848U 93036CR  26274.46152969  .00001454  00000+0  41331-3 0  9998
2 33848  74.0301 172.1103 0042995 161.7967  12.9758 14.45721306920594
COSMOS 2251 DEB         
1 33892U 93036CV  26274.40777693  .00000666  00000+0  28159-3 0  9995
2 33892  73.8003 287.7296 0115904 267.0106 209.6167 14.24095576911208
COSMOS 2251 DEB         
1 33894U 93036CX  26274.37935408  .00000461  00000+0  49070-3 0  9991
2 33894  73.7625 256.1332 0568000 134.2272 230.6941 13.22008799845745
COSMOS 2251 DEB         
1 33896U 93036CZ  26274.28943318  .00000537  00000+0  24679-3 0  9994
2 33896  73.7686 345.1893 0122707 112.1092 311.6474 14.19757345908915
COSMOS 2251 DEB         
1 33899U 93036DC  26274.62459669  .00001287  00000+0  25103-3 0  9992
2 33899  74.0505 245.3194 0057918 232.6792 246.8385 14.63043009931205
COSMOS 2251 DEB         
1 33900U 93036DD  26274.40355476  .00000707  00000+0  15368-3 0  9990
2 33900  74.0181 161.7385 0048557 239.6129 236.4294 14.59336151933047
COSMOS 2251 DEB         
1 33905U 93036DJ  26274.07497440  .00000687  00000+0  24009-3 0  9995
2 33905  73.8848 135.1353 0056649 322.2276 190.2740 14.36274653918838
COSMOS 2251 DEB         
1 33906U 93036DK  26274.58739657  .00002713  00000+0  55586-3 0  9997
2 33906  74.0269 122.9842 0034637  88.7293 302.8602 14.60879876922807
COSMOS 2251 DEB         
1 33907U 93036DL  26274.28740883  .00001657  00000+0  56595-3 0  9995
2 33907  74.0673 220.7617 0116299 205.9503 305.5134 14.33388881907686
COSMOS 2251 DEB         
1 33908U 93036DM  26274.35503672  .00000957  00000+0  45286-3 0  9994
2 33908  73.8368  45.5683 0219333  16.2048 344.5956 14.09167786895932
COSMOS 2251 DEB         
1 33911U 93036DQ  26274.29006699  .00004195  00000+0  54054-3 0  9999
2 33911  74.0890 308.7649 0009668 182.3697 304.3400 14.81355662929688
COSMOS 2251 DEB         
1 33912U 93036DR  26274.26323279  .00001074  00000+0  26476-3 0  9993
2 33912  74.0356 357.8962 0011293   0.2214  65.8029 14.53363766926810
COSMOS 2251 DEB         
1 33913U 93036DS  26274.50215120  .00000672  00000+0  18036-3 0  9992
2 33913  74.0359 354.6303 0046777  23.2212 349.9584 14.49444403926989
COSMOS 2251 DEB         
1 33914U 93036DT  26274.38641556  .00000398  00000+0  33222-3 0  9994
2 33914  74.0877 252.6127 0305122 287.3737 226.6510 13.72294396880958
COSMOS 2251 DEB         
1 33915U 93036DU  26274.55780157  .00000553  00000+0  18844-3 0  9991
2 33915  74.0421 217.1093 0107081 237.7471 238.9281 14.35738429919594
COSMOS 2251 DEB         
1 33916U 93036DV  26274.39838200  .00000261  00000+0  22769-3 0  9994
2 33916  74.0490 279.6460 0323229  26.2330  79.2995 13.68823820878958
COSMOS 2251 DEB         
1 33917U 93036DW  26274.50944078  .00000796  00000+0  63053-3 0  9993
2 33917  74.1081   2.0109 0331731  33.4678 328.6927 13.70055559877422
COSMOS 2251 DEB         
1 33920U 93036DZ  26274.27068586  .00002404  00000+0  48274-3 0  9998
2 33920  74.0576 100.6363 0033411  37.7958 322.5546 14.61885979923850
COSMOS 2251 DEB         
1 33922U 93036EB  26274.22890218  .00000464  00000+0  12585-3 0  9990
2 33922  74.0472 318.9327 0023002 351.1111  78.0159 14.50265677928178
COSMOS 2251 DEB         
1 33924U 93036ED  26274.14826535  .00000282  00000+0  28422-3 0  9999
2 33924  73.9129 160.0573 0401476 142.3487 220.6462 13.50538013866862
COSMOS 2251 DEB         
1 33928U 93036EH  26274.28576444  .00000441  00000+0  12408-3 0  9993
2 33928  73.9245 221.4944 0058760  93.0300 267.7585 14.47914560928789
COSMOS 2251 DEB         
1 33932U 93036EM  26274.05391872  .00000533  00000+0  17846-3 0  9996
2 33932  74.0324 136.4565 0036146 145.2516 215.1010 14.39406855922037
COSMOS 2251 DEB         
1 33933U 93036EN  26274.33828209  .00000341  00000+0  12780-3 0  9996
2 33933  74.0866 246.5786 0071671 182.2272 177.8573 14.33972822919781
COSMOS 2251 DEB         
1 33934U 93036EP  26274.37358595  .00001644  00000+0  34129-3 0  9995
2 33934  74.0340 262.0411 0017647 301.9188  58.0261 14.60907092930106
COSMOS 2251 DEB         
1 33936U 93036ER  26274.18618849  .00001288  00000+0  26250-3 0  9997
2 33936  74.0168 197.7293 0028846 274.9321  84.8553 14.61827436931611
COSMOS 2251 DEB         
1 33938U 93036ET  26274.40542503  .00000716  00000+0  20128-3 0  9990
2 33938  74.0470  20.3056 0015969  28.2045  38.5406 14.47633795926346
COSMOS 2251 DEB         
1 33939U 93036EU  26274.43710092  .00282410  00000+0  35356-2 0  9995
2 33939  73.9838 184.4766 0019689 173.6714 186.4756 15.58544355932034
COSMOS 2251 DEB         
1 33940U 93036EV  26274.13052106  .00001509  00000+0  31383-3 0  9994
2 33940  74.0377 305.6077 0013376 305.3101 118.6269 14.60936148928611
COSMOS 2251 DEB         
1 33942U 93036EX  26274.50254061  .00000255  00000+0  92108-4 0  9991
2 33942  74.0337  95.4912 0019780 112.1657 278.7766 14.38300503923436
COSMOS 2251 DEB         
1 33944U 93036EZ  26274.03990750  .00000333  00000+0  11105-3 0  9997
2 33944  74.0386 130.9184 0112889 159.7441   1.3576 14.37780240922280
COSMOS 2251 DEB         
1 33945U 93036FA  26274.01324469  .00000119  00000+0  50958-4 0  9996
2 33945  74.0281 130.6358 0022354 151.6898 208.5474 14.34777541922071
COSMOS 2251 DEB         
1 33948U 93036FD  26274.59073070  .00000176  00000+0  69469-4 0  9991
2 33948  74.0339 127.7001 0022821 137.5300 222.7624 14.35879440922268
COSMOS 2251 DEB         
1 33971U 93036FE  26274.42620580  .00000377  00000+0  12757-3 0  9993
2 33971  74.0231  72.5855 0017989 106.8207 282.7928 14.40135890923526
COSMOS 2251 DEB         
1 33972U 93036FF  26274.53951196  .00001912  00000+0  58092-3 0  9994
2 33972  73.9962  10.0751 0119201 109.4630 265.0226 14.38765352912822
COSMOS 2251 DEB         
1 33973U 93036FG  26274.49298285  .00000197  00000+0  62932-4 0  9996
2 33973  74.0059 276.1647 0045482  22.7302 134.0604 14.45619143928302
COSMOS 2251 DEB         
1 33975U 93036FJ  26274.11614088  .00000128  00000+0  87741-4 0  9999
2 33975  73.7992 290.3241 0190097  12.0780 348.4815 14.00870697899237
COSMOS 2251 DEB         
1 33980U 93036FP  26274.33704815  .00001539  00000+0  32413-3 0  9999
2 33980  74.0185 220.9396 0030132 287.3308 229.3422 14.60114126930632
COSMOS 2251 DEB         
1 33982U 93036FR  26274.42958741  .00000745  00000+0  15114-3 0  9997
2 33982  74.0694 161.7104 0073766 131.2515  40.8262 14.61324455934333
COSMOS 2251 DEB         
1 33983U 93036FS  26274.51749052  .00000683  00000+0  17720-3 0  9997
2 33983  74.0497 316.6652 0021417 339.9832  90.0007 14.51566241928763
COSMOS 2251 DEB         
1 33984U 93036FT  26274.61466164  .00001480  00000+0  25927-3 0  9993
2 33984  74.0060 140.3891 0023599 257.5405 131.8676 14.68593494933637
COSMOS 2251 DEB         
1 33986U 93036FV  26273.62847015  .00000747  00000+0  22275-3 0  9991
2 33986  74.0334 119.9381 0041181 124.5576 292.7170 14.44268685922413
COSMOS 2251 DEB         
1 33990U 93036FZ  26274.46622113  .00000238  00000+0  24171-3 0  9991
2 33990  73.9279 175.9194 0404339 142.0408  29.4875 13.50307482866807
COSMOS 2251 DEB         
1 33992U 93036GB  26274.38091653  .00001426  00000+0  24822-3 0  9996
2 33992  74.0208 132.2121 0053038 177.1147 355.4400 14.68188702934178
COSMOS 2251 DEB         
1 33994U 93036GD  26274.60581284  .00000113  00000+0  42918-4 0  9996
2 33994  74.0459   8.3651 0021990  71.1603 352.2954 14.41372003926395
COSMOS 2251 DEB         
1 33995U 93036GE  26274.37977243  .00000985  00000+0  34110-3 0  9996
2 33995  74.0594 303.3783 0062117 246.2049 113.2583 14.35915722917189
COSMOS 2251 DEB         
1 33999U 93036GJ  26274.33865420  .00005444  00000+0  56592-3 0  9992
2 33999  73.9170   3.9668 0038562 189.8891 170.1536 14.89595356935995
COSMOS 2251 DEB         
1 34001U 93036GL  26274.54601978  .00000181  00000+0  69330-4 0  9994
2 34001  74.0359 103.0515 0019514 117.6798 273.0725 14.37352243923534
COSMOS 2251 DEB         
1 34003U 93036GN  26273.08351171  .00001020  00000+0  68394-3 0  9992
2 34003  74.0763 154.2136 0275771 198.4058 160.6939 13.85161829884586
COSMOS 2251 DEB         
1 34004U 93036GP  26274.56098891  .00001565  00000+0  39981-3 0  9998
2 34004  74.0324 122.9577 0030519  69.2750 291.1677 14.51069321922753
COSMOS 2251 DEB         
1 34005U 93036GQ  26274.36445402  .00000147  00000+0  54522-4 0  9995
2 34005  74.0467  32.8990 0019378  80.6249 339.1922 14.40487571925927
COSMOS 2251 DEB         
1 34006U 93036GR  26274.41952909  .00046009  00000+0  18328-2 0  9996
2 34006  74.0521 260.2669 0004682 256.4107 260.2037 15.24998122930847
COSMOS 2251 DEB         
1 34007U 93036GS  26274.35363716  .00001244  00000+0  22624-3 0  9999
2 34007  74.0165 142.6455 0046321 203.6991 156.2046 14.66609557933673
COSMOS 2251 DEB         
1 34008U 93036GT  26274.40279919  .00000108  00000+0  48658-4 0  9991
2 34008  74.0342 155.5983 0022391  82.7752  90.4454 14.33300608921579
COSMOS 2251 DEB         
1 34009U 93036GU  26274.44660472  .00000132  00000+0  56965-4 0  9991
2 34009  74.0374 161.9437 0027386 164.9710   9.1231 14.33405892921397
COSMOS 2251 DEB         
1 34011U 93036GW  26274.07489107  .00001046  00000+0  31746-3 0  9991
2 34011  74.0128 147.0279 0038158 163.9870 196.2503 14.43025087921318
COSMOS 2251 DEB         
1 34014U 93036GZ  26274.41114434  .00002712  00000+0  39456-3 0  9997
2 34014  74.0150  68.2442 0037414 134.7046 255.1022 14.75954338936184
COSMOS 2251 DEB         
1 34015U 93036HA  26274.58813997  .00001793  00000+0  36128-3 0  9997
2 34015  74.0228 319.0627 0022050 336.9448 175.5824 14.62135893928083
COSMOS 2251 DEB         
1 34018U 93036HD  26274.39428902  .00000309  00000+0  24032-3 0  9990
2 34018  73.8775 315.9703 0266616 297.8351  73.6168 13.81373487886980
COSMOS 2251 DEB         
1 34019U 93036HE  26274.35123538  .00001240  00000+0  43640-3 0  9995
2 34019  73.9513 232.1171 0061329 344.1614 168.9904 14.34898858917167
COSMOS 2251 DEB         
1 34021U 93036HG  26274.34055431  .00000460  00000+0  12384-3 0  9997
2 34021  74.0344 300.0274 0019927   5.0061   8.3576 14.50694271928726
COSMOS 2251 DEB         
1 34022U 93036HH  26274.50907137  .00000256  00000+0  90762-4 0  9995
2 34022  74.0515  91.1680 0021569  86.6060 304.4332 14.39287617924078
COSMOS 2251 DEB         
1 34023U 93036HJ  26274.38733572  .00000429  00000+0  14137-3 0  9995
2 34023  74.0233  69.8938 0017860  98.9728 284.2204 14.41046274924292
COSMOS 2251 DEB         
1 34024U 93036HK  26274.09803057  .00000186  00000+0  73218-4 0  9996
2 34024  74.0454 140.0229 0020570 124.8142  28.6681 14.35645331922192
COSMOS 2251 DEB         
1 34026U 93036HM  26274.29134846  .00000913  00000+0  75761-3 0  9995
2 34026  73.7668 210.6304 0345468  35.0738 114.8757 13.65821031875256
COSMOS 2251 DEB         
1 34028U 93036HP  26274.36770822  .00000327  00000+0  39055-3 0  9990
2 34028  73.8796 258.4620 0545807 346.9723 163.6617 13.20830517848717
COSMOS 2251 DEB         
1 34031U 93036HS  26274.49109508  .00001771  00000+0  35705-3 0  9997
2 34031  74.0108 295.2692 0023704 335.5760 174.7109 14.62095532928413
COSMOS 2251 DEB         
1 34035U 93036HW  26274.43507295  .00001851  00000+0  43411-3 0  9992
2 34035  74.0631 157.2066 0040461  90.3537 324.5062 14.54741835922194
COSMOS 2251 DEB         
1 34036U 93036HX  26274.02221397  .00058360  00000+0  20983-2 0  9999
2 34036  73.9979 264.4874 0015619 254.9880 104.9593 15.28232057929832
COSMOS 2251 DEB         
1 34037U 93036HY  26274.31023433  .00000581  00000+0  20795-3 0  9997
2 34037  74.0492 234.5844 0054826 214.3668 145.3935 14.35375658919141
COSMOS 2251 DEB         
1 34040U 93036JB  26274.36381724  .00000905  00000+0  71429-3 0  9996
2 34040  73.9557 301.9430 0339010 198.3008 160.5669 13.69305606876041
COSMOS 2251 DEB         
1 34045U 93036JG  26274.56934420  .00000085  00000+0  39588-4 0  9990
2 34045  74.0376 134.9742 0026010 151.5252 232.7357 14.34191296922311
COSMOS 2251 DEB         
1 34046U 93036JH  26274.46864648  .00001546  00000+0  40387-3 0  9995
2 34046  74.0375 182.7784 0076812 194.6130 281.9615 14.48558479920626
COSMOS 2251 DEB         
1 34050U 93036JM  26274.33378453  .00000290  00000+0  18484-3 0  9998
2 34050  74.0861 227.7932 0219135 222.3010 292.9587 13.96771722895169
COSMOS 2251 DEB         
1 34053U 93036JQ  26274.01462505  .00000142  00000+0  15142-3 0  9992
2 34053  73.8430 131.0072 0422867 230.9591 125.3168 13.49418278866265
COSMOS 2251 DEB         
1 34056U 93036JT  26274.45537014  .00001406  00000+0  59455-3 0  9990
2 34056  74.0553 272.1318 0128389 250.0429 263.8649 14.22111182905703
COSMOS 2251 DEB         
1 34058U 93036JV  26273.89292845  .00000076  00000+0  88216-4 0  9999
2 34058  73.9314  64.4165 0378538   4.2291 160.8563 13.56373679871035
COSMOS 2251 DEB         
1 34059U 93036JW  26274.26465197  .00000986  00000+0  23849-3 0  9994
2 34059  74.0396 353.6900 0018389 354.4117  61.7493 14.54315294927109
COSMOS 2251 DEB         
1 34061U 93036JY  26274.16772197  .00000417  00000+0  13803-3 0  9995
2 34061  74.0371  82.5984 0019689  91.8264  29.2891 14.40840941923917
COSMOS 2251 DEB         
1 34062U 93036JZ  26274.46982878  .00006533  00000+0  71279-3 0  9994
2 34062  74.0241 278.1493 0069782 281.4700 230.9833 14.86341461929357
COSMOS 2251 DEB         
1 34064U 93036KB  26274.47946119  .00000742  00000+0  22816-3 0  9994
2 34064  74.0296  87.3683 0021637  86.1827 304.7572 14.43124676923643
COSMOS 2251 DEB         
1 34065U 93036KC  26274.44038312  .00000194  00000+0  72406-4 0  9991
2 34065  74.0337  78.8530 0015666 110.4169 278.6887 14.38297168924135
COSMOS 2251 DEB         
1 34070U 93036KH  26274.38044029  .00006377  00000+0  75268-3 0  9999
2 34070  73.9971 257.1879 0021344 292.2381 218.5673 14.84751541929442
COSMOS 2251 DEB         
1 34114U 93036KK  26274.28988784  .00003379  00000+0  68547-3 0  9993
2 34114  74.0566 207.0322 0042162 135.2454  19.2753 14.61041273920689
COSMOS 2251 DEB         
1 34115U 93036KL  26274.35638266  .00003495  00000+0  42544-3 0  9997
2 34115  74.0071  22.8128 0027856 131.0585 229.3007 14.83576013937469
COSMOS 2251 DEB         
1 34116U 93036KM  26274.48206546  .00001161  00000+0  27899-3 0  9998
2 34116  74.0421 349.7690 0012088 348.1735  24.5576 14.54500162927413
COSMOS 2251 DEB         
1 34117U 93036KN  26274.36787303  .00000761  00000+0  24066-3 0  9999
2 34117  74.0390 162.6806 0056683 169.6206 190.6135 14.40966219923379
COSMOS 2251 DEB         
1 34118U 93036KP  26274.34691523  .00011786  00000+0  79539-3 0  9990
2 34118  73.9493  11.2537 0048479 126.3746 299.2294 15.05698825935647
COSMOS 2251 DEB         
1 34120U 93036KR  26274.42853394  .00000319  00000+0  20626-3 0  9991
2 34120  73.9908  69.0912 0182264 193.1773 198.3551 13.98931031900738
COSMOS 2251 DEB         
1 34121U 93036KS  26274.22133542  .00000790  00000+0  49932-3 0  9990
2 34121  73.9919 315.5158 0234544  98.0365 327.0857 13.92866499891964
COSMOS 2251 DEB         
1 34122U 93036KT  26274.40723473  .00002280  00000+0  38367-3 0  9995
2 34122  74.0331 273.8716 0076340  96.0218 334.9234 14.68272224929761
COSMOS 2251 DEB         
1 34127U 93036KY  26274.30670723  .00003145  00000+0  10685-2 0  9991
2 34127  74.1757 234.1089 0110155 349.2965 166.1956 14.33640251909616
COSMOS 2251 DEB         
1 34128U 93036KZ  26274.34811384  .00032400  00000+0  13801-2 0  9995
2 34128  73.9880  49.3591 0020769  89.2898 298.2388 15.22628560935895
COSMOS 2251 DEB         
1 34129U 93036LA  26274.58237562  .00003081  00000+0  40758-3 0  9997
2 34129  74.0297 124.1731 0032994 135.7996 224.5825 14.80042129656259
COSMOS 2251 DEB         
1 34136U 93036LH  26274.50678300  .00001118  00000+0  13783-3 0  9993
2 34136  74.0192 184.3379 0085687 231.4810 303.9041 14.81736431943442
COSMOS 2251 DEB         
1 34139U 93036LL  26274.41092501  .00002595  00000+0  51158-3 0  9997
2 34139  74.0290  54.3448 0040835  55.1069 336.3385 14.62505884924243
COSMOS 2251 DEB         
1 34141U 93036LN  26274.25045797  .00002144  00000+0  52653-3 0  9998
2 34141  74.0088 197.7749 0051986 214.5980 298.2592 14.52171128919361
COSMOS 2251 DEB         
1 34270U 93036LQ  26274.49694511  .00001617  00000+0  29114-3 0  9991
2 34270  74.0079 101.6750 0049153 182.1384 177.9583 14.66694197933866
COSMOS 2251 DEB         
1 34271U 93036LR  26274.18021791  .00004376  00000+0  61919-3 0  9996
2 34271  74.0196 347.6160 0018574 333.3812  56.3536 14.77296098925457
COSMOS 2251 DEB         
1 34273U 93036LT  26274.36488333  .00001873  00000+0  36819-3 0  9997
2 34273  74.0341 246.8247 0016675 287.4212 222.9864 14.63290616928992
COSMOS 2251 DEB         
1 34274U 93036LU  26274.57795434  .00002580  00000+0  45849-3 0  9993
2 34274  74.0019 222.8867 0023584 291.1601 185.3252 14.67543677929680
COSMOS 2251 DEB         
1 34276U 93036LW  26274.41208997  .00001494  00000+0  32543-3 0  9991
2 34276  74.0200 248.0810 0023397 313.4402 203.2325 14.58695534928580
COSMOS 2251 DEB         
1 34297U 93036MT  26274.02310061  .00000126  00000+0  51556-4 0  9994
2 34297  74.0458 107.4265 0016405 109.5994  46.7457 14.36818907922624
COSMOS 2251 DEB         
1 34301U 93036MX  26274.32508049  .00009751  00000+0  77696-3 0  9993
2 34301  74.0003 297.3146 0015079 292.9034  77.7866 15.00361774927676
COSMOS 2251 DEB         
1 34302U 93036MY  26274.36883275  .00001135  00000+0  35281-3 0  9997
2 34302  74.1772 307.4943 0074402  79.0264 294.8145 14.40523090919333
COSMOS 2251 DEB         
1 34303U 93036MZ  26274.47604447  .00003195  00000+0  63300-3 0  9993
2 34303  74.0020  91.6639 0132845 159.1073 231.0757 14.57206618922234
COSMOS 2251 DEB         
1 34304U 93036NA  26274.40620692  .00001483  00000+0  44113-3 0  9996
2 34304  74.0108 301.8303 0125846   8.0476  52.0706 14.39574905915063
COSMOS 2251 DEB         
1 34307U 93036ND  26274.28137480  .00000784  00000+0  71869-3 0  9994
2 34307  74.0539 203.4882 0392073 330.5977 185.1399 13.54787569868230
COSMOS 2251 DEB         
1 34314U 93036NL  26274.46252200  .00000419  00000+0  20565-3 0  9992
2 34314  74.0048 145.7154 0104479 185.7492 232.3831 14.17966114908063
COSMOS 2251 DEB         
1 34316U 93036NN  26274.51072765  .00008977  00000+0  66434-3 0  9998
2 34316  74.0591 104.3850 0012156 135.6699 224.5465 15.03217334935947
COSMOS 2251 DEB         
1 34317U 93036NP  26273.98132685  .00000360  00000+0  31903-3 0  9998
2 34317  73.9209 274.4838 0336548 209.2091 179.9502 13.65459419876087
COSMOS 2251 DEB         
1 34321U 93036NT  26274.24612887  .00000776  00000+0  20290-3 0  9998
2 34321  74.0292 326.2749 0014794  16.7507  45.1815 14.51042994927284
COSMOS 2251 DEB         
1 34323U 93036NV  26274.44815296  .00004945  00000+0  62152-3 0  9996
2 34323  73.9482 264.9551 0056172 243.0740 272.4049 14.81264022927650
COSMOS 2251 DEB         
1 34325U 93036NX  26274.39328814  .00001365  00000+0  72377-3 0  9990
2 34325  73.8706  36.5112 0191004 358.5861  56.1614 14.05714419896269
COSMOS 2251 DEB         
1 34327U 93036NZ  26274.55247644  .00004318  00000+0  38811-3 0  9997
2 34327  73.9907 301.7359 0029150  38.9633 115.5176 14.95687955938772
COSMOS 2251 DEB         
1 34340U 93036PN  26274.47954322  .00000093  00000+0  81524-4 0  9997
2 34340  74.0771 178.5965 0288945 218.8023 316.7926 13.80235524883065
COSMOS 2251 DEB         
1 34343U 93036PR  26274.60730618  .00003696  00000+0  57069-3 0  9993
2 34343  74.0167 239.4112 0016514  81.6096  37.5325 14.73631206930395
COSMOS 2251 DEB         
1 34344U 93036PS  26274.27616389  .00001324  00000+0  59083-3 0  9999
2 34344  73.9761 307.3129 0148161  65.0605  58.1585 14.18009641902413
COSMOS 2251 DEB         
1 34346U 93036PU  26273.12581701  .00000321  00000+0  19386-3 0  9991
2 34346  73.9944 166.1736 0207140 279.9339 233.1590 14.00593619894882
COSMOS 2251 DEB         
1 34387U 93036QC  26274.40330392  .00000500  00000+0  15176-3 0  9998
2 34387  74.0421  27.6215 0037424  52.1391  20.0077 14.44382128924063
COSMOS 2251 DEB         
1 34388U 93036QD  26274.03552174  .00001153  00000+0  30026-3 0  9998
2 34388  74.0396  34.1935 0013196  10.1576 110.3543 14.50678591923920
COSMOS 2251 DEB         
1 34389U 93036QE  26273.90194462  .00000592  00000+0  18725-3 0  9994
2 34389  74.0172  67.7431 0028613 112.1656  12.9112 14.42129293922231
COSMOS 2251 DEB         
1 34396U 93036QM  26274.40187964  .00004386  00000+0  57280-3 0  9991
2 34396  74.0260 268.9323 0009921 258.3823 258.2805 14.80783102926709
COSMOS 2251 DEB         
1 34409U 93036RA  26274.29269223  .00000352  00000+0  78961-4 0  9991
2 34409  74.0607 110.9637 0078938 110.5363  63.4195 14.58491067934578
COSMOS 2251 DEB         
1 34412U 93036RD  26274.05111899  .00001679  00000+0  36020-3 0  9996
2 34412  73.9448 133.6247 0184962 163.7196 197.0019 14.49323810918831
COSMOS 2251 DEB         
1 34413U 93036RE  26274.27504062  .00001350  00000+0  50317-3 0  9990
2 34413  74.0275  92.7671 0091216 100.5230  73.8420 14.30618610913124
COSMOS 2251 DEB         
1 34420U 93036RM  26274.40737933  .00000543  00000+0  91309-4 0  9998
2 34420  74.0304 257.5784 0106239 302.7610 209.0343 14.68794241940663
COSMOS 2251 DEB         
1 34425U 93036RS  26274.25543336  .00001514  00000+0  29620-3 0  9993
2 34425  74.0175 213.0596 0027880 260.6049  99.1966 14.63553662930184
COSMOS 2251 DEB         
1 34430U 93036RX  26274.30709507  .00000487  00000+0  15879-3 0  9998
2 34430  74.0493 123.2448 0060080 122.2065 238.4936 14.40234631921666
COSMOS 2251 DEB         
1 34431U 93036RY  26274.36091211  .00000645  00000+0  25583-3 0  9990
2 34431  74.0774   5.1324 0068723 277.7255  81.6095 14.29532518913239
COSMOS 2251 DEB         
1 34432U 93036RZ  26274.14212850  .00000895  00000+0  50595-3 0  9999
2 34432  73.8262 306.8144 0183745 336.3235  78.7874 14.03553744897860
COSMOS 2251 DEB         
1 34433U 93036SA  26274.60942898  .00000720  00000+0  35150-3 0  9990
2 34433  74.0118 355.5384 0148671  66.2980 295.3680 14.14124663900881
COSMOS 2251 DEB         
1 34434U 93036SB  26273.93426204  .00002905  00000+0  16688-2 0  9995
2 34434  74.0592 232.0156 0279465 299.4549 116.8129 13.91969757880293
COSMOS 2251 DEB         
1 34446U 93036SP  26274.32173137  .00000231  00000+0  66660-4 0  9993
2 34446  74.0404 228.4648 0052079 291.0449  68.5146 14.49599620929333
COSMOS 2251 DEB         
1 34449U 93036SS  26274.23426461  .00020377  00000+0  10404-2 0  9993
2 34449  74.0279 190.1622 0023790 173.4389 344.5409 15.16403215930966
COSMOS 2251 DEB         
1 34451U 93036SU  26274.25500739  .00032414  00000+0  15004-2 0  9995
2 34451  74.0396 206.2477 0018621 166.3198 193.8508 15.19825786930444
COSMOS 2251 DEB         
1 34452U 93036SV  26274.31725618  .00006941  00000+0  31125-3 0  9997
2 34452  74.0251 292.5834 0057386 290.7450  68.7603 15.19898360950978
COSMOS 2251 DEB         
1 34454U 93036SX  26274.52953590  .00000266  00000+0  93593-4 0  9996
2 34454  74.0561  98.2459 0034411  89.7632 270.7466 14.39143709922792
COSMOS 2251 DEB         
1 34459U 93036TC  26274.53264677  .00000279  00000+0  17210-3 0  9998
2 34459  74.0763 107.8141 0190703 107.5544 254.6526 14.00848621898113
COSMOS 2251 DEB         
1 34468U 93036TM  26274.31579124  .00000413  00000+0  11463-3 0  9994
2 34468  74.0107 288.8025 0074968   1.2199 358.9128 14.48122736926961
COSMOS 2251 DEB         
1 34472U 93036TR  26274.43268931  .00000710  00000+0  55972-3 0  9996
2 34472  74.0844 336.4157 0326726  38.9568 323.4602 13.71025619877370
COSMOS 2251 DEB         
1 34474U 93036TT  26274.49967887  .00001157  00000+0  57875-3 0  9990
2 34474  74.0753 174.2303 0200122 178.3841 357.3980 14.07953145896275
COSMOS 2251 DEB         
1 34476U 93036TV  26274.13190668  .00001267  00000+0  81136-3 0  9997
2 34476  74.0073 308.6488 0301012 104.6352 258.8348 13.84270946876814
COSMOS 2251 DEB         
1 34477U 93036TW  26274.36670934  .00001691  00000+0  35847-3 0  9991
2 34477  73.9767 231.0972 0074054 346.4257 170.3051 14.58333779928894
COSMOS 2251 DEB         
1 34481U 93036UA  26274.34778455  .00000698  00000+0  25643-3 0  9990
2 34481  73.9772 236.9830 0069330 341.7505 169.2482 14.33289786916407
COSMOS 2251 DEB         
1 34482U 93036UB  26274.36584068  .00003947  00000+0  58199-3 0  9990
2 34482  74.0366  13.7913 0041191   1.0339  59.8659 14.75104912924950
COSMOS 2251 DEB         
1 34544U 93036UE  26274.48142216  .00000257  00000+0  25145-3 0  9993
2 34544  73.9123  89.9420 0381741  64.1276 328.4779 13.55058077868473
COSMOS 2251 DEB         
1 34546U 93036UG  26274.54165243  .00000905  00000+0  25857-3 0  9997
2 34546  74.0291  62.6826 0021034  68.0481  42.9900 14.46426580922584
COSMOS 2251 DEB         
1 34547U 93036UH  26274.37255244  .00003658  00000+0  51745-3 0  9993
2 34547  74.0279 248.3370 0021305 256.9135 102.9662 14.77349266928377
COSMOS 2251 DEB         
1 34553U 93036UP  26274.41681207  .00001862  00000+0  39088-3 0  9998
2 34553  74.0264 353.7190 0019364 355.8285 131.4465 14.60259562923651
COSMOS 2251 DEB         
1 34554U 93036UQ  26274.54965346  .00000330  00000+0  11647-3 0  9992
2 34554  74.0363 119.6115 0022732 115.4930 273.1385 14.38376617919654
COSMOS 2251 DEB         
1 34556U 93036US  26274.46707289  .00006490  00000+0  74958-3 0  9992
2 34556  74.0119 265.3578 0012178 264.4340 253.7801 14.85750062926668
COSMOS 2251 DEB         
1 34560U 93036UW  26274.11443433  .00003796  00000+0  52886-3 0  9999
2 34560  74.0145 289.5337 0017451 294.7062 123.1013 14.78032574925644
COSMOS 2251 DEB         
1 34563U 93036UZ  26273.72211668  .00000669  00000+0  18998-3 0  9993
2 34563  74.0399  18.1407 0012814  38.0845  84.1521 14.47327918924204
COSMOS 2251 DEB         
1 34564U 93036VA  26274.57900873  .00000350  00000+0  11674-3 0  9992
2 34564  74.0323  56.0035 0018060  91.8043  34.0047 14.41084080922249
COSMOS 2251 DEB         
1 34567U 93036VD  26274.35413737  .00000163  00000+0  79453-4 0  9991
2 34567  74.0442 350.0159 0074085 352.4160  82.7468 14.24242705912903
COSMOS 2251 DEB         
1 34569U 93036VF  26274.47427993  .00000861  00000+0  33090-3 0  9996
2 34569  73.9925  28.4274 0155405 150.4668 332.6535 14.25482422911384
COSMOS 2251 DEB         
1 34570U 93036VG  26274.14999168  .00000535  00000+0  32370-3 0  9998
2 34570  73.9567  69.4815 0190755 250.4345 226.0527 14.00341498896934
COSMOS 2251 DEB         
1 34571U 93036VH  26274.62801456  .00003146  00000+0  74406-3 0  9991
2 34571  74.0395 351.1576 0064591 314.9642  44.6292 14.53281909915433
COSMOS 2251 DEB         
1 34572U 93036VJ  26274.50272814  .00002940  00000+0  68432-3 0  9992
2 34572  74.0074 282.6529 0066048 284.5521 231.4488 14.54006389916286
COSMOS 2251 DEB         
1 34574U 93036VL  26274.49385625  .00002336  00000+0  34876-3 0  9991
2 34574  74.0674 194.1506 0063288 140.8706 335.1122 14.74049866930886
COSMOS 2251 DEB         
1 34576U 93036VN  26274.12861464  .00001126  00000+0  25677-3 0  9998
2 34576  74.0322 303.4281 0008297 347.0100  70.4625 14.56990306927237
COSMOS 2251 DEB         
1 34579U 93036VR  26274.51447777  .00000619  00000+0  18048-3 0  9991
2 34579  74.0536  38.4328 0026318  33.3883  85.5773 14.46039562924056
COSMOS 2251 DEB         
1 34582U 93036VU  26274.46238998  .00000933  00000+0  27539-3 0  9996
2 34582  74.0165  87.4928 0048344 128.7718 231.7774 14.44269659921724
COSMOS 2251 DEB         
1 34588U 93036WA  26274.47911293  .00000591  00000+0  18511-3 0  9999
2 34588  74.0407  85.4573 0017990  69.9456 321.1992 14.42698103921714
COSMOS 2251 DEB         
1 34589U 93036WB  26274.46577480  .00000255  00000+0  18779-3 0  9998
2 34589  73.9225 277.0212 0248212 163.9296 348.4957 13.86518005887689
COSMOS 2251 DEB         
1 34590U 93036WC  26274.59702140  .00000187  00000+0  48925-4 0  9998
2 34590  74.0421 128.4124 0069336 184.5626 206.7293 14.55108164933809
COSMOS 2251 DEB         
1 34609U 93036WE  26274.32583058  .00000702  00000+0  29442-3 0  9990
2 34609  73.7304 291.4993 0139315 104.9053 270.2322 14.22694264907924
COSMOS 2251 DEB         
1 34610U 93036WF  26274.53841119  .00001121  00000+0  57785-3 0  9997
2 34610  74.0146 108.1744 0179554 172.0862 188.3181 14.08287506896802
COSMOS 2251 DEB         
1 34611U 93036WG  26274.40890595  .00004027  00000+0  61389-3 0  9999
2 34611  74.0504 252.1612 0023515 223.9453 289.8724 14.74050564926979
COSMOS 2251 DEB         
1 34613U 93036WJ  26274.51621992  .00001395  00000+0  53880-3 0  9998
2 34613  73.9606 106.1532 0108515 232.2845 156.1986 14.27938771906408
COSMOS 2251 DEB         
1 34614U 93036WK  26274.17425324  .00003527  00000+0  13463-2 0  9993
2 34614  73.8754 174.9250 0181616 115.5092  34.0686 14.22449250889193
COSMOS 2251 DEB         
1 34615U 93036WL  26273.83121656  .00000582  00000+0  55171-3 0  9998
2 34615  74.0069 185.6033 0397633  32.3636  24.9109 13.52532189867642
COSMOS 2251 DEB         
1 34619U 93036WQ  26273.58066556  .00000422  00000+0  79413-4 0  9990
2 34619  74.0468 358.7775 0092532  17.9831 342.4573 14.65277160935729
COSMOS 2251 DEB         
1 34620U 93036WR  26273.30416134  .00003507  00000+0  80678-3 0  9994
2 34620  74.0510  30.5662 0074435 355.5860   4.4636 14.54093328910597
COSMOS 2251 DEB         
1 34622U 93036WT  26273.42113138  .00000918  00000+0  39579-3 0  9994
2 34622  74.0401 143.2246 0106257 157.6744  17.1491 14.22892512906073
COSMOS 2251 DEB         
1 34626U 93036WX  26274.55167144  .00001955  00000+0  29455-3 0  9993
2 34626  74.0443 113.1074 0027631 130.6632 260.6866 14.74888728934582
COSMOS 2251 DEB         
1 34634U 93036XF  26274.58180958  .00000605  00000+0  14102-3 0  9997
2 34634  74.0513 200.1495 0046453 232.1090 184.9053 14.56405973930446
COSMOS 2251 DEB         
1 34635U 93036XG  26274.25545464  .00002433  00000+0  39410-3 0  9999
2 34635  74.0431 223.6664 0031288 220.0222 209.5564 14.71526055775188
COSMOS 2251 DEB         
1 34637U 93036XJ  26274.45503690  .00001464  00000+0  29278-3 0  9992
2 34637  74.0460 261.9072 0051566 256.7357 261.5785 14.61979653928027
COSMOS 2251 DEB         
1 34641U 93036XN  26273.96439830  .00001710  00000+0  41498-3 0  9998
2 34641  73.8355 243.5942 0013660 107.3387 317.7873 14.53666759925009
COSMOS 2251 DEB         
1 34642U 93036XP  26273.55614473  .00001011  00000+0  58673-3 0  9999
2 34642  74.0042 193.8852 0207316 307.3749 232.6531 13.99893330893758
COSMOS 2251 DEB         
1 34671U 93036XR  26274.29382580  .00003018  00000+0  49617-3 0  9991
2 34671  74.0240 287.3401 0014838 292.6460  79.8374 14.71008243925945
COSMOS 2251 DEB         
1 34672U 93036XS  26273.88618215  .00000239  00000+0  89498-4 0  9997
2 34672  74.0319 128.6630 0023917 134.9812 238.7711 14.36741382693730
COSMOS 2251 DEB         
1 34678U 93036XY  26274.56069618  .00000018  00000+0  17030-4 0  9994
2 34678  74.0383 193.3233 0025313 175.9233 240.0121 14.30102219915652
COSMOS 2251 DEB         
1 34680U 93036YA  26274.49531846  .00001767  00000+0  35067-3 0  9997
2 34680  74.0415 289.6475 0008981 295.5658 215.5242 14.62974135926067
COSMOS 2251 DEB         
1 34681U 93036YB  26274.42060091  .00004306  00000+0  46515-3 0  9992
2 34681  74.0599  68.9975 0022907  55.8742 334.5077 14.88473054936194
COSMOS 2251 DEB         
1 34682U 93036YC  26274.38743870  .00001557  00000+0  32609-3 0  9995
2 34682  74.0360 244.7753 0020116 294.8385 218.7023 14.60502458929565
COSMOS 2251 DEB         
1 34683U 93036YD  26274.39823668  .00002573  00000+0  46014-3 0  9995
2 34683  74.0266 248.0395 0021135 281.8269 232.1152 14.67292298926373
COSMOS 2251 DEB         
1 34685U 93036YF  26274.39082711  .00001577  00000+0  33763-3 0  9993
2 34685  74.0282 311.2624 0015237 333.4195  39.7183 14.59547100927999
COSMOS 2251 DEB         
1 34689U 93036YK  26274.42004630  .00003237  00000+0  15304-2 0  9990
2 34689  74.0862  72.6408 0224838  70.2560 320.2882 14.07664609884562
COSMOS 2251 DEB         
1 34721U 93036YP  26274.17312278  .00001168  00000+0  69148-3 0  9996
2 34721  73.9224 178.4671 0214917  58.9378  89.1287 13.97854511892349
COSMOS 2251 DEB         
1 34722U 93036YQ  26274.45435000  .00000729  00000+0  35991-3 0  9998
2 34722  73.8714 173.7630 0162252  43.3426 129.5580 14.12555243903775
COSMOS 2251 DEB         
1 34726U 93036YU  26274.63938823  .00000651  00000+0  13870-3 0  9999
2 34726  74.0271 147.0544 0043978 222.8047 136.9692 14.60496633927776
COSMOS 2251 DEB         
1 34728U 93036YW  26274.52804729  .00002203  00000+0  34459-3 0  9997
2 34728  74.0167  41.5651 0040645 126.3296 234.1640 14.72884107931084
COSMOS 2251 DEB         
1 34729U 93036YX  26274.40332041  .00005100  00000+0  52762-3 0  9994
2 34729  74.0137 134.7704 0015910 179.4148 245.3117 14.90264794928081
COSMOS 2251 DEB         
1 34732U 93036ZA  26274.44040459  .00000209  00000+0  63735-4 0  9999
2 34732  74.0427 266.1062 0039775 340.7877 171.6017 14.47528540923787
COSMOS 2251 DEB         
1 34738U 93036ZG  26274.09277103  .00000404  00000+0  11766-3 0  9997
2 34738  74.0157 316.5799 0045564  30.2731 357.2959 14.46814223920861
COSMOS 2251 DEB         
1 34750U 93036ZU  26274.43378887  .00002201  00000+0  42002-3 0  9994
2 34750  74.1088   2.9729 0036193 236.1435 248.5707 14.64186398925115
COSMOS 2251 DEB         
1 34752U 93036ZW  26273.99887207  .00005810  00000+0  38179-3 0  9996
2 34752  74.0086 122.0249 0045480 174.2967 185.8751 15.06982330942439
COSMOS 2251 DEB         
1 34754U 93036ZY  26274.49685091  .00000326  00000+0  10941-3 0  9995
2 34754  74.0310  45.8906 0028466  92.5902  19.9483 14.40805996923492
COSMOS 2251 DEB         
1 34755U 93036ZZ  26274.16898606  .00000349  00000+0  34127-3 0  9995
2 34755  73.9243 179.8054 0404777 145.8934   4.2787 13.51017006864720
COSMOS 2251 DEB         
1 34756U 93036AAA 26274.52038438  .00000611  00000+0  49953-3 0  9990
2 34756  74.0062 342.5994 0338906 157.4771 204.1636 13.67916065874244
COSMOS 2251 DEB         
1 34758U 93036AAC 26274.48676692  .00000325  00000+0  29301-3 0  9994
2 34758  74.1067 187.9559 0385946 244.2037 111.8787 13.58669344868852
COSMOS 2251 DEB         
1 34760U 93036AAE 26273.97446851  .00000570  00000+0  26621-3 0  9996
2 34760  74.0619 140.5694 0096097 123.0680 301.1467 14.20112598908360
COSMOS 2251 DEB         
1 34761U 93036AAF 26274.07540096  .00000713  00000+0  23781-3 0  9998
2 34761  74.0285 183.5806 0037143 152.7791 207.5321 14.38958477918532
COSMOS 2251 DEB         
1 34784U 93036AAM 26273.57177033  .00000801  00000+0  16347-3 0  9992
2 34784  74.0039 125.1749 0050554 221.4253 138.3077 14.61901645927989
COSMOS 2251 DEB         
1 34790U 93036AAT 26274.46231516  .00000623  00000+0  26080-3 0  9992
2 34790  74.0515  76.2547 0099256  67.4536 324.6071 14.25399108907438
COSMOS 2251 DEB         
1 34792U 93036AAV 26274.14632079  .00001386  00000+0  30808-3 0  9998
2 34792  74.0178 333.6616 0013053 348.7375  39.7713 14.57956694919095
COSMOS 2251 DEB         
1 34793U 93036AAW 26274.42877747  .00000380  00000+0  12975-3 0  9991
2 34793  74.0012  69.4293 0050797 156.0156 235.0344 14.39009025915400
COSMOS 2251 DEB         
1 34796U 93036AAZ 26274.35795414  .00000872  00000+0  21949-3 0  9993
2 34796  74.0312  27.0745 0097672  56.8620   7.1058 14.49872249922678
COSMOS 2251 DEB         
1 34797U 93036ABA 26274.37756490  .00001951  00000+0  54547-3 0  9996
2 34797  73.9738 273.4011 0073345 315.9355  43.5970 14.45300867916406
COSMOS 2251 DEB         
1 34813U 93036ABC 26274.30918239  .00001208  00000+0  99476-3 0  9994
2 34813  73.9251  22.1093 0447971   1.1445 359.0577 13.52033170856079
COSMOS 2251 DEB         
1 34814U 93036ABD 26274.41468606  .00000818  00000+0  27534-3 0  9997
2 34814  73.8937 142.1586 0053414 327.9095 207.4395 14.37956859915381
COSMOS 2251 DEB         
1 34815U 93036ABE 26274.29114347  .00002134  00000+0  26984-3 0  9995
2 34815  74.0461  25.6128 0054420  18.7667 341.5499 14.81501560929566
COSMOS 2251 DEB         
1 34816U 93036ABF 26273.68348472  .00000236  00000+0  22250-3 0  9999
2 34816  73.8885  26.5399 0373182  38.2890  26.3953 13.58807623867485
COSMOS 2251 DEB         
1 34818U 93036ABH 26274.33394769  .00000251  00000+0  92707-4 0  9996
2 34818  74.0337 118.7835 0024023 128.0096  46.8590 14.37287881915736
COSMOS 2251 DEB         
1 34819U 93036ABJ 26274.52935463  .00002495  00000+0  44610-3 0  9991
2 34819  74.0162 297.9587 0017890 312.4331 200.1145 14.67359756925198
COSMOS 2251 DEB         
1 34823U 93036ABN 26273.42731997  .00000933  00000+0  18737-3 0  9996
2 34823  74.0378 269.5279 0154357 279.9248  78.4523 14.55992375926250
COSMOS 2251 DEB         
1 34845U 93036ABP 26274.50343056  .00000302  00000+0  91395-4 0  9997
2 34845  74.0255 321.6504 0020509  48.9732 311.3195 14.46316879916984
COSMOS 2251 DEB         
1 34846U 93036ABQ 26274.54864729  .00001166  00000+0  31633-3 0  9994
2 34846  74.0277  73.4763 0025226  71.9935 288.3971 14.48552225916423
COSMOS 2251 DEB         
1 34852U 93036ABW 26273.83423472  .00000120  00000+0  48980-4 0  9991
2 34852  74.0305  85.6832 0015682 123.9600 236.3047 14.37176434917303
COSMOS 2251 DEB         
1 34854U 93036ABY 26273.37027548  .00001723  00000+0  23153-3 0  9990
2 34854  74.0274 305.7450 0063878 340.6206  19.2540 14.78767099761909
COSMOS 2251 DEB         
1 34856U 93036ACA 26274.24458557  .00015630  00000+0  68136-3 0  9999
2 34856  74.0025 195.7086 0028877 250.6611 267.8003 15.21793950935392
COSMOS 2251 DEB         
1 34857U 93036ACB 26274.42350788  .00001918  00000+0  38772-3 0  9994
2 34857  74.0122 267.5405 0065734 316.9633 193.5848 14.60760693921721
COSMOS 2251 DEB         
1 34874U 93036ACM 26273.96206845  .00000728  00000+0  24788-3 0  9995
2 34874  74.0362 256.4406 0053226 214.4955 176.4819 14.37493327912422
COSMOS 2251 DEB         
1 34875U 93036ACN 26274.42679826  .00000581  00000+0  15799-3 0  9990
2 34875  74.0453 329.4261 0015193  13.6991 359.7108 14.49711901919961
COSMOS 2251 DEB         
1 34878U 93036ACR 26273.84403336  .00000115  00000+0  13352-3 0  9995
2 34878  73.9649 303.7384 0437207 231.4249 308.7884 13.44557297851982
COSMOS 2251 DEB         
1 34879U 93036ACS 26274.46909974  .00000221  00000+0  22180-3 0  9991
2 34879  73.9053 191.2076 0490154 219.7611 136.6600 13.39981541622608
COSMOS 2251 DEB         
1 34882U 93036ACV 26273.31140661  .00000355  00000+0  73756-4 0  9992
2 34882  74.0489  27.8793 0080502  80.2780 280.7467 14.62026579927852
COSMOS 2251 DEB         
1 34883U 93036ACW 26273.29741492  .00007497  00000+0  15437-2 0  9993
2 34883  74.1969 235.8522 0084629 326.3447  33.2359 14.58410587906811
COSMOS 2251 DEB         
1 34884U 93036ACX 26274.21849983  .00013342  00000+0  91965-3 0  9998
2 34884  74.0106 182.8153 0008787 202.4214 312.8741 15.05834374921862
COSMOS 2251 DEB         
1 34885U 93036ACY 26274.30063711  .00001008  00000+0  25174-3 0  9991
2 34885  74.0324 351.4389 0015062   0.3474  61.9342 14.52832499917262
COSMOS 2251 DEB         
1 34908U 93036ADD 26274.51527840  .00000711  00000+0  24029-3 0  9996
2 34908  74.0577 205.2145 0040312 153.7635 324.5761 14.38229652914874
COSMOS 2251 DEB         
1 34909U 93036ADE 26274.22364022  .00001546  00000+0  19998-3 0  9992
2 34909  74.0142 220.6805 0083489 280.6434  78.5347 14.79479418711756
COSMOS 2251 DEB         
1 34910U 93036ADF 26274.59825411  .00000071  00000+0  89961-4 0  9998
2 34910  73.8773 359.0912 0465234  67.7200 358.2382 13.38033106854410
COSMOS 2251 DEB         
1 34911U 93036ADG 26274.36061139  .00000287  00000+0  63777-4 0  9999
2 34911  74.0413  46.8679 0082457  98.6729 292.5288 14.59694253928560
COSMOS 2251 DEB         
1 34913U 93036ADJ 26274.30131640  .00000021  00000+0  16703-4 0  9993
2 34913  74.0257 106.3165 0020544 151.1217  23.6626 14.34705078693835
COSMOS 2251 DEB         
1 34918U 93036ADP 26273.32939720  .00002127  00000+0  40209-3 0  9990
2 34918  74.0668 115.3715 0026343   9.7398 165.2855 14.64842331696015
COSMOS 2251 DEB         
1 34924U 93036ADV 26274.38032022  .00001653  00000+0  32909-3 0  9994
2 34924  74.0381 250.0911 0056427 259.3183 251.8634 14.61926467919970
COSMOS 2251 DEB         
1 34944U 93036ADX 26274.41489742  .00001107  00000+0  46644-3 0  9990
2 34944  73.7591  63.6773 0219458 224.4123 133.9239 14.14863546682218
COSMOS 2251 DEB         
1 34946U 93036ADZ 26273.91476238  .00000957  00000+0  18794-3 0  9999
2 34946  74.0217 141.6170 0050856 205.5838 154.2813 14.63350269924811
COSMOS 2251 DEB         
1 34949U 93036AEC 26274.20706671  .00001581  00000+0  22714-3 0  9993
2 34949  74.0148 257.5994 0078644 326.9760  32.6514 14.75312875926739
COSMOS 2251 DEB         
1 34953U 93036AEG 26274.20140135  .00001978  00000+0  31604-3 0  9993
2 34953  74.0916 181.8677 0053406  97.5976  54.0296 14.71604442924275
COSMOS 2251 DEB         
1 34955U 93036AEJ 26267.99473167  .00006844  00000+0  45790-3 0  9995
2 34955  74.0366  21.7435 0070327  14.8182 345.5045 15.05077387943352
COSMOS 2251 DEB         
1 34962U 93036AER 26271.26894821  .00000804  00000+0  22665-3 0  9998
2 34962  74.0315  12.1151 0017550  53.2749 307.0018 14.47301979917668
COSMOS 2251 DEB         
1 34963U 93036AES 26273.51770960  .00002284  00000+0  55030-3 0  9992
2 34963  74.1691 217.1877 0040554 321.8761  37.9534 14.53334023910373
COSMOS 2251 DEB         
1 34964U 93036AET 26272.16253167  .00002330  00000+0  12791-2 0  9996
2 34964  73.9700 201.8139 0208756 357.0514   2.9371 14.01854109885467
COSMOS 2251 DEB         
1 34965U 93036AEU 26273.76290417  .00000396  00000+0  11081-3 0  9995
2 34965  74.0505 301.4851 0025937 350.2734   9.7920 14.49245342913437
COSMOS 2251 DEB         
1 34967U 93036AEW 26271.78070326  .00001277  00000+0  36821-3 0  9990
2 34967  73.9907  72.2509 0038671 151.6402 208.6872 14.45292602691469
COSMOS 2251 DEB         
1 34968U 93036AEX 26274.36254090  .00000307  00000+0  67497-4 0  9997
2 34968  74.0391  49.0613 0085336  95.9307 265.1593 14.59763685927471
COSMOS 2251 DEB         
1 34969U 93036AEY 26274.50616829  .00000384  00000+0  14644-3 0  9996
2 34969  74.0141 207.9571 0075737 270.5135  88.7337 14.32659876693299
COSMOS 2251 DEB         
1 34971U 93036AFA 26273.20287101  .00000319  00000+0  77072-4 0  9995
2 34971  73.9761  90.5321 0070637 246.5710 231.2568 14.56039670704141
COSMOS 2251 DEB         
1 34972U 93036AFB 26273.25502420  .00003418  00000+0  47731-3 0  9996
2 34972  73.9857 197.8165 0033851 277.2946 235.8488 14.77687758919502
COSMOS 2251 DEB         
1 34976U 93036AFF 26273.94407274  .00002222  00000+0  29062-3 0  9996
2 34976  74.0520  92.3121 0043582  64.7194  85.1970 14.80433391925934
COSMOS 2251 DEB         
1 34979U 93036AFJ 26274.36024492  .00003134  00000+0  37897-3 0  9991
2 34979  74.0386  49.3340 0045545  53.3801 307.1553 14.83435056925546
COSMOS 2251 DEB         
1 34990U 93036AFN 26272.13139351  .00000578  00000+0  18047-3 0  9993
2 34990  74.0435  72.6914 0015225  66.9749 293.3011 14.42977082915340
COSMOS 2251 DEB         
1 34997U 93036AFV 26271.93153947  .00001940  00000+0  50372-3 0  9995
2 34997  73.8762 123.5937 0090984  39.9180 320.8621 14.47984864749442
COSMOS 2251 DEB         
1 34998U 93036AFW 26274.42156265  .00000704  00000+0  18737-3 0  9995
2 34998  74.0108 329.6326 0019600  40.4990 332.6329 14.50271215916628
COSMOS 2251 DEB         
1 35012U 93036AFZ 26274.43958221  .00000218  00000+0  66997-4 0  9998
2 35012  74.0184 285.3173 0080551 352.8843   7.1163 14.45790664917919
COSMOS 2251 DEB         
1 35014U 93036AGB 26270.47322929  .00007010  00000+0  91620-3 0  9997
2 35014  73.9967 194.9852 0010483 266.8238  93.1739 14.80598754756039
COSMOS 2251 DEB         
1 35015U 93036AGC 26274.10393944  .00001798  00000+0  47193-3 0  9990
2 35015  73.9474  44.7013 0073255 207.3359 328.6744 14.48376427696719
COSMOS 2251 DEB         
1 35016U 93036AGD 26274.56618610  .00000353  00000+0  12332-3 0  9994
2 35016  73.9274 113.7949 0112724 326.7265  63.8159 14.35610508909846
COSMOS 2251 DEB         
1 35018U 93036AGF 26274.20677386  .00000943  00000+0  75422-3 0  9996
2 35018  73.9806 348.0056 0344173 198.3770 160.4662 13.67879041871844
COSMOS 2251 DEB         
1 35020U 93036AGH 26271.61097805  .00000338  00000+0  68145-4 0  9996
2 35020  74.0487   3.4306 0088970  42.7345 318.0695 14.63171671924773
COSMOS 2251 DEB         
1 35022U 93036AGK 26274.31322375  .00000662  00000+0  13676-3 0  9999
2 35022  74.0231 121.9790 0047314 245.8126 113.8091 14.61852745634174
COSMOS 2251 DEB         
1 35023U 93036AGL 26274.34497216  .00007651  00000+0  53079-3 0  9996
2 35023  74.0349 337.0476 0029813 339.6733 137.4388 15.05382023926694
COSMOS 2251 DEB         
1 35025U 93036AGN 26274.24021303  .00001347  00000+0  19941-3 0  9993
2 35025  73.9368 209.1263 0080486  54.4409 306.4232 14.74086120929517
COSMOS 2251 DEB         
1 35026U 93036AGP 26272.36605622  .00000100  00000+0  29834-4 0  9996
2 35026  74.0454 130.0933 0083340 170.8352   3.8078 14.53764900923666
COSMOS 2251 DEB         
1 35028U 93036AGR 26272.74977747  .00000189  00000+0  46859-4 0  9993
2 35028  74.0360  78.6240 0082508 139.9804 235.3754 14.56771177925230
COSMOS 2251 DEB         
1 35031U 93036AGU 26273.81087737  .00000204  00000+0  75187-4 0  9991
2 35031  74.0362  81.0291 0018049 107.5495 252.7633 14.38545681694833
COSMOS 2251 DEB         
1 35032U 93036AGV 26274.45355045  .00001406  00000+0  28663-3 0  9994
2 35032  73.8505 162.4868 0065321 311.1940 224.5765 14.60710095919456
COSMOS 2251 DEB         
1 35033U 93036AGW 26272.89356451  .00000974  00000+0  24693-3 0  9991
2 35033  74.0278 348.0450 0013839  17.7709 342.3934 14.52178470701525
COSMOS 2251 DEB         
1 35038U 93036AHB 26274.60752378  .00001447  00000+0  56805-3 0  9991
2 35038  74.1042 235.5489 0109654 147.3725 329.6813 14.26949659897448
COSMOS 2251 DEB         
1 35043U 93036AHG 26274.41682075  .00013539  00000+0  12796-2 0  9997
2 35043  73.9443 181.6092 0069604 313.5988  45.9430 14.91880573717620
COSMOS 2251 DEB         
1 35045U 93036AHJ 26273.63054313  .00000559  00000+0  34005-3 0  9996
2 35045  73.7164 256.9536 0177993  95.3908 266.7558 14.00905991887306
COSMOS 2251 DEB         
1 35060U 93036AHP 26272.80428908  .00000463  00000+0  14864-3 0  9991
2 35060  74.0361  64.9005 0017345  82.5432 277.7694 14.42109812914373
COSMOS 2251 DEB         
1 35061U 93036AHQ 26273.94190246  .00001610  00000+0  27262-3 0  9990
2 35061  74.0422 100.4375 0039844 138.0289 222.3948 14.69673674928658
COSMOS 2251 DEB         
1 35062U 93036AHR 26274.45844213  .00001636  00000+0  65217-3 0  9998
2 35062  74.0756 287.2611 0126930 217.1786 142.0523 14.25037813896663
COSMOS 2251 DEB         
1 35065U 93036AHU 26273.53983995  .00000659  00000+0  19040-3 0  9997
2 35065  74.0218   9.2239 0018531  63.1428 297.1622 14.46464701725695
COSMOS 2251 DEB         
1 35071U 93036AJA 26273.31863163  .00003845  00000+0  23351-3 0  9994
2 35071  73.9277 290.6865 0058915 116.1103 244.6167 15.09435937719283
COSMOS 2251 DEB         
1 35073U 93036AJC 26273.73743236  .00049791  00000+0  16574-2 0  9998
2 35073  73.9797  80.9658 0014820 120.2881 239.9790 15.30794377719029
COSMOS 2251 DEB         
1 35284U 93036AJN 26274.47139591  .00000190  00000+0  70565-4 0  9999
2 35284  74.0468  85.3100 0015698  93.9552 296.7161 14.38563176697358
COSMOS 2251 DEB         
1 35287U 93036AJR 26274.49120793  .00000135  00000+0  54815-4 0  9997
2 35287  74.0276  98.0950 0017332 129.8988 258.9204 14.36563833910962
COSMOS 2251 DEB         
1 35288U 93036AJS 26274.40103487  .00002062  00000+0  35808-3 0  9991
2 35288  73.9486 167.2616 0035789 326.7160  33.1758 14.68489910921707
COSMOS 2251 DEB         
1 35290U 93036AJU 26273.20651287  .00006554  00000+0  70886-3 0  9992
2 35290  74.0021 199.6347 0008348 238.9392 121.0969 14.88459945922843
COSMOS 2251 DEB         
1 35433U 93036AKB 26273.40194642  .00000297  00000+0  11271-3 0  9991
2 35433  74.0351 163.8710 0026260 153.5784 324.9506 14.35109583907649
COSMOS 2251 DEB         
1 35434U 93036AKC 26272.74472804  .00000625  00000+0  25961-3 0  9993
2 35434  74.0403  47.9895 0086091  48.7002 312.1515 14.26433385902666
COSMOS 2251 DEB         
1 35435U 93036AKD 26274.61547631  .00007460  00000+0  84813-3 0  9998
2 35435  74.0069 243.5592 0013991 264.7197 215.4509 14.86340628918801
COSMOS 2251 DEB         
1 35439U 93036AKH 26273.21615742  .00000863  00000+0  53080-3 0  9998
2 35439  74.0205 354.7380 0236741  98.4259 264.3781 13.93991367880215
COSMOS 2251 DEB         
1 35440U 93036AKJ 26273.97695973  .00000943  00000+0  15686-3 0  9996
2 35440  74.0170   0.6135 0067035  68.3172 292.5119 14.70138846730584
COSMOS 2251 DEB         
1 35441U 93036AKK 26274.24774136  .00002851  00000+0  51579-3 0  9998
2 35441  74.1312  98.9292 0031812 265.8192  93.9342 14.66527720917135
COSMOS 2251 DEB         
1 35442U 93036AKL 26273.60490913  .00010462  00000+0  93352-3 0  9998
2 35442  74.0214 233.9409 0007199 234.2883 125.7632 14.96026204917023
COSMOS 2251 DEB         
1 35443U 93036AKM 26274.42302107  .00658777  00000+0  67288-2 0  9992
2 35443  73.9503  76.0683 0016835 117.2595 243.0341 15.62744954913233
COSMOS 2251 DEB         
1 35445U 93036AKP 26274.50554750  .00003759  00000+0  64566-3 0  9997
2 35445  74.0322  99.7133 0137125 114.0077 247.5514 14.62982512916062
COSMOS 2251 DEB         
1 35446U 93036AKQ 26274.00939148  .00000153  00000+0  41173-4 0  9996
2 35446  74.0451 125.4463 0075486 170.4027 189.8601 14.54860834922583
COSMOS 2251 DEB         
1 35448U 93036AKS 26274.26012628  .00001387  00000+0  32104-3 0  9994
2 35448  73.9004 250.9395 0010358 343.0044  17.0770 14.56088906915900
COSMOS 2251 DEB         
1 35453U 93036AKX 26273.49143357  .00001031  00000+0  33351-3 0  9999
2 35453  74.0084 201.5751 0068912 264.2727  95.0567 14.39009460904148
COSMOS 2251 DEB         
1 35455U 93036AKZ 26274.22283613  .00001907  00000+0  45727-3 0  9995
2 35455  74.0245 104.7124 0099081 137.2694 223.6227 14.51207391907849
COSMOS 2251 DEB         
1 35456U 93036ALA 26273.26606582  .00004093  00000+0  60254-3 0  9994
2 35456  73.9467 267.0084 0056502  44.7708 315.8003 14.74648425701661
COSMOS 2251 DEB         
1 35459U 93036ALD 26274.52510804  .00000337  00000+0  12061-3 0  9998
2 35459  73.8740   2.8917 0017733 251.6963 108.2260 14.37863136625696
COSMOS 2251 DEB         
1 35462U 93036ALG 26273.85279540  .00001452  00000+0  54048-3 0  9996
2 35462  74.0321  97.2437 0084005  62.8805 298.0882 14.30982995705578
COSMOS 2251 DEB         
1 35465U 93036ALK 26274.53369359  .00000599  00000+0  17543-3 0  9993
2 35465  74.0011  10.5904 0062393 102.0060 258.8100 14.45008776914706
COSMOS 2251 DEB         
1 35469U 93036ALP 26274.06422001  .00000157  00000+0  46589-4 0  9992
2 35469  74.0175 194.2863 0078031 277.0741  82.1550 14.50030380923484
COSMOS 2251 DEB         
1 35475U 93036ALV 26274.49810269  .00003456  00000+0  51560-3 0  9992
2 35475  74.0205 314.8915 0021948 313.0537  46.8798 14.75075966699276
COSMOS 2251 DEB         
1 35476U 93036ALW 26274.26844220  .00004546  00000+0  57368-3 0  9995
2 35476  73.9757 203.0725 0013508 135.5664  17.1589 14.82177165922131
COSMOS 2251 DEB         
1 35580U 93036ALX 26273.74789275  .00000800  00000+0  53681-3 0  9994
2 35580  73.9009  41.6074 0280956 351.3156   8.3158 13.84949087662986
COSMOS 2251 DEB         
1 35583U 93036AMA 26274.26489759  .00000325  00000+0  30400-3 0  9995
2 35583  73.9134  97.6705 0386776  67.6292 296.5321 13.55925394863760
COSMOS 2251 DEB         
1 35585U 93036AMC 26273.31305409  .00001172  00000+0  87502-3 0  9997
2 35585  73.9702 221.2443 0303547  73.5017  75.0030 13.76111335680739
COSMOS 2251 DEB         
1 35586U 93036AMD 26274.48507154  .00000480  00000+0  45609-3 0  9991
2 35586  74.0172 193.4057 0402334   7.1018 106.7112 13.52366760643394
COSMOS 2251 DEB         
1 35587U 93036AME 26274.14152767  .00000834  00000+0  12752-3 0  9997
2 35587  74.0037 208.5466 0101083 322.1287  37.2801 14.72250041706482
COSMOS 2251 DEB         
1 35593U 93036AML 26273.86880811  .00000814  00000+0  32765-3 0  9994
2 35593  74.0831 122.0985 0103745  56.1471 304.9496 14.26683528892303
COSMOS 2251 DEB         
1 35594U 93036AMM 26274.57333797  .00006826  00000+0  62487-3 0  9993
2 35594  73.8047 230.5825 0030210 279.9634  79.8140 14.94805238925524
COSMOS 2251 DEB         
1 35602U 93036AMV 26273.69082557  .00013304  00000+0  23884-3 0  9997
2 35602  73.9893 267.9160 0069693 255.4857 223.1925 15.47166279945906
COSMOS 2251 DEB         
1 35606U 93036AMZ 26274.33646665  .00000268  00000+0  28305-3 0  9997
2 35606  73.8077 264.3302 0450470  63.4795 301.1760 13.41549489649632
COSMOS 2251 DEB         
1 35611U 93036ANE 26274.57464945  .00004542  00000+0  60473-3 0  9999
2 35611  74.0194 324.7054 0022163 322.8610  37.1032 14.79815862916131
COSMOS 2251 DEB         
1 35614U 93036ANH 26272.98235254  .00001450  00000+0  24099-3 0  9993
2 35614  73.9555 121.5036 0073229 264.9873  94.2935 14.69414146920042
COSMOS 2251 DEB         
1 35645U 93036ANL 26273.36754201  .00002696  00000+0  70942-3 0  9999
2 35645  73.9620 260.1506 0067832 345.2505  14.6673 14.48226357909908
COSMOS 2251 DEB         
1 35646U 93036ANM 26274.44467655  .00000364  00000+0  37416-3 0  9993
2 35646  73.8693 311.3405 0458132  10.9097  47.7584 13.41220255857828
COSMOS 2251 DEB         
1 35647U 93036ANN 26272.26338550  .00001038  00000+0  30282-3 0  9996
2 35647  74.0199 113.5293 0046702 144.5118 215.9163 14.44742831718588
COSMOS 2251 DEB         
1 35650U 93036ANR 26274.37948095  .00005697  00000+0  56922-3 0  9999
2 35650  74.0416 155.2534 0015641 148.0984 330.2071 14.91625959919870
COSMOS 2251 DEB         
1 35660U 93036APB 26274.48705159  .00000584  00000+0  15531-3 0  9995
2 35660  74.0389 303.3067 0017263  12.2384  58.0318 14.50689213701152
COSMOS 2251 DEB         
1 35661U 93036APC 26274.10236992  .00002415  00000+0  23836-3 0  9991
2 35661  74.0108 215.1446 0085544 243.6221 115.6161 14.89912632922180
COSMOS 2251 DEB         
1 35663U 93036APE 26272.73944814  .00002900  00000+0  49620-3 0  9997
2 35663  74.0159 281.8471 0010053 283.1743  76.8305 14.69295087776515
COSMOS 2251 DEB         
1 35667U 93036APJ 26274.34456703  .00001588  00000+0  32000-3 0  9990
2 35667  74.0531 301.2048 0021963 283.9392  75.9332 14.62247448750771
COSMOS 2251 DEB         
1 35668U 93036APK 26273.64598329  .00000477  00000+0  91465-4 0  9991
2 35668  74.0468  19.8343 0080967  49.8926 310.9301 14.64665949919207
COSMOS 2251 DEB         
1 35669U 93036APL 26273.04899919  .00000531  00000+0  47295-3 0  9997
2 35669  73.8610  43.9069 0384689 105.3446 259.0510 13.57670761647426
COSMOS 2251 DEB         
1 35670U 93036APM 26274.45833085  .00005660  00000+0  42818-3 0  9991
2 35670  73.8912 185.5459 0027472  85.3097 275.1227 15.02277724921122
COSMOS 2251 DEB         
1 35671U 93036APN 26274.21395630  .00000355  00000+0  10062-3 0  9997
2 35671  74.0153 250.7416 0040379 350.4358  22.3156 14.48697296909980
COSMOS 2251 DEB         
1 35674U 93036APR 26274.33029977  .00002156  00000+0  45847-3 0  9991
2 35674  74.0562 122.4599 0092261  94.3850 266.7863 14.57030079903693
COSMOS 2251 DEB         
1 35701U 93036APW 26272.09203579  .00001467  00000+0  10149-2 0  9995
2 35701  74.0038 173.6344 0288021 319.8777  38.1386 13.81870892661684
COSMOS 2251 DEB         
1 35703U 93036APY 26274.45454763  .00002436  00000+0  22247-3 0  9992
2 35703  74.0399 174.7483 0062294 168.7712 191.4880 14.94201203709835
COSMOS 2251 DEB         
1 35705U 93036AQA 26272.79773632  .00007431  00000+0  92633-3 0  9994
2 35705  74.2675 292.5217 0018458 158.6494 201.5459 14.82468615902264
COSMOS 2251 DEB         
1 35706U 93036AQB 26274.32532219  .00000713  00000+0  58746-3 0  9993
2 35706  73.8857 299.0320 0346517 295.5606  61.0065 13.66623731660586
COSMOS 2251 DEB         
1 35711U 93036AQG 26273.96750555  .00000392  00000+0  76318-4 0  9992
2 35711  74.0475  19.3617 0083139  45.1359 315.6521 14.64450669920485
COSMOS 2251 DEB         
1 35716U 93036AQM 26273.58637997  .00000244  00000+0  54055-4 0  9999
2 35716  73.9963 355.5661 0087996 126.9681 299.1069 14.60397406918873
COSMOS 2251 DEB         
1 35717U 93036AQN 26259.19988352  .00002672  00000+0  82407-3 0  9993
2 35717  74.1583  69.0378 0075051 209.6709 150.0181 14.40255847780929
COSMOS 2251 DEB         
1 35718U 93036AQP 26272.31068879  .00003260  00000+0  51190-3 0  9995
2 35718  74.0283 285.3421 0013889 267.5868  92.3715 14.72978400701137
COSMOS 2251 DEB         
1 35721U 93036AQS 26252.14038428  .00003318  00000+0  10168-2 0  9998
2 35721  73.9493  38.8727 0143480 125.4469 236.0178 14.36310157616697
COSMOS 2251 DEB         
1 35724U 93036AQV 26273.95251069  .00000435  00000+0  97300-4 0  9993
2 35724  74.0296 106.2419 0060299 186.8651 173.1695 14.58753097917890
COSMOS 2251 DEB         
1 35759U 93036ARD 26272.55092416  .00000591  00000+0  11019-3 0  9990
2 35759  74.0399  16.3643 0074872  60.4192 300.4411 14.65660004703955
COSMOS 2251 DEB         
1 35764U 93036ARJ 26269.89088928  .00005241  00000+0  67969-3 0  9994
2 35764  74.0208 136.0943 0025054 183.3695 176.7317 14.80825635703087
COSMOS 2251 DEB         
1 35771U 93036ARR 26274.64338170  .00004113  00000+0  16339-2 0  9999
2 35771  74.1550 153.0778 0201710  13.5504 347.0941 14.18533213870078
COSMOS 2251 DEB         
1 35773U 93036ART 26274.36018780  .00000926  00000+0  18216-3 0  9997
2 35773  74.0056 138.8502 0046706 224.7130 135.0269 14.63472624911183
COSMOS 2251 DEB         
1 35777U 93036ARX 26274.28705096  .00000427  00000+0  44198-3 0  9999
2 35777  73.7701 215.2572 0448262  66.6085  79.6280 13.41560816836078
COSMOS 2251 DEB         
1 35784U 93036ASE 26273.64706993  .00000464  00000+0  12443-3 0  9992
2 35784  74.0358 261.3038 0042137 315.9233  43.8571 14.50545501699385
COSMOS 2251 DEB         
1 35786U 93036ASG 26274.21449121  .00002050  00000+0  35252-3 0  9991
2 35786  74.0129 197.8766 0036375 251.3843 108.3376 14.68902805776997
COSMOS 2251 DEB         
1 35789U 93036ASK 26273.90212143  .00000108  00000+0  45220-4 0  9990
2 35789  74.0361 108.0142 0047271 138.3897 222.0870 14.36151304654218
COSMOS 2251 DEB         
1 35793U 93036ASP 26274.13055791  .00004515  00000+0  52774-3 0  9992
2 35793  74.0376 202.0307 0007698 217.5488 203.6262 14.85402032701306
COSMOS 2251 DEB         
1 35824U 93036ASW 26273.71091029  .00001226  00000+0  79297-3 0  9999
2 35824  73.8418 266.4143 0254390 299.7490  57.8545 13.89309634882811
COSMOS 2251 DEB         
1 35825U 93036ASX 26271.00545244  .00000598  00000+0  43859-3 0  9999
2 35825  74.1130  26.6244 0351958  53.4525 309.8451 13.71864704864740
COSMOS 2251 DEB         
1 35829U 93036ATB 26271.65119576  .00007378  00000+0  91266-3 0  9997
2 35829  74.0211 247.2504 0010831 249.4895 110.5120 14.82883843920642
COSMOS 2251 DEB         
1 35830U 93036ATC 26274.17328343  .00000905  00000+0  36112-3 0  9991
2 35830  73.8598  93.1474 0121268   5.6366 354.6112 14.26071736654302
COSMOS 2251 DEB         
1 35834U 93036ATG 26271.36247834  .00000453  00000+0  24157-3 0  9992
2 35834  73.9322 149.0612 0110742 248.5541 232.0714 14.13171337703547
COSMOS 2251 DEB         
1 35835U 93036ATH 26272.36925434  .00000632  00000+0  42661-3 0  9992
2 35835  74.0622 139.3583 0292513 214.0493 144.1563 13.83658100657180
COSMOS 2251 DEB         
1 35836U 93036ATJ 26274.54525407  .00003883  00000+0  55617-3 0  9997
2 35836  74.0309 321.1102 0024601 305.9088  53.9803 14.76733830678355
COSMOS 2251 DEB         
1 35837U 93036ATK 26271.18286262  .00001793  00000+0  12451-2 0  9994
2 35837  73.7235  85.1372 0410419 325.3055 152.6289 13.65739035619251
COSMOS 2251 DEB         
1 35840U 93036ATN 26268.58054345  .00004169  00000+0  12278-2 0  9990
2 35840  73.9330 345.1726 0109526 186.6665 173.3041 14.40513097894189
COSMOS 2251 DEB         
1 35883U 93036ATW 26274.16477953  .00000518  00000+0  13221-3 0  9996
2 35883  74.0219 239.6197 0084376 295.4362  76.1961 14.51102234666278
COSMOS 2251 DEB         
1 35884U 93036ATX 26269.01431180  .00002221  00000+0  85807-3 0  9999
2 35884  73.9887 174.9618 0111505 254.6180 104.2626 14.27388864264540
COSMOS 2251 DEB         
1 35885U 93036ATY 26274.28290403  .00000310  00000+0  11113-3 0  9992
2 35885  74.0258 115.9503 0023376 130.7507 229.5681 14.37926967692201
COSMOS 2251 DEB         
1 35887U 93036AUA 26274.44327618  .00002330  00000+0  58227-3 0  9992
2 35887  73.9769 314.4315 0075911  37.5233 323.1190 14.50380117687663
COSMOS 2251 DEB         
1 35888U 93036AUB 26274.04144777  .00000589  00000+0  12923-3 0  9999
2 35888  74.0325 159.7873 0050239 217.7982 141.9652 14.59223818905364
COSMOS 2251 DEB         
1 35890U 93036AUD 26273.68053817  .00003205  00000+0  64585-3 0  9994
2 35890  73.9359  42.5309 0052674 102.0890 258.6185 14.61066679694101
COSMOS 2251 DEB         
1 35891U 93036AUE 26271.40791630  .00504683  10299-3  13694-2 0  9990
2 35891  73.9632 173.1861 0021794 198.4066 161.6383 15.93657069717174
COSMOS 2251 DEB         
1 35895U 93036AUJ 26269.23014262  .00001488  00000+0  81233-3 0  9996
2 35895  74.0455 208.2746 0205859 239.7787 118.2826 14.02749325630428
COSMOS 2251 DEB         
1 35898U 93036AUM 26274.16555353  .00004212  00000+0  33404-3 0  9993
2 35898  73.9891  64.1989 0075531 133.7476  40.3655 14.98622946711857
COSMOS 2251 DEB         
1 35902U 93036AUR 26263.18973666  .00001404  00000+0  54445-3 0  9998
2 35902  73.9803  83.1518 0101954 134.6239 226.3283 14.28062290651467
COSMOS 2251 DEB         
1 35905U 93036AUU 26271.93280320  .00003176  00000+0  22359-3 0  9998
2 35905  74.0324 339.6796 0084307 341.6642  18.1510 15.02663020929376
COSMOS 2251 DEB         
1 35956U 93036AUW 26274.50567404  .00003630  00000+0  15621-2 0  9999
2 35956  74.0718  98.1019 0226427 104.6606 257.9753 14.12121090659909
COSMOS 2251 DEB         
1 35959U 93036AUZ 26273.03350776  .00000128  00000+0  54750-4 0  9998
2 35959  74.0316 138.7345 0021955 154.1878 206.0375 14.34292641891042
COSMOS 2251 DEB         
1 35961U 93036AVB 26269.11328329  .00001332  00000+0  69973-3 0  9994
2 35961  73.9268  58.1302 0186287 293.3450  64.8183 14.06665932667212
COSMOS 2251 DEB         
1 35975U 93036AVR 26274.36006037  .00001355  00000+0  51625-3 0  9991
2 35975  74.0488 159.9359 0111767 169.0913 191.2700 14.28419213682781
COSMOS 2251 DEB         
1 35979U 93036AVV 26272.31257866  .00002606  00000+0  36178-3 0  9992
2 35979  74.0112  28.4610 0056859  88.2476 302.5922 14.77344693929213
COSMOS 2251 DEB         
1 35980U 93036AVW 26273.29720332  .00002482  00000+0  48960-3 0  9999
2 35980  73.9088 281.1393 0052414 347.0560  12.9256 14.62181732657446
COSMOS 2251 DEB         
1 35982U 93036AVY 26274.64575419  .00000989  00000+0  18861-3 0  9992
2 35982  74.0558 145.4747 0063903 137.8408 222.7702 14.64120329904515
COSMOS 2251 DEB         
1 35987U 93036AWD 26274.32610028  .00001092  00000+0  31909-3 0  9992
2 35987  73.9954 141.2396 0049210 197.5469 162.3991 14.44577502652883
COSMOS 2251 DEB         
1 35989U 93036AWF 26273.80817383  .00000211  00000+0  79098-4 0  9993
2 35989  74.0353 106.6118 0021609 121.6235 238.7031 14.37359949913752
COSMOS 2251 DEB         
1 35993U 93036AWK 26274.31029194  .00001259  00000+0  22833-3 0  9997
2 35993  74.0124 128.0466 0028828 238.6202 121.2146 14.67136228647315
COSMOS 2251 DEB         
1 35996U 93036AWN 26268.57090129  .00009439  00000+0  47332-3 0  9996
2 35996  74.0298 228.7165 0084585 245.6704 113.5643 15.14293404766615
COSMOS 2251 DEB         
1 35997U 93036AWP 26271.91743835  .00001217  00000+0  30369-3 0  9996
2 35997  74.0455   0.8123 0015436   0.1597 359.9567 14.52618408750965
COSMOS 2251 DEB         
1 36000U 93036AWS 26274.15668410  .00015383  00000+0  10606-2 0  9996
2 36000  73.9837 212.4263 0030070 248.9600 110.8373 15.05453505645491
COSMOS 2251 DEB         
1 36005U 93036AWX 26273.72331134  .00000279  00000+0  81667-4 0  9998
2 36005  74.0241 267.5392 0061601 331.0354  28.7391 14.47653568918097
COSMOS 2251 DEB         
1 36008U 93036AXA 26271.89161823  .00003496  00000+0  12317-2 0  9991
2 36008  74.0009 103.5878 0162413 180.0938 180.0210 14.28037975647620
COSMOS 2251 DEB         
1 36045U 93036AXG 26274.50834408  .00004727  00000+0  67392-3 0  9991
2 36045  73.7605 198.5612 0044258 166.0775 194.1631 14.76408363127013
COSMOS 2251 DEB         
1 36046U 93036AXH 26270.25237321  .00002018  00000+0  36073-3 0  9994
2 36046  74.0129  79.9035 0055999 154.8088  19.8410 14.66591877682315
COSMOS 2251 DEB         
1 36047U 93036AXJ 26273.93606305  .00023431  00000+0  12514-2 0  9990
2 36047  74.0123  94.4644 0008680  78.9642 281.2529 15.15005074703386
COSMOS 2251 DEB         
1 36048U 93036AXK 26273.30544133  .00000275  00000+0  98870-4 0  9994
2 36048  74.0551 122.9071 0025695 104.3291   9.7868 14.38214624896932
COSMOS 2251 DEB         
1 36049U 93036AXL 26273.75570326  .00001824  00000+0  34725-3 0  9996
2 36049  74.0277 278.4108 0014129 288.2959  71.6671 14.64795846896376
COSMOS 2251 DEB         
1 36050U 93036AXM 26272.42935333  .00003218  00000+0  21312-3 0  9991
2 36050  74.0310 319.8233 0082334 320.8962  38.6293 15.05027210714039
COSMOS 2251 DEB         
1 36053U 93036AXQ 26273.09389148  .00002276  00000+0  47142-3 0  9997
2 36053  73.8697 311.8261 0029004 204.7836 155.1938 14.60624331916947
COSMOS 2251 DEB         
1 36058U 93036AXV 26273.50364401  .00001124  00000+0  23758-3 0  9991
2 36058  74.0220 196.7306 0046687 256.0853 103.5117 14.59933273703678
COSMOS 2251 DEB         
1 36060U 93036AXX 26273.72187156  .00000470  00000+0  14967-3 0  9993
2 36060  74.0289  52.8125 0014293  82.0538 278.2240 14.42527004892198
COSMOS 2251 DEB         
1 36061U 93036AXY 26274.48186520  .00000303  00000+0  11654-3 0  9997
2 36061  74.0247 183.7248 0039267 203.4073 156.5293 14.34110397693003
COSMOS 2251 DEB         
1 36073U 93036AYL 26273.38648060  .00000238  00000+0  92033-4 0  9998
2 36073  74.0317 147.7851 0024350 150.5454 209.7077 14.35245738743912
COSMOS 2251 DEB         
1 36074U 93036AYM 26273.07805447  .00001153  00000+0  33152-3 0  9992
2 36074  73.9899 156.4979 0044184 182.0257 178.0729 14.45427911901174
COSMOS 2251 DEB         
1 36366U 93036AYT 26273.88314419  .00001768  00000+0  59690-3 0  9996
2 36366  74.0626  98.7606 0087239  55.8461 305.0925 14.35514737904787
COSMOS 2251 DEB         
1 36367U 93036AYU 26265.26097051  .00001401  00000+0  92237-3 0  9998
2 36367  74.0998 112.7684 0262020 117.7621 245.0340 13.87223471614603
COSMOS 2251 DEB         
1 36369U 93036AYW 26273.21137920  .00003960  00000+0  54295-3 0  9998
2 36369  74.0283 219.4410 0014830 232.3995 127.5835 14.78716846902243
COSMOS 2251 DEB         
1 36371U 93036AYY 26274.36106986  .00003627  00000+0  52662-3 0  9992
2 36371  74.0105 309.7740 0012239 283.4181  76.5629 14.76340642757565
COSMOS 2251 DEB         
1 36379U 93036AZG 26274.36853517  .00000296  00000+0  10846-3 0  9996
2 36379  74.0107 128.5582 0046439 189.2296 345.6155 14.36460533690293
COSMOS 2251 DEB         
1 36385U 93036AZN 26274.11374887  .00003854  00000+0  46827-3 0  9995
2 36385  73.9668 299.9018 0127719  42.5052 318.5925 14.78174968894154
COSMOS 2251 DEB         
1 36420U 93036AZT 26273.79684546  .00000144  00000+0  57323-4 0  9997
2 36420  74.0349  98.4805 0017566 120.4618 252.9299 14.37110648892322
COSMOS 2251 DEB         
1 36430U 93036BAD 26270.78761350  .00000441  00000+0  17832-3 0  9993
2 36430  74.0033 303.6092 0095403  25.0572 335.5161 14.28251484686834
COSMOS 2251 DEB         
1 36437U 93036BAL 26274.45905347  .00003076  00000+0  45723-3 0  9991
2 36437  73.9398 180.0690 0019329 328.8175  31.1850 14.75331119703627
COSMOS 2251 DEB         
1 36439U 93036BAN 26271.72988090  .00000523  00000+0  49838-3 0  9991
2 36439  73.9686 293.5990 0428248 210.2692 147.3044 13.48566185625219
COSMOS 2251 DEB         
1 36441U 93036BAQ 26273.24295829  .00004183  00000+0  22347-3 0  9996
2 36441  73.8293 101.1282 0101556 139.0578 221.8299 15.11064915913636
COSMOS 2251 DEB         
1 36451U 93036BBA 26258.52384170  .00001671  00000+0  67851-3 0  9997
2 36451  73.9525 197.9457 0183507 321.0354  37.7681 14.19719852881529
COSMOS 2251 DEB         
1 36453U 93036BBC 26271.47951587  .00001502  00000+0  34904-3 0  9996
2 36453  73.9235 321.2532 0066976 162.3267 263.0906 14.54510275886788
COSMOS 2251 DEB         
1 36459U 93036BBJ 26272.46391952  .00001918  00000+0  72513-3 0  9995
2 36459  74.0425 193.5984 0116713 219.1768 140.0891 14.28226125120305
COSMOS 2251 DEB         
1 36528U 93036BCN 26273.50247127  .00000859  00000+0  31969-3 0  9995
2 36528  74.0174 333.0823 0085850 312.6021  46.7909 14.31546973686011
COSMOS 2251 DEB         
1 36529U 93036BCP 26271.32973471  .00035800  00000+0  29931-2 0  9991
2 36529  74.0010 133.3097 0049503 137.8159 340.9713 14.97366916654509
COSMOS 2251 DEB         
1 36531U 93036BCR 26266.28709143  .00004303  00000+0  13325-2 0  9990
2 36531  74.0856 213.1225 0151626 161.0084 199.6812 14.35057345635723
COSMOS 2251 DEB         
1 36533U 93036BCT 26274.46626635  .00000624  00000+0  16428-3 0  9995
2 36533  74.0088 284.0642 0047953 359.2907   0.8177 14.50546221887284
COSMOS 2251 DEB         
1 36539U 93036BCZ 26274.28727903  .00001464  00000+0  30413-3 0  9994
2 36539  74.0213 216.3007 0028874 282.2927  77.5007 14.60810514882177
COSMOS 2251 DEB         
1 36540U 93036BDA 26274.61008725  .00001684  00000+0  34894-3 0  9998
2 36540  74.0291 341.4164 0015781 335.1616  24.8788 14.60989799902845
COSMOS 2251 DEB         
1 36550U 93036BDL 26272.99827361  .00000614  00000+0  24978-3 0  9997
2 36550  74.0450  25.4743 0077478   4.9820 355.2081 14.27974916887526
COSMOS 2251 DEB         
1 36551U 93036BDM 26274.57633845  .00007984  00000+0  42098-3 0  9996
2 36551  73.8964 125.1805 0031407   9.4515 350.7263 15.15287756713509
COSMOS 2251 DEB         
1 36557U 93036BDT 26273.24989610  .00011195  00000+0  12031-2 0  9991
2 36557  73.9772 266.3318 0020610 329.7877  30.2113 14.88460799382216
COSMOS 2251 DEB         
1 36558U 93036BDU 26274.41361741  .00001214  00000+0  27608-3 0  9999
2 36558  74.0422 319.5456 0013948 326.6555  33.3729 14.57010492895291
COSMOS 2251 DEB         
1 36559U 93036BDV 26274.30094219  .00002067  00000+0  10906-2 0  9990
2 36559  74.1213 228.0365 0261041 191.0530 168.4804 13.98482101851807
COSMOS 2251 DEB         
1 36614U 93036BEC 26273.89488710  .00002033  00000+0  40108-3 0  9999
2 36614  74.0232 334.8396 0016512 329.5124  30.5081 14.63068664698821
COSMOS 2251 DEB         
1 36622U 93036BEL 26272.73398877  .00001751  00000+0  23773-3 0  9999
2 36622  74.0110 293.8024 0066131 353.7028   6.3307 14.78205850710475
COSMOS 2251 DEB         
1 36632U 93036BEW 26274.26337379  .00000972  00000+0  28846-3 0  9990
2 36632  73.9983 107.3057 0033743 148.3762 211.9433 14.44316826694376
COSMOS 2251 DEB         
1 37084U 93036BFE 26273.72594518  .00003211  00000+0  21185-3 0  9990
2 37084  74.0254 284.7461 0092165 286.5626  72.5455 15.04488859706548
COSMOS 2251 DEB         
1 37089U 93036BFK 26272.81785727  .00003588  00000+0  71089-3 0  9993
2 37089  74.0355 313.9633 0129611 339.5370  20.0627 14.57417403703453
COSMOS 2251 DEB         
1 37094U 93036BFQ 26274.36269238  .00000924  00000+0  29489-3 0  9993
2 37094  74.1068 303.9926 0082037 194.8547 165.0199 14.39185010887142
COSMOS 2251 DEB         
1 37095U 93036BFR 26273.67190686  .00001159  00000+0  62891-3 0  9992
2 37095  73.8472  35.1249 0192105  40.5407 320.9855 14.04509689667332
COSMOS 2251 DEB         
1 37101U 93036BFX 26260.72235816  .00003338  00000+0  58085-3 0  9998
2 37101  74.0302 275.5973 0045510 289.9873  69.6399 14.67846612697626
COSMOS 2251 DEB         
1 37108U 93036BGE 26274.38186261  .00001663  00000+0  47844-3 0  9991
2 37108  74.0401 257.9316 0094568 261.7280  97.3144 14.43017868897260
COSMOS 2251 DEB         
1 37118U 93036BGQ 26268.63116363  .00013900  00000+0  16181-2 0  9995
2 37118  74.0111 235.5086 0008321 252.9131 107.1137 14.85283992698028
COSMOS 2251 DEB         
1 37126U 93036BGY 26273.91253871  .00000439  00000+0  65162-4 0  9995
2 37126  73.9499 141.8123 0121260 310.2851  48.7770 14.73859718124029
COSMOS 2251 DEB         
1 37132U 93036BHE 26271.00730469  .00004364  00000+0  55375-3 0  9998
2 37132  74.0027  23.0810 0038330 106.8223 253.7164 14.81501664666957
COSMOS 2251 DEB         
1 37270U 93036BHJ 26274.27979533  .00001199  00000+0  94966-3 0  9992
2 37270  73.9300 217.6017 0393308 175.7030 184.7634 13.61652892810494
COSMOS 2251 DEB         
1 37278U 93036BHS 26267.49067481  .00003569  00000+0  11770-2 0  9990
2 37278  73.7861 193.0581 0295717 325.9007 154.5821 14.16537554678733
COSMOS 2251 DEB         
1 37280U 93036BHU 26273.66629762  .00001560  00000+0  67396-3 0  9990
2 37280  74.0274 254.5269 0133446 311.5376  47.4382 14.20607286614674
COSMOS 2251 DEB         
1 37284U 93036BHY 26273.48984501  .00001569  00000+0  74473-3 0  9992
2 37284  74.0181 359.6679 0157984  82.8322 292.5026 14.13926782632977
COSMOS 2251 DEB         
1 37292U 93036BJG 26268.72359176  .00001404  00000+0  73126-3 0  9998
2 37292  74.1229 271.9525 0207835 203.3250 155.8356 14.04967532638776
COSMOS 2251 DEB         
1 37293U 93036BJH 26249.39200573  .00001620  00000+0  44569-3 0  9996
2 37293  73.9192 138.5366 0065079 348.7883  11.1820 14.46555552692425
COSMOS 2251 DEB         
1 37295U 93036BJK 26273.43710091  .00001608  00000+0  29043-3 0  9997
2 37295  74.0022  78.5104 0044752 185.1166 174.9553 14.66690210865792
COSMOS 2251 DEB         
1 37305U 93036BJV 26274.23136184  .00000712  00000+0  24608-3 0  9990
2 37305  73.8663 107.5004 0047192   9.0114 351.1874 14.37024537710674
COSMOS 2251 DEB         
1 37312U 93036BKC 26272.97357665  .00000667  00000+0  19074-3 0  9996
2 37312  74.0332  20.1302 0017137  51.3241 308.9448 14.46929073903755
COSMOS 2251 DEB         
1 37316U 93036BKG 26274.06860918  .00014058  00000+0  80319-3 0  9991
2 37316  74.0171 142.4689 0027350 148.7455 211.5371 15.12402347905381
COSMOS 2251 DEB         
1 37320U 93036BKL 26274.52310275  .00002044  00000+0  25805-3 0  9994
2 37320  74.0475   1.1688 0044142  11.0521 349.1614 14.81959016704804
COSMOS 2251 DEB         
1 37326U 93036BKS 26271.04701726  .00001087  00000+0  21440-3 0  9996
2 37326  74.0230 140.1927 0056739 197.9693 161.9470 14.62784271897124
COSMOS 2251 DEB         
1 37330U 93036BKW 26274.25094465  .00000611  00000+0  13018-3 0  9996
2 37330  74.0149  96.3021 0057876 231.0658 128.5342 14.60270096906377
COSMOS 2251 DEB         
1 37331U 93036BKX 26274.26322892  .00000706  00000+0  24811-3 0  9994
2 37331  74.0715 252.5036 0056883 196.1991 163.7346 14.35809925889575
COSMOS 2251 DEB         
1 37336U 93036BLC 26272.36949344  .00000084  00000+0  40056-4 0  9994
2 37336  74.0417 160.5978 0029754 171.2578 188.9098 14.32855668692829
COSMOS 2251 DEB         
1 37340U 93036BLG 26273.20559868  .00000199  00000+0  75581-4 0  9999
2 37340  74.0227 100.7951 0017635 131.4963 228.7707 14.37184396882549
COSMOS 2251 DEB         
1 37483U 93036BLL 26274.39236776  .00000277  00000+0  84944-4 0  9998
2 37483  73.9744 317.1259 0090746  96.7616 264.3877 14.43961017695036
COSMOS 2251 DEB         
1 37484U 93036BLM 26270.04346159  .00001400  00000+0  42244-3 0  9999
2 37484  73.8239  26.5687 0038331   5.8256 107.5895 14.43028756695362
COSMOS 2251 DEB         
1 37486U 93036BLP 26271.88955947  .00002078  00000+0  84955-3 0  9992
2 37486  73.6914 308.6780 0216377 134.7363  37.7454 14.16012245674738
COSMOS 2251 DEB         
1 37487U 93036BLQ 26273.43057494  .00011733  00000+0  10191-2 0  9994
2 37487  73.8927 323.9318 0021165  76.4728 283.8813 14.96901842855886
COSMOS 2251 DEB         
1 37491U 93036BLU 26273.96013329  .00000869  00000+0  64010-3 0  9994
2 37491  73.9046 143.8976 0313011  81.8619 281.7877 13.76025709597657
COSMOS 2251 DEB         
1 37496U 93036BLZ 26270.22243897  .00019600  00000+0  12936-2 0  9992
2 37496  73.9423  91.8390 0050017  37.7334 322.7345 15.06356049703442
COSMOS 2251 DEB         
1 37498U 93036BMB 26263.57419838  .00001881  00000+0  42768-3 0  9993
2 37498  74.0374   9.6278 0011471   2.9066 357.2163 14.56625395694560
COSMOS 2251 DEB         
1 37499U 93036BMC 26271.01359321  .00000200  00000+0  79671-4 0  9990
2 37499  74.0376 152.5181 0027688 162.6846 197.5257 14.34551829892971
COSMOS 2251 DEB         
1 37518U 93036BMX 26250.29343112  .00137269  00000+0  27957-2 0  9994
2 37518  73.9600  98.3033 0019485 157.8491 202.3566 15.45465203699989
COSMOS 2251 DEB         
1 37528U 93036BNH 26274.31280465  .00000592  00000+0  15552-3 0  9992
2 37528  74.0348 291.9018 0020134   0.3330 359.7841 14.51283921901746
COSMOS 2251 DEB         
1 37530U 93036BNK 26273.43213348  .00000241  00000+0  93673-4 0  9995
2 37530  74.0360 159.2942 0026489 155.5228  17.2494 14.34799395894157
COSMOS 2251 DEB         
1 37531U 93036BNL 26269.82599630  .00007210  00000+0  12186-2 0  9996
2 37531  74.0062  68.3923 0034449  82.4911 278.0171 14.69150999742765
COSMOS 2251 DEB         
1 37532U 93036BNM 26274.08670185  .00000326  00000+0  10565-3 0  9997
2 37532  74.0519  33.7162 0014561  62.3901 112.9643 14.42788883891319
COSMOS 2251 DEB         
1 37533U 93036BNN 26273.72434355  .00001070  00000+0  51620-3 0  9999
2 37533  74.0690  36.3927 0157885  22.3592 338.4330 14.13500029670457
COSMOS 2251 DEB         
1 37535U 93036BNQ 26274.36406102  .00001514  00000+0  31999-3 0  9991
2 37535  74.0208 235.2243 0029153 295.2006 219.0256 14.59987288895931
COSMOS 2251 DEB         
1 37537U 93036BNS 26272.86558141  .00000268  00000+0  96347-4 0  9991
2 37537  74.0096  88.4206 0051026 161.0025 199.3048 14.37788248892173
COSMOS 2251 DEB         
1 37546U 93036BPB 26274.32754590  .00008491  00000+0  88429-3 0  9997
2 37546  74.0173 235.7992 0008012 227.2205 132.8303 14.89926205702338
COSMOS 2251 DEB         
1 37959U 93036BPJ 26274.12494953  .00001389  00000+0  29219-3 0  9998
2 37959  74.0086 219.0139 0058591 287.1358  85.1259 14.59529038843918
COSMOS 2251 DEB         
1 37960U 93036BPK 26267.74289682  .00000281  00000+0  13444-3 0  9994
2 37960  74.0595  45.2407 0247004 355.5442   4.3494 14.08709187814321
COSMOS 2251 DEB         
1 37961U 93036BPL 26274.34408017  .00001543  00000+0  32445-3 0  9998
2 37961  74.0386 299.6597 0041720 303.9201  55.8000 14.59923619843333
COSMOS 2251 DEB         
1 37967U 93036BPS 26273.38924954  .00001675  00000+0  45036-3 0  9996
2 37967  74.0136 315.9193 0145976  23.1876 337.5776 14.42697416689392
COSMOS 2251 DEB         
1 37968U 93036BPT 26274.07185058  .00004683  00000+0  30547-3 0  9991
2 37968  73.9992  32.1531 0072632  72.9850 287.9282 15.05993191646131
COSMOS 2251 DEB         
1 37969U 93036BPU 26270.91837241  .00003849  00000+0  98162-3 0  9999
2 37969  73.9755 112.6784 0100855 243.3471 115.7333 14.47888341556472
COSMOS 2251 DEB         
1 37971U 93036BPW 26273.23866160  .00002793  00000+0  68008-3 0  9995
2 37971  73.9911 212.4354 0069554 277.8657  81.4613 14.51794493649044
COSMOS 2251 DEB         
1 37973U 93036BPY 26271.94858495  .00000804  00000+0  24718-3 0  9996
2 37973  74.0291 125.1210 0036739 132.9016 227.5235 14.42775789691732
COSMOS 2251 DEB         
1 37975U 93036BQA 26273.79146805  .00007473  00000+0  77552-3 0  9991
2 37975  73.9950 104.6210 0071339  24.7534 335.7040 14.88223331740758
COSMOS 2251 DEB         
1 37985U 93036BQL 26267.28153293  .00000068  00000+0  32501-4 0  9997
2 37985  74.0227 101.6068 0021085 161.1552 199.0386 14.35552312690142
COSMOS 2251 DEB         
1 37988U 93036BQP 26274.15042647  .00001886  00000+0  29905-3 0  9996
2 37988  74.0612 177.3870 0061363 141.0783 219.4831 14.71680805276949
COSMOS 2251 DEB         
1 37993U 93036BQU 26273.86735546  .00001853  00000+0  36834-3 0  9999
2 37993  74.0230 327.5703 0022387 338.8498  21.1741 14.62722330695850
COSMOS 2251 DEB         
1 37994U 93036BQV 26274.49621989  .00000416  00000+0  13967-3 0  9991
2 37994  74.0335  94.8272 0022476 107.0985 253.2634 14.40111903812784
COSMOS 2251 DEB         
1 37998U 93036BQZ 26273.07253791  .00000826  00000+0  23707-3 0  9998
2 37998  74.0367  51.5492 0018510  56.6681 303.6246 14.46381818684981
COSMOS 2251 DEB         
1 38001U 93036BRC 26273.99583547  .00002404  00000+0  30058-3 0  9991
2 38001  73.9971 274.8450 0062762 348.8431  41.1716 14.81564599790338
COSMOS 2251 DEB         
1 38006U 93036BRH 26274.50068718  .00002655  00000+0  68042-3 0  9994
2 38006  73.8440 203.5598 0066346  98.4342 262.4344 14.49536204671986
COSMOS 2251 DEB         
1 38054U 93036BRL 26274.63557027  .00002042  00000+0  17073-2 0  9994
2 38054  73.9517 145.9387 0351511  66.7495 326.2169 13.63884875711713
COSMOS 2251 DEB         
1 38055U 93036BRM 26269.51902440  .00003598  00000+0  46680-3 0  9993
2 38055  74.0102   0.1221 0062161  54.9540 319.0628 14.79804668649366
COSMOS 2251 DEB         
1 38056U 93036BRN 26274.60606675  .00002035  00000+0  11977-2 0  9996
2 38056  73.9251 133.6064 0278946  63.5914 299.3554 13.90908611683437
COSMOS 2251 DEB         
1 38057U 93036BRP 26274.34675295  .00002196  00000+0  86198-3 0  9998
2 38057  73.9971 266.8264 0140098 347.9965  11.7852 14.24704817641036
COSMOS 2251 DEB         
1 38058U 93036BRQ 26273.06357222  .00001591  00000+0  11950-2 0  9995
2 38058  74.0007 175.9422 0398144 359.1867   0.8549 13.63507901622980
COSMOS 2251 DEB         
1 38060U 93036BRS 26270.80645017  .00001294  00000+0  24134-3 0  9998
2 38060  74.0391  99.8550 0058128 133.5944 227.0070 14.65013163761969
COSMOS 2251 DEB         
1 38062U 93036BRU 26267.80736309  .00040667  00000+0  25546-2 0  9995
2 38062  74.0015  65.7694 0014737 123.1458 303.7468 15.08981102673261
COSMOS 2251 DEB         
1 38064U 93036BRW 26274.39960418  .00001388  00000+0  30463-3 0  9991
2 38064  74.0196 287.6177 0047287 331.0624  28.7918 14.57924623761287
COSMOS 2251 DEB         
1 38067U 93036BRZ 26270.73838765  .00001094  00000+0  21739-3 0  9997
2 38067  74.0151  80.9464 0069660 157.5429 216.1323 14.61895276667786
COSMOS 2251 DEB         
1 38068U 93036BSA 26274.28228958  .00000267  00000+0  10001-3 0  9990
2 38068  74.0200 130.5328 0025754 153.1964 207.0526 14.36353423708465
COSMOS 2251 DEB         
1 38197U 93036BSM 26273.89313094  .00006117  00000+0  65417-3 0  9996
2 38197  73.9331 137.9639 0097343 303.2715  55.9165 14.85503699900775
COSMOS 2251 DEB         
1 38199U 93036BSP 26272.42615103  .00000318  00000+0  26475-3 0  9990
2 38199  73.9549 304.4270 0366258 174.1007 186.4609 13.65193727649882
COSMOS 2251 DEB         
1 38208U 93036BSY 26274.16747862  .00009095  00000+0  84042-3 0  9997
2 38208  74.0008 212.6429 0008778 238.1178 184.0885 14.94673872755145
COSMOS 2251 DEB         
1 38212U 93036BTC 26272.29248245  .00001121  00000+0  14572-3 0  9998
2 38212  74.0494 226.0204 0092541 216.4059 143.0802 14.79116031856044
COSMOS 2251 DEB         
1 38220U 93036BTL 26271.16009286  .00030000  00000+0  16897-2 0  9991
2 38220  74.0082 195.8620 0006043 205.2463 154.8436 15.13078504757200
COSMOS 2251 DEB         
1 38479U 93036BTP 26271.95967654  .00001858  00000+0  56791-3 0  9993
2 38479  74.0079   7.2329 0081518  46.1218  76.3924 14.40628700688643
COSMOS 2251 DEB         
1 38481U 93036BTR 26270.26380346  .00001198  00000+0  72189-3 0  9992
2 38481  73.9300 228.4407 0224884 111.4393 251.0887 13.95877554630852
COSMOS 2251 DEB         
1 38483U 93036BTT 26269.12437011  .00001542  00000+0  56693-3 0  9994
2 38483  74.2595 216.7773 0114204 236.0443 122.9813 14.29912831675843
COSMOS 2251 DEB         
1 38486U 93036BTW 26272.91493233  .00005150  00000+0  65594-3 0  9995
2 38486  73.9396 349.7628 0029101  58.8588  61.8203 14.81511000797365
COSMOS 2251 DEB         
1 38487U 93036BTX 26273.84100711  .00252055  00000+0  20482-2 0  9999
2 38487  73.9499 122.8416 0015896 181.1278 178.9912 15.69693314712873
COSMOS 2251 DEB         
1 39109U 93036BTY 26270.00203794  .00001859  00000+0  29158-3 0  9995
2 39109  74.0432  24.8690 0056892  54.1006  65.2384 14.72344458694143
COSMOS 2251 DEB         
1 39110U 93036BTZ 26260.62544409  .00001832  00000+0  26921-3 0  9991
2 39110  73.9542 235.5971 0092680  41.2660  80.5979 14.73389805665904
COSMOS 2251 DEB         
1 39546U 93036BUC 26274.33030026  .00007093  00000+0  57716-3 0  9993
2 39546  73.9949 264.2950 0039124 344.3719  15.6256 14.99117368688127
COSMOS 2251 DEB         
1 39553U 93036BUK 26269.48763755  .00001207  00000+0  68650-3 0  9993
2 39553  74.0261 191.1051 0205879 260.9394  96.8393 14.00849872796451
COSMOS 2251 DEB         
1 39583U 93036BUN 26273.64393850  .00003386  00000+0  56812-3 0  9991
2 39583  73.9323  43.7185 0128944  92.3402 269.2536 14.64727970660487
COSMOS 2251 DEB         
1 39585U 93036BUQ 26273.80223445  .00000503  00000+0  10980-3 0  9997
2 39585  74.0390 105.0389 0066102 152.9024 207.5618 14.59234655667809
COSMOS 2251 DEB         
1 39586U 93036BUR 26274.11067451  .00000527  00000+0  23869-3 0  9992
2 39586  74.0084  63.1162 0100247 130.7245 352.4199 14.21678412651260
COSMOS 2251 DEB         
1 39591U 93036BUW 26274.18217226  .00000635  00000+0  19894-3 0  9995
2 39591  74.0191  63.9680 0028688 108.8271  65.7196 14.42429696659924
COSMOS 2251 DEB         
1 40218U 93036BUX 26274.15126477  .00000510  00000+0  16295-3 0  9991
2 40218  74.0294  66.6678 0015859  83.0778 277.2181 14.42150682630766
COSMOS 2251 DEB         
1 40228U 93036BVH 26274.19929895  .00000419  00000+0  13688-3 0  9992
2 40228  74.0526  79.6393 0022708  70.4507 105.0244 14.41465186631344
COSMOS 2251 DEB         
1 40230U 93036BVK 26273.06526916  .00001099  00000+0  28639-3 0  9994
2 40230  74.0443  40.0103 0016998  25.3434  90.9488 14.50641612631946
COSMOS 2251 DEB         
1 40233U 93036BVN 26273.95015611  .00001716  00000+0  35278-3 0  9993
2 40233  73.9368 262.3515 0047572 270.2525  89.3190 14.60731663634013
COSMOS 2251 DEB         
1 40236U 93036BVR 26271.05123055  .00000638  00000+0  70749-3 0  9991
2 40236  73.5371  47.5405 0534507 261.5770  92.4417 13.25173632574567
COSMOS 2251 DEB         
1 40239U 93036BVU 26274.20791764  .00000877  00000+0  16924-3 0  9992
2 40239  74.0283  75.2422 0084412 113.7232  60.0148 14.62833551638862
COSMOS 2251 DEB         
1 40792U 93036BVV 26274.17594016  .00002244  00000+0  37476-3 0  9998
2 40792  74.0436 201.4144 0019202 230.5781 196.6911 14.70423144674790
COSMOS 2251 DEB         
1 40793U 93036BVW 26274.55271123  .00000417  00000+0  21761-3 0  9992
2 40793  73.9803  10.9793 0211246 103.2459 259.2334 14.06422108723619
COSMOS 2251 DEB         
1 40794U 93036BVX 26271.68099905  .00058615  00000+0  27825-2 0  9999
2 40794  73.9681 247.2689 0011606 281.1856 253.8158 15.18903162662881
COSMOS 2251 DEB         
1 40796U 93036BVZ 26274.29279378  .00002777  00000+0  32268-3 0  9991
2 40796  74.0094 281.7854 0053503 341.2871  31.2577 14.84868723804973
COSMOS 2251 DEB         
1 40797U 93036BWA 26274.50996380  .00008181  00000+0  36984-3 0  9999
2 40797  73.9327 201.4857 0055951  39.7932 320.7346 15.19647753690801
COSMOS 2251 DEB         
1 40799U 93036BWC 26272.55743583  .00003716  00000+0  26980-3 0  9993
2 40799  73.9249 224.8070 0111185  37.5494 323.3389 14.99399037543329
COSMOS 2251 DEB         
1 40802U 93036BWF 26273.35763762  .00001795  00000+0  23562-3 0  9996
2 40802  74.0386 299.6671 0061440 320.7423  38.9305 14.79822559687203
COSMOS 2251 DEB         
1 40803U 93036BWG 26269.60310449  .00000874  00000+0  22021-3 0  9996
2 40803  74.0102 228.7024 0032165  11.3200 348.8677 14.52403944629310
COSMOS 2251 DEB         
1 40808U 93036BWM 26273.51909700  .00002572  00000+0  41783-3 0  9993
2 40808  74.0395 299.9870 0011801 271.1205 239.2867 14.71628337679060
COSMOS 2251 DEB         
1 40810U 93036BWP 26274.33253008  .00001496  00000+0  31551-3 0  9996
2 40810  74.0332 236.7122 0019546 304.3283  55.6032 14.60252164659524
COSMOS 2251 DEB         
1 46271U 93036BWT 26273.66759046  .00000538  00000+0  13901-3 0  9996
2 46271  74.0443 248.8075 0041599 293.5495  66.1299 14.51975931888780
COSMOS 2251 DEB         
1 46430U 93036BWU 26259.48480097  .00006329  00000+0  13987-2 0  9991
2 46430  73.9120 187.8557 0089658  46.9265 313.9357 14.54974250837189
COSMOS 2251 DEB         
1 46432U 93036BWW 26273.56934809  .00000026  00000+0  44954-4 0  9991
2 46432  73.8739  11.2924 0471615  79.0861 301.0578 13.36972849708665
COSMOS 2251 DEB         
1 47045U 93036BWZ 26273.43506102  .00000081  00000+0  34586-4 0  9990
2 47045  74.0599 331.8216 0028496  38.3344 335.0637 14.39024252120017
COSMOS 2251 DEB         
1 47048U 93036BXC 26274.35072720  .00001883  00000+0  39739-3 0  9994
2 47048  73.9758 124.1195 0129162 241.6491 294.3048 14.55067766639426
COSMOS 2251 DEB         
1 47051U 93036BXF 26268.22428162  .00001245  00000+0  99312-3 0  9997
2 47051  74.0980  74.9811 0341565 121.4512  52.2255 13.67921555638548
COSMOS 2251 DEB         
1 47052U 93036BXG 26273.07131082  .00000326  00000+0  11917-3 0  9993
2 47052  74.0501 166.1401 0059310 170.5632 256.3665 14.35864999659706
COSMOS 2251 DEB         
1 47053U 93036BXH 26258.44354346  .00000439  00000+0  38508-3 0  9998
2 47053  74.0603 165.8997 0378198 278.2241 204.1965 13.60254609326507
COSMOS 2251 DEB         
1 47062U 93036BXS 26269.44909323  .00001104  00000+0  84218-3 0  9990
2 47062  74.0819 323.3547 0323876  21.8360 352.8834 13.72630001595494
COSMOS 2251 DEB         
1 47067U 93036BXX 26268.55835971  .00010466  00000+0  30606-2 0  9995
2 47067  74.2054 343.2900 0160344 115.2730 312.3819 14.36808777741680
COSMOS 2251 DEB         
1 47068U 93036BXY 26274.00034182  .00001416  00000+0  33489-3 0  9996
2 47068  74.0255  10.5037 0017794  24.1103 336.0889 14.54966635660058
COSMOS 2251 DEB         
1 47069U 93036BXZ 26269.59056365  .00016776  00000+0  17077-2 0  9991
2 47069  74.0077 259.1885 0006049 233.6513 126.4111 14.90714095767740
COSMOS 2251 DEB         
1 47074U 93036BYE 26273.96069767  .00002347  00000+0  70027-3 0  9997
2 47074  74.0897 132.9432 0139330  86.5747 338.4638 14.38060787 68800
COSMOS 2251 DEB         
1 47116U 93036BYJ 26270.56143146  .00023613  00000+0  13324-2 0  9996
2 47116  74.0251   7.5912 0017896  28.8532 342.1433 15.12937594638590
COSMOS 2251 DEB         
1 47119U 93036BYM 26272.84684206  .00010869  00000+0  18663-2 0  9999
2 47119  74.0849 316.6951 0093790 271.4859 212.8741 14.65873569644587
COSMOS 2251 DEB         
1 53093U 93036BYP 26274.27466419  .00000803  00000+0  24640-3 0  9990
2 53093  74.0329 118.6089 0020540 131.3964 228.8963 14.43113679219445
IRIDIUM 33              
1 24946U 97051C   26274.34004519  .00000141  00000+0  42507-4 0  9991
2 24946  86.3844 305.4118 0007351 355.5155   4.5975 14.35181968520314
IRIDIUM 33 DEB          
1 33773U 97051L   26274.09465528  .00000441  00000+0  12366-3 0  9994
2 33773  86.3969 296.6708 0008844 264.2725  95.7468 14.43777090925654
IRIDIUM 33 DEB          
1 33775U 97051N   26274.51627103  .00000634  00000+0  18645-3 0  9992
2 33775  86.3576 284.4843 0010273 275.6531 240.3346 14.42212149923597
IRIDIUM 33 DEB          
1 33776U 97051P   26274.09962801  .00000336  00000+0  10316-3 0  9999
2 33776  86.4039 317.9719 0012878 324.7516  64.5356 14.38640841922853
IRIDIUM 33 DEB          
1 33777U 97051Q   26274.41378379  .00001852  00000+0  40414-3 0  9993
2 33777  86.3717 267.6853 0006669   9.4137 350.7195 14.57373036927949
IRIDIUM 33 DEB          
1 33850U 97051T   26274.45071042  .00000785  00000+0  22916-3 0  9997
2 33850  86.3353 264.2258 0009314 286.1176 226.3557 14.42860733923727
IRIDIUM 33 DEB          
1 33853U 97051W   26274.60887823  .00001274  00000+0  70049-3 0  9993
2 33853  85.9995 221.2578 0213696  57.4376  65.2226 14.00010914894425
IRIDIUM 33 DEB          
1 33860U 97051AD  26274.39615507  .00003318  00000+0  53532-3 0  9994
2 33860  86.3775 257.2044 0011072  58.2237  95.4916 14.71116375930204
IRIDIUM 33 DEB          
1 33862U 97051AF  26274.48659118  .00001821  00000+0  26693-3 0  9997
2 33862  86.4043 267.8091 0050345 129.0747  28.6143 14.74111639931317
IRIDIUM 33 DEB          
1 33866U 97051AK  26274.43134985  .00001080  00000+0  41150-3 0  9998
2 33866  86.3049 329.0611 0109389 299.5586  72.1673 14.26831968909826
IRIDIUM 33 DEB          
1 33870U 97051AP  26274.51108003  .00000989  00000+0  26570-3 0  9990
2 33870  86.3699 292.6395 0018118 291.3385 220.8965 14.47100815923692
IRIDIUM 33 DEB          
1 33881U 97051BA  26274.62196756  .00003573  00000+0  66959-3 0  9993
2 33881  86.3866 338.5772 0053181 257.0181 257.3347 14.63626306917756
IRIDIUM 33 DEB          
1 33884U 97051BD  26274.39142069  .00005287  00000+0  62250-3 0  9992
2 33884  86.3640 236.7704 0012714  20.8447 133.8663 14.84583823931801
IRIDIUM 33 DEB          
1 33886U 97051BF  26274.34951801  .00000231  00000+0  72041-4 0  9995
2 33886  86.3802 304.0635 0014433  18.2596 352.4646 14.36326886922521
IRIDIUM 33 DEB          
1 33887U 97051BG  26274.36519584  .00000252  00000+0  77741-4 0  9991
2 33887  86.3024 237.2548 0006863  22.5940 129.3116 14.37450794923685
IRIDIUM 33 DEB          
1 33953U 97051BN  26274.48798569  .00001630  00000+0  35264-3 0  9994
2 33953  86.3798 286.4673 0015895 185.0064 327.5355 14.57605952925655
IRIDIUM 33 DEB          
1 33960U 97051BV  26274.42484259  .00006816  00000+0  59852-3 0  9994
2 33960  86.2563 150.0987 0003188  98.2825  76.4125 14.96442136932310
IRIDIUM 33 DEB          
1 33966U 97051CB  26274.30544248  .00000883  00000+0  21992-3 0  9994
2 33966  86.3861 280.3650 0005679 319.5950  52.9431 14.50612148926827
IRIDIUM 33 DEB          
1 34071U 97051CE  26274.36545253  .00001088  00000+0  27223-3 0  9996
2 34071  86.3406 250.4730 0006177 191.9859 168.1200 14.50639146925753
IRIDIUM 33 DEB          
1 34077U 97051CL  26274.48617332  .00003248  00000+0  54901-3 0  9996
2 34077  86.3795 282.0309 0012038  98.7071  52.9446 14.69064060926251
IRIDIUM 33 DEB          
1 34079U 97051CN  26274.39860652  .00007932  00000+0  78389-3 0  9993
2 34079  86.3731 234.4697 0009258  41.9186 117.9191 14.91772028933309
IRIDIUM 33 DEB          
1 34088U 97051CX  26274.37406424  .00021548  00000+0  13161-2 0  9999
2 34088  86.3641 253.9208 0006505 140.1073  19.1826 15.10166356931323
IRIDIUM 33 DEB          
1 34091U 97051DA  26274.29074061  .00020779  00000+0  16223-2 0  9999
2 34091  86.3421 290.7193 0022261 336.6508  23.3711 15.00827656922301
IRIDIUM 33 DEB          
1 34097U 97051DG  26274.15174585  .00001970  00000+0  63989-3 0  9996
2 34097  86.1977 232.0768 0082121 123.8775 237.0270 14.36473435913158
IRIDIUM 33 DEB          
1 34145U 97051DY  26274.23730014  .00001523  00000+0  43266-3 0  9994
2 34145  86.2159 202.0236 0049832 206.2937 153.5734 14.44081820918570
IRIDIUM 33 DEB          
1 34146U 97051DZ  26274.38238264  .00001877  00000+0  47177-3 0  9998
2 34146  86.2839 220.3156 0025664 335.8044 148.9757 14.50596462923473
IRIDIUM 33 DEB          
1 34159U 97051EN  26274.30519808  .00000538  00000+0  16676-3 0  9993
2 34159  86.3451 283.4505 0029410  49.9193 310.4577 14.39097114921669
IRIDIUM 33 DEB          
1 34350U 97051ES  26274.38174170  .00000690  00000+0  18758-3 0  9995
2 34350  86.3257 235.7261 0018608 245.9479 267.7579 14.46033841925213
IRIDIUM 33 DEB          
1 34366U 97051FJ  26274.01175419  .00001761  00000+0  39142-3 0  9999
2 34366  86.3630 281.9010 0017648 231.0775 158.5880 14.56413406924332
IRIDIUM 33 DEB          
1 34375U 97051FT  26273.93583247  .00000490  00000+0  21806-3 0  9997
2 34375  86.4261  64.8034 0099574 278.3149 212.9941 14.18454465908539
IRIDIUM 33 DEB          
1 34376U 97051FU  26274.37435944  .00004220  00000+0  74200-3 0  9998
2 34376  86.2939 234.3130 0020932 250.1192 109.7766 14.67298937922920
IRIDIUM 33 DEB          
1 34486U 97051GB  26274.37202021  .00020142  00000+0  11168-2 0  9992
2 34486  86.3770 234.6598 0009784 107.3430  45.1353 15.13634428933880
IRIDIUM 33 DEB          
1 34487U 97051GC  26273.37767626  .00000338  00000+0  93578-4 0  9991
2 34487  86.3395 246.7625 0028622 244.2140 271.6090 14.43572894924558
IRIDIUM 33 DEB          
1 34492U 97051GH  26274.58596242  .00007940  00000+0  25389-2 0  9994
2 34492  86.4710 215.7257 0180946  13.6101 111.2455 14.30570003892392
IRIDIUM 33 DEB          
1 34497U 97051GN  26274.51159664  .00000710  00000+0  26708-3 0  9990
2 34497  86.2724 287.2555 0080999 113.8519  37.7527 14.28278000910615
IRIDIUM 33 DEB          
1 34508U 97051GZ  26274.13459392  .00001378  00000+0  42126-3 0  9995
2 34508  86.3733 338.4691 0060965 292.0797  67.3935 14.40130903915157
IRIDIUM 33 DEB          
1 34521U 97051HN  26274.42295344  .00002327  00000+0  41600-3 0  9998
2 34521  86.3735 261.2779 0003856  31.8009 328.3437 14.66508904927580
IRIDIUM 33 DEB          
1 34525U 97051HS  26274.49450017  .00000538  00000+0  15315-3 0  9995
2 34525  86.3669 281.8316 0004154 172.6814 339.4081 14.43524389923107
IRIDIUM 33 DEB          
1 34529U 97051HW  26274.01534787  .00000259  00000+0  74418-4 0  9994
2 34529  86.3574 270.7822 0003831 347.8223  12.2883 14.40941151923503
IRIDIUM 33 DEB          
1 34538U 97051JF  26273.40071219  .00001327  00000+0  37989-3 0  9990
2 34538  86.2739 237.6163 0037488  79.0487  77.0506 14.43935325919635
IRIDIUM 33 DEB          
1 34540U 97051JH  26274.49506670  .00003994  00000+0  51615-3 0  9991
2 34540  86.3134 173.1413 0011394 226.3903 308.6396 14.80666357933462
IRIDIUM 33 DEB          
1 34648U 97051JZ  26273.67356851  .00001906  00000+0  84753-3 0  9993
2 34648  86.3980 163.7654 0167518  96.4760 265.5528 14.15220260890860
IRIDIUM 33 DEB          
1 34651U 97051KC  26274.25421156  .00001884  00000+0  67042-3 0  9990
2 34651  86.2843  15.5838 0128931 341.6037  18.0513 14.29303926900703
IRIDIUM 33 DEB          
1 34652U 97051KD  26274.15585714  .00001858  00000+0  34678-3 0  9991
2 34652  86.3339 209.5340 0029150  21.5020  43.6702 14.64181030927608
IRIDIUM 33 DEB          
1 34690U 97051KM  26274.47851560  .00002078  00000+0  46244-3 0  9990
2 34690  86.3717 269.6157 0011745 101.3962  52.2801 14.56485275923539
IRIDIUM 33 DEB          
1 34696U 97051KT  26274.20640742  .00015161  00000+0  18480-2 0  9992
2 34696  86.1783 249.1867 0044440 229.4304 142.8860 14.82574443909841
IRIDIUM 33 DEB          
1 34765U 97051LJ  26274.44173758  .00000650  00000+0  19545-3 0  9994
2 34765  86.3330 267.0825 0015395 342.1956 169.2545 14.41121004918281
IRIDIUM 33 DEB          
1 34833U 97051MH  26274.02889667  .00001214  00000+0  28304-3 0  9997
2 34833  86.3872 284.8576 0018737 187.3737 201.3050 14.53923886919604
IRIDIUM 33 DEB          
1 34870U 97051MQ  26273.51458627  .00003561  00000+0  45137-3 0  9999
2 34870  86.3148 179.8669 0012916 255.7443 226.3924 14.81428064932245
IRIDIUM 33 DEB          
1 34896U 97051MY  26274.55855388  .00001941  00000+0  32832-3 0  9995
2 34896  86.3337 195.0796 0023299 297.0891 184.4397 14.68685854919145
IRIDIUM 33 DEB          
1 34926U 97051NF  26274.34581289  .00008952  00000+0  16311-2 0  9994
2 34926  86.1315 231.2672 0073621  25.2567 125.8873 14.64176622907277
IRIDIUM 33 DEB          
1 34985U 97051NR  26274.54325187  .00000835  00000+0  24290-3 0  9992
2 34985  86.3648 291.8747 0020089 343.4820 171.9867 14.43037953913963
IRIDIUM 33 DEB          
1 35051U 97051NX  26273.66100932  .00001072  00000+0  27897-3 0  9998
2 35051  86.3210 241.4591 0007369 177.0103 183.1147 14.48743377912214
IRIDIUM 33 DEB          
1 35052U 97051NY  26274.39726021  .00000309  00000+0  94208-4 0  9996
2 35052  86.3256 254.9655 0010673 191.3305 168.7655 14.38799087914831
IRIDIUM 33 DEB          
1 35297U 97051PM  26274.36013978  .00000897  00000+0  24505-3 0  9998
2 35297  86.3827 297.7756 0013501 248.7713 111.2048 14.46234202746548
IRIDIUM 33 DEB          
1 35299U 97051PP  26273.76810250  .00001319  00000+0  38254-3 0  9997
2 35299  86.2821 265.7920 0052560 215.7009 264.4498 14.42906352905399
IRIDIUM 33 DEB          
1 35480U 97051QA  26272.92861571  .00001115  00000+0  27693-3 0  9997
2 35480  86.3508 258.5127 0012049 202.2801 157.7882 14.50942901912525
IRIDIUM 33 DEB          
1 35484U 97051QE  26274.08975566  .00036518  00000+0  14144-2 0  9991
2 35484  86.3434 212.5918 0016277 108.1010 252.2010 15.25888856664347
IRIDIUM 33 DEB          
1 35488U 97051QJ  26274.41776394  .00003432  00000+0  36353-3 0  9996
2 35488  86.3279 165.3194 0026418  80.3223 280.0985 14.88569708926132
IRIDIUM 33 DEB          
1 35616U 97051QN  26274.58951790  .00005871  00000+0  62135-3 0  9998
2 35616  86.3547 211.1676 0005098 212.2492 147.8423 14.89002923919235
IRIDIUM 33 DEB          
1 35618U 97051QQ  26265.17735907  .00001068  00000+0  25087-3 0  9994
2 35618  86.3387 229.4160 0029270 141.5350 218.7951 14.53247589695093
IRIDIUM 33 DEB          
1 35620U 97051QS  26274.46810263  .00004616  00000+0  12338-2 0  9994
2 35620  86.3836  93.3897 0127704  15.1682 345.3291 14.43378214641820
IRIDIUM 33 DEB          
1 35625U 97051QX  26272.71116035  .00002576  00000+0  89291-3 0  9997
2 35625  86.1854 255.0961 0102097 339.7910 143.4135 14.32409474702035
IRIDIUM 33 DEB          
1 35628U 97051RA  26274.18385887  .00003143  00000+0  50350-3 0  9991
2 35628  86.3538 238.1340 0013871  49.6090 310.6335 14.71387968907425
IRIDIUM 33 DEB          
1 35631U 97051RD  26274.41317038  .00000547  00000+0  14207-3 0  9990
2 35631  86.3619 254.8627 0014830 218.8923 293.2204 14.47917150914315
IRIDIUM 33 DEB          
1 35680U 97051RJ  26273.21115453  .00002300  00000+0  89134-3 0  9998
2 35680  86.1005 252.1261 0150609  70.4587 304.2253 14.23553226648454
IRIDIUM 33 DEB          
1 35744U 97051RX  26274.05493902  .00002509  00000+0  37408-3 0  9998
2 35744  86.3335 192.9462 0017531 270.4395  89.4814 14.74378265916347
IRIDIUM 33 DEB          
1 35797U 97051SF  26274.51317355  .00005842  00000+0  60018-3 0  9990
2 35797  86.3383 194.5366 0007734 191.4821 168.6231 14.90185739916915
IRIDIUM 33 DEB          
1 35806U 97051SQ  26262.26837131  .00002540  00000+0  52601-3 0  9990
2 35806  86.3385 256.7858 0012544 187.0537 173.0499 14.59868229904140
IRIDIUM 33 DEB          
1 35809U 97051ST  26272.54906762  .00004740  00000+0  60610-3 0  9995
2 35809  86.3302 202.2300 0010695 329.4101  30.6496 14.81150792911051
IRIDIUM 33 DEB          
1 35846U 97051SW  26274.32569180  .00000766  00000+0  21769-3 0  9999
2 35846  86.3703 293.8950 0015369 289.1758  70.7780 14.44099489755508
IRIDIUM 33 DEB          
1 35848U 97051SY  26271.22830222  .00006118  00000+0  71807-3 0  9990
2 35848  86.3849 245.1392 0003692 276.2763  83.8040 14.84792946709785
IRIDIUM 33 DEB          
1 35850U 97051TA  26274.58156081  .00005032  00000+0  58852-3 0  9998
2 35850  86.3503 210.2386 0005157 258.2462 101.8183 14.84901803756959
IRIDIUM 33 DEB          
1 35915U 97051TY  26273.56682328  .00006207  00000+0  67597-3 0  9996
2 35915  86.3445 208.6931 0006310 255.7910 104.2614 14.87850475124164
IRIDIUM 33 DEB          
1 35918U 97051UB  26271.86460941  .00001834  00000+0  43595-3 0  9998
2 35918  86.4000 311.0839 0023115 277.4606 207.6643 14.53238045894188
IRIDIUM 33 DEB          
1 35929U 97051UN  26274.44256988  .00029173  00000+0  10909-2 0  9999
2 35929  86.3408 171.4851 0011962  32.0302 328.1669 15.27133993922107
IRIDIUM 33 DEB          
1 36011U 97051US  26273.28384611  .00000746  00000+0  22054-3 0  9998
2 36011  86.3345 270.1165 0017834 347.4380  69.2285 14.42101856687416
IRIDIUM 33 DEB          
1 36012U 97051UT  26274.04653410  .00006212  00000+0  21463-2 0  9996
2 36012  86.4405 189.3344 0226999  46.7156 315.2722 14.22172184696352
IRIDIUM 33 DEB          
1 36028U 97051VK  26274.44972956  .00012644  00000+0  78357-3 0  9997
2 36028  86.3104 167.2758 0016845  72.6839 287.6240 15.09533531915210
IRIDIUM 33 DEB          
1 36080U 97051VM  26273.17727138  .00001247  00000+0  33305-3 0  9995
2 36080  86.3184 240.8648 0014725 277.3617  82.5913 14.47600272516297
IRIDIUM 33 DEB          
1 36083U 97051VQ  26272.74806268  .00000923  00000+0  26298-3 0  9995
2 36083  86.3368 268.7652 0025651 348.6268  11.4350 14.44102589896485
IRIDIUM 33 DEB          
1 36390U 97051VU  26273.98606017  .00002369  00000+0  33150-3 0  9994
2 36390  86.2925 165.0719 0026884 233.2419 126.6332 14.76899712705713
IRIDIUM 33 DEB          
1 36483U 97051VZ  26274.34058777  .00000807  00000+0  21791-3 0  9995
2 36483  86.3740 287.1599 0007281 227.3314 132.7276 14.46706657693759
IRIDIUM 33 DEB          
1 36490U 97051WG  26274.17319111  .00005485  00000+0  68163-3 0  9997
2 36490  86.3613 237.7330 0005797  91.9956 268.1931 14.82399045908094
IRIDIUM 33 DEB          
1 36493U 97051WK  26273.21438694  .00002704  00000+0  46132-3 0  9995
2 36493  86.3538 241.7281 0013269  71.4488 288.8167 14.68585866787928
IRIDIUM 33 DEB          
1 36497U 97051WP  26263.33961218  .00003656  00000+0  63534-3 0  9996
2 36497  86.1510 121.9785 0042956 237.0931 122.6148 14.67308238697767
IRIDIUM 33 DEB          
1 37136U 97051XG  26274.09288227  .00000877  00000+0  33112-3 0  9995
2 37136  86.1755 208.8697 0077482 124.8928 235.9579 14.28514620686717
IRIDIUM 33 DEB          
1 37548U 97051XH  26271.74467656  .00001994  00000+0  47600-3 0  9994
2 37548  86.3461 276.9525 0021687 303.0844  56.8280 14.53114566697411
IRIDIUM 33 DEB          
1 37550U 97051XK  26273.69526205  .00002943  00000+0  47705-3 0  9990
2 37550  86.3721 253.9926 0003535 134.0976 226.0532 14.70914014906209
IRIDIUM 33 DEB          
1 37562U 97051XX  26274.31884440  .00001848  00000+0  38884-3 0  9992
2 37562  86.3683 275.7332 0023029 189.7895 233.9919 14.58884321905915
IRIDIUM 33 DEB          
1 37565U 97051YA  26259.24325484  .00001399  00000+0  33686-3 0  9994
2 37565  86.3442 248.5460 0010697 222.6008 137.4370 14.52590282698643
IRIDIUM 33 DEB          
1 38017U 97051YD  26274.09399605  .00010962  00000+0  24040-2 0  9992
2 38017  86.3314  38.2103 0079743 205.6473 154.0771 14.55555851656466
IRIDIUM 33 DEB          
1 38022U 97051YJ  26274.19307246  .00001620  00000+0  47179-3 0  9999
2 38022  86.2638 248.1076 0044201 159.5197 200.7789 14.43076109734097
IRIDIUM 33 DEB          
1 38028U 97051YQ  26273.16891783  .00000781  00000+0  20885-3 0  9997
2 38028  86.3255 233.4737 0025426 232.1334 127.7569 14.46900090697088
IRIDIUM 33 DEB          
1 38228U 97051ZC  26272.31150767  .00000472  00000+0  18008-3 0  9996
2 38228  86.2879 284.9000 0062604 336.7580  35.7444 14.27697928889274
IRIDIUM 33 DEB          
1 38241U 97051ZR  26274.11009132  .00001481  00000+0  32907-3 0  9995
2 38241  86.3233 221.4007 0004798 110.3882 249.7841 14.56415435644548
IRIDIUM 33 DEB          
1 38474U 97051AAB 26273.66500349  .00001032  00000+0  25042-3 0  9992
2 38474  86.3386 242.6831 0024497 182.7924 177.3149 14.51815821695522
IRIDIUM 33 DEB          
1 38477U 97051AAE 26272.52544464  .00002472  00000+0  18424-2 0  9999
2 38477  86.4092 357.8599 0398442 113.4531 250.9034 13.62742632586350
IRIDIUM 33 DEB          
1 39777U 97051AAJ 26274.59960698  .00003847  00000+0  74224-3 0  9991
2 39777  85.9581  31.9809 0054823 271.6970  87.7962 14.62289267644588
IRIDIUM 33 DEB          
1 39778U 97051AAK 26274.31918170  .00001808  00000+0  40445-3 0  9993
2 39778  86.3713 275.9828 0009352 111.3889 248.8317 14.56201828649486
IRIDIUM 33 DEB          
1 39781U 97051AAN 26274.36651778  .00002013  00000+0  71150-3 0  9996
2 39781  86.3803 136.9412 0173220  54.7591  70.9451 14.26114005122713
IRIDIUM 33 DEB          
1 40996U 97051ABJ 26258.87718342  .00054324  00000+0  25031-2 0  9993
2 40996  86.3437 229.3184 0010804  95.7832 264.4643 15.20004132666664
IRIDIUM 33 DEB          
1 40998U 97051ABL 26273.83216615  .00000706  00000+0  19291-3 0  9991
2 40998  86.3775 288.8034 0007540 170.7239 313.1336 14.45955331109017
IRIDIUM 33 DEB          
1 46435U 97051ABN 26274.21265969  .00004625  00000+0  11431-2 0  9993
2 46435  86.2745  66.7854 0196676  34.5995 139.6109 14.40766957121194
IRIDIUM 33 DEB          
1 46734U 97051ABR 26274.15332568  .00001665  00000+0  48165-3 0  9994
2 46734  86.2615 234.2617 0041315  85.2610 288.6709 14.43475939672278
IRIDIUM 33 DEB          
1 46965U 97051ABX 26274.28893138  .00001570  00000+0  30751-3 0  9996
2 46965  86.3381 210.7251 0021434  52.9029  98.6390 14.62029989665406
IRIDIUM 33 DEB          
1 46971U 97051ACD 26269.05356433  .00070065  00000+0  33011-2 0  9990
2 46971  86.3136 195.2376 0007836  39.3222 333.1067 15.19190577685618
IRIDIUM 33 DEB          
1 46972U 97051ACE 26269.78483752  .00001152  00000+0  28176-3 0  9994
2 46972  86.3808 275.2855 0007620 207.8236 326.8586 14.51732623657505
IRIDIUM 33 DEB          
1 46974U 97051ACG 26273.93439274  .00003722  00000+0  92133-3 0  9997
2 46974  86.3002 337.0727 0083099 293.1759  66.0707 14.49675265617352
IRIDIUM 33 DEB          
1 46979U 97051ACM 26248.81219839  .00057352  00000+0  23678-2 0  9999
2 46979  86.3134 281.1039 0007714 340.3269  19.7677 15.23765769394466
COSMOS 1408 DEB         
1 50032U 82092RU  26274.55637366  .00002613  00000+0  48223-4 0  9997
2 50032  82.5599 117.6773 0013656 223.0183 137.0001 15.48469595271314
COSMOS 1408 DEB         
1 50058U 82092SW  26274.00259111  .00150054  79617-5  27207-3 0  9990
2 50058  82.5985 116.7085 0005862  76.0263 284.1668 16.01410670274149
COSMOS 1408 DEB         
1 50621U 82092ALR 26274.02672811  .00039175  00000+0  22926-3 0  9991
2 50621  82.5588 125.1924 0016899 132.3126 227.9576 15.77944552268268
